user_id,event_date
100001,2026-02-10
100001,2026-02-11
100001,2026-02-12
100002,2026-01-19
100002,2026-01-21
100002,2026-01-22
100003,2026-01-17
100007,2026-02-06
100008,2026-02-07
100008,2026-02-07
100008,2026-02-07
100011,2026-02-11
100013,2026-02-23
100013,2026-02-23
100013,2026-02-24
100014,2026-01-17
100015,2026-02-04
100016,2026-01-06
100016,2026-01-07
100017,2026-02-10
100021,2026-01-31
100024,2026-01-04
100025,2026-02-23
100027,2026-01-18
100027,2026-01-19
100027,2026-01-22
100029,2026-01-03
100029,2026-01-06
100029,2026-01-07
100030,2026-02-26
100033,2026-03-01
100033,2026-03-02
100035,2026-01-09
100036,2026-01-09
100036,2026-01-10
100036,2026-01-10
100038,2026-02-25
100042,2026-01-18
100042,2026-01-18
100042,2026-01-18
100045,2026-03-07
100047,2026-01-11
100048,2026-02-04
100048,2026-02-08
100049,2026-02-14
100050,2026-01-22
100051,2026-02-02
100051,2026-02-03
100051,2026-02-05
100053,2026-03-01
100057,2026-01-18
100057,2026-01-19
100057,2026-01-20
100058,2026-02-04
100058,2026-02-04
100059,2026-01-20
100064,2026-01-24
100064,2026-01-24
100064,2026-01-25
100065,2026-02-16
100065,2026-02-19
100065,2026-02-19
100067,2026-01-10
100067,2026-01-10
100068,2026-01-07
100068,2026-01-10
100075,2026-01-24
100075,2026-01-24
100075,2026-01-28
100076,2026-01-15
100076,2026-01-19
100076,2026-01-19
100077,2026-02-17
100077,2026-02-18
100077,2026-02-20
100078,2026-01-07
100078,2026-01-11
100079,2026-02-19
100080,2026-01-22
100080,2026-01-23
100081,2026-02-16
100082,2026-01-28
100082,2026-01-29
100083,2026-03-17
100084,2026-02-22
100086,2026-02-19
100087,2026-02-14
100089,2026-01-06
100091,2026-01-06
100091,2026-01-07
100091,2026-01-08
100092,2026-01-12
100092,2026-01-14
100092,2026-01-14
100099,2026-01-11
100099,2026-01-12
100099,2026-01-12
100100,2026-01-22
100100,2026-01-25
100101,2026-01-25
100102,2026-01-05
100102,2026-01-06
100104,2026-02-17
100106,2026-01-02
100106,2026-01-04
100106,2026-01-04
100108,2026-02-02
100108,2026-02-04
100109,2026-02-26
100111,2026-01-25
100111,2026-01-28
100113,2026-01-11
100113,2026-01-13
100114,2026-02-28
100114,2026-03-02
100114,2026-03-02
100115,2026-02-13
100116,2026-02-17
100118,2026-03-01
100118,2026-03-03
100119,2026-02-08
100119,2026-02-10
100120,2026-01-20
100120,2026-01-23
100120,2026-01-24
100121,2026-02-03
100122,2026-02-16
100122,2026-02-17
100122,2026-02-20
100125,2026-02-22
100125,2026-02-24
100126,2026-02-23
100126,2026-02-24
100127,2026-01-30
100127,2026-01-30
100127,2026-01-30
100129,2026-02-02
100129,2026-02-26
100131,2026-02-07
100132,2026-02-21
100133,2026-02-21
100135,2026-02-21
100136,2026-02-05
100136,2026-02-06
100137,2026-01-17
100137,2026-01-18
100139,2026-01-29
100139,2026-01-30
100139,2026-01-31
100140,2026-01-18
100140,2026-01-18
100142,2026-02-28
100142,2026-02-28
100143,2026-01-14
100143,2026-01-14
100143,2026-01-17
100144,2026-01-25
100145,2026-02-14
100146,2026-02-05
100146,2026-02-06
100147,2026-01-20
100147,2026-01-21
100148,2026-02-06
100148,2026-02-24
100150,2026-02-23
100153,2026-02-04
100154,2026-02-16
100154,2026-02-19
100159,2026-01-17
100159,2026-01-18
100161,2026-01-10
100162,2026-01-23
100166,2026-01-20
100166,2026-01-22
100167,2026-01-24
100167,2026-01-24
100167,2026-01-25
100168,2026-01-14
100168,2026-01-15
100168,2026-01-18
100170,2026-02-10
100170,2026-02-12
100171,2026-02-12
100172,2026-02-24
100174,2026-01-18
100174,2026-01-19
100174,2026-01-19
100175,2026-01-14
100176,2026-02-23
100182,2026-01-20
100185,2026-02-05
100185,2026-02-09
100188,2026-02-01
100188,2026-02-04
100188,2026-02-04
100190,2026-02-17
100191,2026-01-19
100192,2026-01-20
100193,2026-01-28
100193,2026-01-30
100193,2026-02-01
100196,2026-02-19
100197,2026-02-21
100198,2026-03-02
100198,2026-03-04
100198,2026-03-05
100199,2026-02-02
100200,2026-02-23
100202,2026-04-02
100204,2026-01-24
100204,2026-01-26
100204,2026-01-26
100205,2026-03-06
100205,2026-03-07
100205,2026-03-29
100206,2026-01-27
100206,2026-02-20
100208,2026-01-04
100208,2026-01-06
100208,2026-01-07
100210,2026-03-10
100211,2026-02-15
100212,2026-01-25
100212,2026-01-27
100213,2026-02-28
100214,2026-02-05
100215,2026-02-23
100215,2026-02-25
100216,2026-03-05
100217,2026-02-20
100217,2026-02-24
100218,2026-01-17
100218,2026-01-19
100218,2026-01-21
100219,2026-01-06
100221,2026-02-24
100221,2026-02-24
100222,2026-02-27
100222,2026-03-01
100222,2026-03-01
100223,2026-02-05
100223,2026-02-05
100225,2026-01-25
100226,2026-01-11
100227,2026-01-19
100227,2026-01-23
100228,2026-01-27
100228,2026-01-30
100232,2026-02-24
100233,2026-03-01
100233,2026-03-02
100234,2026-01-21
100234,2026-01-21
100235,2026-01-12
100235,2026-01-12
100235,2026-01-13
100238,2026-01-07
100238,2026-01-11
100239,2026-01-15
100242,2026-01-24
100242,2026-01-27
100245,2026-02-01
100245,2026-02-03
100245,2026-02-04
100246,2026-01-31
100246,2026-02-01
100246,2026-02-02
100248,2026-02-01
100250,2026-01-25
100250,2026-02-18
100251,2026-01-09
100251,2026-02-09
100252,2026-01-31
100252,2026-01-31
100253,2026-02-20
100253,2026-02-21
100255,2026-01-24
100255,2026-01-25
100255,2026-01-26
100256,2026-02-21
100256,2026-02-22
100256,2026-02-23
100257,2026-02-20
100257,2026-02-25
100257,2026-03-15
100259,2026-01-06
100261,2026-02-15
100263,2026-02-16
100264,2026-02-08
100265,2026-01-14
100265,2026-01-16
100265,2026-01-16
100267,2026-01-16
100267,2026-02-12
100271,2026-01-06
100271,2026-01-06
100271,2026-01-08
100272,2026-03-02
100274,2026-02-04
100274,2026-02-07
100275,2026-02-02
100275,2026-02-02
100275,2026-02-05
100278,2026-01-25
100278,2026-01-29
100278,2026-02-24
100279,2026-01-27
100281,2026-01-14
100282,2026-01-22
100283,2026-01-29
100284,2026-01-18
100284,2026-01-18
100284,2026-01-19
100285,2026-03-02
100286,2026-01-24
100286,2026-01-24
100286,2026-01-25
100287,2026-02-18
100287,2026-02-18
100293,2026-01-29
100293,2026-02-01
100293,2026-02-01
100294,2026-02-25
100295,2026-01-26
100295,2026-01-27
100296,2026-02-25
100296,2026-02-26
100297,2026-02-11
100297,2026-02-13
100297,2026-03-11
100298,2026-02-10
100298,2026-02-12
100298,2026-02-12
100299,2026-01-06
100300,2026-01-10
100300,2026-01-13
100301,2026-02-15
100301,2026-02-16
100304,2026-01-17
100304,2026-01-18
100304,2026-01-19
100305,2026-02-10
100306,2026-01-11
100306,2026-02-14
100308,2026-02-28
100308,2026-03-04
100308,2026-03-29
100309,2026-01-27
100310,2026-03-01
100313,2026-01-13
100315,2026-02-21
100318,2026-01-26
100318,2026-01-28
100319,2026-02-17
100320,2026-01-16
100320,2026-01-16
100321,2026-01-05
100322,2026-01-24
100322,2026-01-24
100325,2026-01-10
100325,2026-01-10
100325,2026-01-12
100326,2026-03-01
100326,2026-03-01
100327,2026-02-14
100330,2026-01-07
100331,2026-01-19
100331,2026-01-21
100333,2026-02-18
100333,2026-02-20
100333,2026-02-21
100335,2026-02-18
100335,2026-02-19
100337,2026-02-08
100340,2026-03-04
100341,2026-02-09
100345,2026-01-12
100345,2026-01-15
100345,2026-01-15
100346,2026-02-13
100346,2026-02-16
100346,2026-02-16
100347,2026-02-21
100348,2026-02-06
100348,2026-02-07
100349,2026-01-04
100349,2026-01-05
100349,2026-01-07
100350,2026-02-04
100350,2026-02-06
100350,2026-02-08
100352,2026-02-27
100354,2026-02-16
100355,2026-02-01
100356,2026-01-05
100356,2026-01-06
100356,2026-01-09
100357,2026-01-09
100357,2026-01-09
100357,2026-01-12
100359,2026-02-12
100360,2026-02-05
100360,2026-02-28
100361,2026-02-17
100361,2026-02-18
100361,2026-02-20
100362,2026-02-26
100362,2026-02-27
100362,2026-03-01
100363,2026-01-11
100363,2026-01-12
100363,2026-01-14
100364,2026-02-03
100364,2026-02-04
100364,2026-03-03
100365,2026-02-16
100366,2026-01-28
100366,2026-01-29
100367,2026-03-25
100369,2026-02-17
100369,2026-02-18
100369,2026-02-19
100370,2026-01-05
100370,2026-01-08
100371,2026-01-07
100371,2026-01-09
100371,2026-01-10
100373,2026-02-11
100374,2026-01-24
100374,2026-01-27
100374,2026-01-27
100378,2026-01-14
100378,2026-01-18
100378,2026-02-10
100379,2026-01-12
100379,2026-01-14
100379,2026-01-15
100381,2026-01-25
100383,2026-01-16
100383,2026-01-18
100383,2026-01-18
100384,2026-02-22
100384,2026-02-23
100384,2026-02-25
100388,2026-01-25
100388,2026-01-27
100389,2026-02-12
100389,2026-02-13
100389,2026-02-15
100390,2026-01-20
100390,2026-01-21
100392,2026-02-27
100392,2026-03-02
100395,2026-01-12
100395,2026-01-12
100395,2026-01-14
100397,2026-02-05
100398,2026-02-11
100398,2026-02-11
100398,2026-02-11
100399,2026-02-04
100403,2026-01-03
100403,2026-02-02
100404,2026-01-18
100404,2026-01-20
100405,2026-03-04
100407,2026-02-02
100407,2026-02-04
100408,2026-01-09
100408,2026-01-10
100408,2026-01-12
100409,2026-02-04
100409,2026-02-05
100410,2026-01-16
100410,2026-01-16
100410,2026-01-20
100411,2026-03-05
100413,2026-03-05
100414,2026-02-24
100414,2026-02-24
100417,2026-01-06
100417,2026-01-06
100418,2026-01-15
100419,2026-02-04
100419,2026-02-06
100419,2026-02-22
100420,2026-02-03
100420,2026-02-04
100420,2026-02-07
100422,2026-02-18
100422,2026-02-19
100422,2026-02-21
100423,2026-01-15
100424,2026-01-14
100424,2026-01-15
100425,2026-01-22
100425,2026-01-22
100425,2026-01-22
100428,2026-02-11
100428,2026-02-12
100428,2026-02-13
100429,2026-02-27
100430,2026-02-26
100430,2026-03-01
100430,2026-03-02
100431,2026-03-02
100431,2026-03-02
100431,2026-03-03
100432,2026-01-05
100432,2026-01-06
100433,2026-02-24
100433,2026-02-26
100433,2026-02-26
100434,2026-02-03
100434,2026-02-21
100435,2026-01-11
100435,2026-01-14
100435,2026-01-14
100437,2026-01-29
100440,2026-02-26
100444,2026-02-23
100445,2026-01-10
100445,2026-01-12
100446,2026-02-11
100446,2026-02-12
100446,2026-02-12
100447,2026-01-28
100450,2026-01-29
100450,2026-01-30
100450,2026-02-01
100451,2026-02-13
100451,2026-03-11
100452,2026-01-31
100453,2026-01-15
100454,2026-01-09
100455,2026-02-27
100456,2026-02-14
100456,2026-03-14
100457,2026-01-21
100457,2026-02-15
100459,2026-01-15
100460,2026-02-22
100460,2026-02-23
100464,2026-02-12
100464,2026-02-12
100468,2026-02-07
100468,2026-02-08
100468,2026-02-10
100469,2026-02-04
100469,2026-02-04
100469,2026-02-05
100470,2026-01-28
100470,2026-01-28
100473,2026-01-21
100475,2026-02-11
100476,2026-02-28
100476,2026-03-01
100477,2026-01-04
100478,2026-01-28
100478,2026-01-29
100478,2026-01-31
100479,2026-01-29
100480,2026-03-02
100481,2026-02-26
100482,2026-01-06
100483,2026-01-24
100484,2026-02-08
100484,2026-02-08
100485,2026-01-14
100485,2026-01-18
100488,2026-01-16
100488,2026-01-18
100488,2026-01-19
100489,2026-01-15
100490,2026-02-26
100490,2026-02-26
100490,2026-02-27
100491,2026-02-09
100491,2026-02-11
100491,2026-02-12
100492,2026-01-22
100492,2026-02-19
100493,2026-02-23
100493,2026-02-23
100493,2026-02-25
100500,2026-01-27
100500,2026-01-27
100500,2026-01-29
100501,2026-03-02
100501,2026-03-03
100503,2026-02-11
100504,2026-01-31
100507,2026-01-30
100508,2026-02-02
100508,2026-02-02
100510,2026-02-10
100511,2026-01-28
100515,2026-02-04
100517,2026-02-06
100519,2026-01-12
100519,2026-01-13
100519,2026-01-14
100520,2026-01-23
100520,2026-01-26
100523,2026-01-07
100523,2026-01-09
100523,2026-01-10
100524,2026-02-11
100524,2026-02-12
100524,2026-02-13
100525,2026-02-05
100525,2026-02-06
100527,2026-01-30
100530,2026-02-20
100532,2026-01-07
100532,2026-01-07
100532,2026-01-08
100533,2026-01-14
100533,2026-01-16
100533,2026-01-16
100534,2026-02-09
100534,2026-02-10
100535,2026-02-16
100535,2026-02-20
100536,2026-01-12
100536,2026-01-13
100538,2026-01-30
100538,2026-01-31
100538,2026-01-31
100539,2026-02-11
100539,2026-02-14
100544,2026-02-02
100544,2026-02-03
100544,2026-02-05
100546,2026-02-05
100546,2026-02-07
100547,2026-02-26
100547,2026-02-28
100547,2026-03-02
100548,2026-01-09
100549,2026-01-02
100549,2026-01-05
100549,2026-01-06
100551,2026-01-17
100551,2026-01-19
100551,2026-01-19
100552,2026-01-09
100553,2026-01-16
100553,2026-01-17
100554,2026-02-03
100555,2026-01-31
100555,2026-02-01
100556,2026-02-04
100557,2026-02-15
100559,2026-01-20
100560,2026-02-13
100562,2026-02-02
100563,2026-01-21
100563,2026-01-23
100565,2026-02-20
100565,2026-02-24
100565,2026-02-24
100568,2026-01-03
100568,2026-01-07
100571,2026-01-31
100571,2026-02-01
100572,2026-02-22
100572,2026-03-27
100574,2026-02-04
100574,2026-02-04
100574,2026-02-04
100577,2026-02-18
100577,2026-02-19
100577,2026-02-21
100579,2026-02-13
100586,2026-02-22
100587,2026-01-05
100588,2026-01-30
100589,2026-03-01
100589,2026-03-01
100589,2026-03-02
100591,2026-01-10
100591,2026-01-13
100593,2026-01-14
100593,2026-02-08
100595,2026-02-27
100595,2026-02-27
100595,2026-02-28
100596,2026-01-16
100598,2026-01-13
100598,2026-01-16
100599,2026-02-14
100599,2026-02-15
100599,2026-02-17
100601,2026-01-12
100601,2026-01-12
100601,2026-01-14
100602,2026-01-05
100602,2026-01-06
100603,2026-02-09
100604,2026-02-18
100605,2026-01-06
100605,2026-01-06
100608,2026-03-01
100608,2026-03-03
100608,2026-03-05
100612,2026-02-01
100612,2026-02-03
100613,2026-01-04
100614,2026-01-15
100616,2026-02-17
100616,2026-02-18
100616,2026-02-20
100618,2026-01-06
100618,2026-01-08
100619,2026-02-02
100620,2026-01-28
100620,2026-01-30
100621,2026-01-20
100621,2026-01-28
100621,2026-02-16
100623,2026-02-13
100623,2026-02-14
100623,2026-02-16
100624,2026-01-19
100625,2026-02-16
100625,2026-02-17
100626,2026-01-21
100627,2026-01-23
100627,2026-01-24
100631,2026-03-03
100632,2026-02-24
100633,2026-02-16
100633,2026-02-17
100633,2026-03-16
100634,2026-02-07
100634,2026-02-10
100635,2026-01-14
100635,2026-01-19
100635,2026-02-07
100636,2026-01-28
100636,2026-01-30
100636,2026-02-01
100637,2026-01-24
100637,2026-01-24
100637,2026-01-26
100638,2026-02-13
100639,2026-02-21
100639,2026-02-22
100639,2026-02-24
100641,2026-02-16
100641,2026-02-17
100642,2026-02-15
100642,2026-02-15
100642,2026-03-12
100644,2026-01-24
100644,2026-01-26
100645,2026-02-07
100647,2026-02-02
100647,2026-02-03
100647,2026-02-05
100648,2026-02-12
100649,2026-02-24
100650,2026-02-15
100653,2026-01-23
100653,2026-01-24
100655,2026-01-11
100655,2026-02-14
100657,2026-02-06
100658,2026-01-20
100658,2026-01-21
100659,2026-01-08
100659,2026-01-10
100661,2026-01-24
100661,2026-01-26
100661,2026-01-27
100662,2026-02-25
100662,2026-02-26
100662,2026-02-27
100663,2026-02-17
100663,2026-02-18
100666,2026-02-05
100666,2026-02-07
100670,2026-01-26
100670,2026-01-26
100671,2026-01-05
100671,2026-01-05
100671,2026-01-06
100672,2026-02-02
100672,2026-02-05
100675,2026-02-01
100675,2026-02-02
100676,2026-02-26
100677,2026-01-30
100677,2026-01-30
100678,2026-02-03
100678,2026-02-04
100680,2026-01-27
100681,2026-02-05
100682,2026-02-28
100682,2026-03-01
100683,2026-01-21
100684,2026-01-11
100684,2026-01-15
100684,2026-01-15
100686,2026-02-20
100686,2026-02-21
100688,2026-01-23
100688,2026-01-24
100689,2026-02-14
100691,2026-02-14
100691,2026-02-14
100691,2026-02-14
100692,2026-02-10
100693,2026-01-18
100693,2026-01-21
100694,2026-02-14
100695,2026-02-11
100695,2026-02-15
100695,2026-02-15
100696,2026-02-14
100696,2026-02-15
100697,2026-01-16
100697,2026-01-16
100698,2026-02-28
100698,2026-02-28
100698,2026-03-04
100701,2026-02-10
100702,2026-02-12
100702,2026-02-14
100702,2026-02-15
100703,2026-02-06
100704,2026-01-11
100704,2026-01-12
100705,2026-01-10
100705,2026-01-13
100705,2026-01-13
100710,2026-01-19
100712,2026-02-14
100712,2026-02-18
100714,2026-02-16
100717,2026-01-06
100717,2026-01-06
100717,2026-01-07
100718,2026-01-30
100718,2026-03-02
100720,2026-01-04
100720,2026-01-04
100723,2026-02-14
100724,2026-01-11
100725,2026-01-26
100725,2026-01-26
100725,2026-01-30
100726,2026-01-14
100726,2026-01-15
100726,2026-01-16
100728,2026-02-07
100728,2026-02-07
100728,2026-02-10
100729,2026-01-23
100731,2026-01-24
100731,2026-02-02
100731,2026-02-20
100732,2026-02-11
100733,2026-01-26
100734,2026-01-08
100734,2026-01-08
100737,2026-02-01
100737,2026-02-04
100737,2026-02-05
100740,2026-02-23
100740,2026-03-21
100741,2026-02-04
100741,2026-02-05
100744,2026-01-13
100745,2026-01-13
100745,2026-01-13
100745,2026-01-15
100748,2026-02-02
100750,2026-01-21
100751,2026-03-03
100753,2026-01-14
100753,2026-01-14
100753,2026-01-14
100754,2026-01-26
100755,2026-02-08
100755,2026-02-09
100756,2026-02-07
100757,2026-01-25
100757,2026-01-27
100757,2026-01-29
100759,2026-02-01
100759,2026-02-03
100759,2026-02-05
100760,2026-01-24
100761,2026-02-14
100761,2026-02-14
100761,2026-02-17
100762,2026-02-11
100764,2026-02-27
100764,2026-03-01
100765,2026-02-10
100765,2026-02-11
100768,2026-01-13
100768,2026-01-16
100768,2026-01-17
100769,2026-02-20
100769,2026-02-21
100771,2026-01-29
100771,2026-01-31
100771,2026-01-31
100772,2026-02-23
100772,2026-02-24
100772,2026-02-24
100773,2026-01-23
100773,2026-01-24
100774,2026-02-24
100774,2026-02-28
100778,2026-03-01
100778,2026-03-01
100779,2026-01-08
100779,2026-01-09
100779,2026-01-30
100782,2026-03-03
100783,2026-02-27
100783,2026-02-28
100783,2026-03-02
100784,2026-02-24
100784,2026-02-26
100786,2026-03-04
100787,2026-02-14
100787,2026-02-16
100788,2026-02-19
100788,2026-02-19
100788,2026-02-20
100793,2026-01-12
100794,2026-01-22
100794,2026-01-23
100795,2026-01-17
100796,2026-03-02
100797,2026-02-08
100797,2026-02-11
100798,2026-01-16
100798,2026-01-23
100798,2026-02-08
100799,2026-02-28
100800,2026-02-20
100800,2026-02-22
100801,2026-02-05
100801,2026-02-08
100801,2026-02-09
100802,2026-02-24
100802,2026-03-15
100803,2026-02-14
100804,2026-02-21
100804,2026-02-25
100805,2026-01-07
100808,2026-02-13
100808,2026-02-14
100809,2026-02-15
100809,2026-02-15
100809,2026-02-16
100811,2026-03-03
100811,2026-03-26
100813,2026-01-31
100813,2026-02-01
100813,2026-02-02
100814,2026-01-17
100814,2026-01-19
100814,2026-01-20
100817,2026-02-10
100817,2026-02-15
100817,2026-03-04
100820,2026-01-03
100820,2026-01-03
100821,2026-01-28
100821,2026-01-31
100822,2026-02-11
100822,2026-03-16
100823,2026-02-05
100823,2026-02-05
100823,2026-02-07
100824,2026-01-26
100824,2026-01-27
100824,2026-01-27
100825,2026-02-04
100827,2026-02-25
100829,2026-02-15
100831,2026-01-31
100832,2026-02-06
100833,2026-02-13
100835,2026-01-14
100835,2026-01-17
100836,2026-02-15
100840,2026-02-28
100840,2026-02-28
100840,2026-03-03
100841,2026-02-05
100841,2026-02-08
100841,2026-02-09
100842,2026-01-11
100842,2026-01-13
100846,2026-01-10
100847,2026-01-24
100847,2026-01-25
100847,2026-01-27
100849,2026-01-10
100849,2026-01-10
100849,2026-01-11
100851,2026-02-18
100851,2026-02-20
100851,2026-02-20
100852,2026-01-31
100852,2026-02-02
100852,2026-02-03
100853,2026-02-12
100853,2026-02-13
100853,2026-02-14
100854,2026-02-06
100855,2026-02-23
100855,2026-02-26
100855,2026-02-27
100857,2026-01-25
100857,2026-01-26
100858,2026-02-13
100860,2026-02-15
100860,2026-02-18
100860,2026-02-19
100861,2026-02-12
100862,2026-01-27
100863,2026-01-16
100863,2026-02-12
100864,2026-01-23
100866,2026-01-26
100866,2026-01-26
100868,2026-01-12
100868,2026-01-13
100868,2026-01-14
100869,2026-02-01
100870,2026-02-26
100870,2026-02-27
100871,2026-01-28
100871,2026-01-29
100871,2026-01-30
100872,2026-01-18
100873,2026-01-22
100873,2026-01-23
100874,2026-02-08
100874,2026-02-08
100874,2026-02-10
100875,2026-01-13
100875,2026-01-13
100877,2026-01-17
100879,2026-02-12
100881,2026-01-16
100882,2026-02-23
100882,2026-02-23
100882,2026-02-24
100884,2026-01-20
100886,2026-02-12
100886,2026-02-13
100886,2026-02-16
100887,2026-01-21
100889,2026-01-19
100889,2026-02-19
100891,2026-02-23
100892,2026-01-02
100892,2026-01-04
100893,2026-01-31
100893,2026-02-03
100893,2026-02-04
100895,2026-02-20
100895,2026-02-20
100895,2026-02-21
100898,2026-03-18
100899,2026-01-18
100899,2026-01-19
100899,2026-01-21
100900,2026-02-15
100900,2026-02-19
100901,2026-02-20
100901,2026-02-21
100903,2026-02-23
100903,2026-02-26
100904,2026-01-09
100905,2026-01-28
100908,2026-02-16
100908,2026-02-16
100911,2026-01-31
100911,2026-02-03
100912,2026-01-13
100912,2026-01-13
100917,2026-02-10
100919,2026-03-01
100919,2026-03-02
100921,2026-01-22
100922,2026-01-27
100922,2026-01-28
100926,2026-02-24
100926,2026-02-25
100926,2026-03-18
100927,2026-02-06
100929,2026-02-25
100929,2026-02-26
100929,2026-02-28
100930,2026-02-26
100930,2026-02-27
100930,2026-03-01
100932,2026-02-07
100932,2026-02-11
100933,2026-02-18
100934,2026-01-17
100934,2026-01-17
100936,2026-02-12
100936,2026-02-12
100936,2026-02-15
100937,2026-02-06
100938,2026-02-22
100938,2026-02-25
100939,2026-01-16
100939,2026-01-19
100939,2026-01-20
100942,2026-01-25
100943,2026-02-20
100943,2026-02-20
100943,2026-02-22
100946,2026-02-26
100946,2026-02-27
100946,2026-02-27
100948,2026-02-21
100948,2026-02-21
100950,2026-01-22
100950,2026-01-28
100950,2026-02-15
100951,2026-02-06
100951,2026-02-09
100951,2026-02-10
100953,2026-01-26
100953,2026-01-30
100957,2026-02-02
100957,2026-02-03
100959,2026-02-15
100960,2026-02-27
100960,2026-02-28
100962,2026-01-11
100964,2026-03-05
100965,2026-01-22
100967,2026-01-07
100967,2026-01-08
100968,2026-02-11
100970,2026-01-13
100970,2026-01-14
100970,2026-01-15
100972,2026-02-17
100972,2026-02-21
100973,2026-01-31
100973,2026-02-02
100974,2026-02-10
100975,2026-02-02
100975,2026-02-04
100976,2026-02-22
100976,2026-03-18
100977,2026-03-02
100977,2026-03-04
100977,2026-03-04
100978,2026-02-09
100978,2026-02-11
100979,2026-01-13
100979,2026-01-17
100982,2026-01-23
100982,2026-01-25
100983,2026-02-19
100983,2026-02-22
100983,2026-02-23
100984,2026-01-09
100984,2026-01-09
100984,2026-01-11
100985,2026-01-23
100987,2026-01-31
100988,2026-02-02
100988,2026-02-04
100989,2026-01-29
100989,2026-01-29
100990,2026-03-04
100991,2026-03-29
100993,2026-03-31
100994,2026-01-18
100994,2026-01-19
100995,2026-01-23
100995,2026-01-25
100995,2026-01-27
100997,2026-01-23
100997,2026-01-26
100999,2026-02-19
100999,2026-02-22
101001,2026-01-17
101001,2026-01-19
101002,2026-03-01
101003,2026-02-17
101003,2026-02-20
101003,2026-02-20
101004,2026-01-11
101004,2026-01-12
101004,2026-01-14
101005,2026-02-16
101005,2026-02-17
101006,2026-01-31
101006,2026-02-01
101007,2026-02-27
101007,2026-02-28
101007,2026-02-28
101010,2026-03-21
101011,2026-02-18
101011,2026-02-18
101012,2026-01-23
101012,2026-01-25
101013,2026-01-24
101013,2026-01-24
101015,2026-02-14
101016,2026-03-02
101018,2026-02-02
101018,2026-02-04
101019,2026-02-25
101020,2026-01-02
101020,2026-01-03
101021,2026-01-24
101021,2026-01-25
101022,2026-01-24
101022,2026-01-26
101022,2026-01-28
101024,2026-02-09
101026,2026-02-14
101026,2026-02-15
101026,2026-02-17
101027,2026-01-22
101027,2026-01-22
101028,2026-02-09
101028,2026-02-11
101028,2026-02-12
101029,2026-02-09
101029,2026-02-10
101036,2026-02-05
101036,2026-02-06
101036,2026-02-07
101037,2026-02-26
101037,2026-02-28
101037,2026-03-01
101038,2026-01-25
101038,2026-01-25
101041,2026-01-20
101041,2026-01-22
101043,2026-01-21
101043,2026-01-22
101043,2026-01-23
101044,2026-02-19
101044,2026-02-19
101044,2026-02-22
101045,2026-01-08
101045,2026-01-09
101045,2026-01-11
101046,2026-01-06
101047,2026-01-30
101048,2026-02-17
101048,2026-02-18
101053,2026-02-11
101053,2026-02-12
101053,2026-02-15
101056,2026-01-07
101057,2026-02-23
101057,2026-02-25
101057,2026-02-25
101059,2026-01-09
101060,2026-02-17
101061,2026-02-18
101061,2026-02-18
101062,2026-01-15
101062,2026-01-16
101063,2026-02-15
101065,2026-01-02
101065,2026-01-03
101065,2026-01-04
101067,2026-02-19
101067,2026-02-21
101067,2026-02-23
101068,2026-02-20
101068,2026-02-21
101068,2026-02-21
101071,2026-02-26
101071,2026-02-27
101071,2026-02-28
101073,2026-01-25
101073,2026-01-28
101074,2026-01-16
101074,2026-01-17
101075,2026-02-16
101075,2026-02-17
101075,2026-02-17
101082,2026-02-23
101082,2026-02-25
101082,2026-02-26
101084,2026-01-19
101084,2026-01-22
101084,2026-01-22
101087,2026-01-27
101087,2026-01-29
101087,2026-01-30
101089,2026-01-19
101089,2026-01-25
101089,2026-02-19
101092,2026-01-19
101092,2026-01-25
101092,2026-02-20
101093,2026-01-04
101093,2026-01-05
101094,2026-01-08
101094,2026-01-11
101096,2026-02-15
101096,2026-02-15
101096,2026-02-16
101097,2026-02-27
101097,2026-02-28
101097,2026-02-28
101100,2026-01-30
101100,2026-01-31
101102,2026-03-02
101102,2026-03-03
101102,2026-03-04
101103,2026-02-12
101104,2026-03-02
101104,2026-03-03
101106,2026-02-06
101106,2026-02-08
101106,2026-02-09
101107,2026-02-20
101108,2026-01-07
101108,2026-01-08
101108,2026-01-11
101110,2026-03-01
101110,2026-03-01
101111,2026-01-13
101111,2026-01-15
101113,2026-02-01
101114,2026-02-22
101117,2026-01-28
101117,2026-01-31
101118,2026-03-18
101119,2026-01-15
101120,2026-02-06
101122,2026-02-09
101123,2026-01-12
101123,2026-01-14
101124,2026-02-05
101128,2026-02-08
101129,2026-01-07
101129,2026-01-09
101130,2026-02-21
101130,2026-02-24
101130,2026-02-24
101131,2026-02-23
101132,2026-02-08
101133,2026-02-20
101133,2026-02-22
101134,2026-01-09
101134,2026-01-10
101134,2026-01-12
101135,2026-02-15
101135,2026-02-15
101135,2026-02-18
101137,2026-01-22
101137,2026-01-26
101141,2026-01-30
101143,2026-02-10
101143,2026-02-12
101145,2026-01-10
101145,2026-01-12
101145,2026-02-09
101147,2026-02-15
101147,2026-02-18
101149,2026-02-21
101149,2026-03-12
101150,2026-02-06
101151,2026-01-30
101151,2026-01-30
101151,2026-01-31
101154,2026-02-26
101154,2026-02-28
101156,2026-02-19
101156,2026-02-19
101157,2026-01-20
101157,2026-01-20
101157,2026-01-23
101161,2026-02-04
101161,2026-02-04
101161,2026-02-06
101162,2026-01-26
101162,2026-01-26
101162,2026-01-27
101163,2026-02-06
101163,2026-02-09
101164,2026-03-18
101165,2026-02-12
101165,2026-02-16
101166,2026-02-06
101166,2026-02-07
101166,2026-02-10
101167,2026-01-24
101167,2026-01-25
101168,2026-01-08
101168,2026-01-08
101168,2026-01-09
101169,2026-01-31
101169,2026-01-31
101169,2026-02-16
101170,2026-01-10
101170,2026-01-10
101175,2026-02-10
101175,2026-02-12
101175,2026-02-13
101179,2026-01-15
101180,2026-03-01
101181,2026-01-14
101181,2026-01-15
101181,2026-01-16
101183,2026-02-11
101183,2026-02-11
101188,2026-02-08
101188,2026-02-09
101188,2026-02-10
101190,2026-02-05
101190,2026-02-07
101190,2026-02-08
101191,2026-02-21
101192,2026-02-05
101194,2026-01-26
101195,2026-03-19
101196,2026-03-01
101196,2026-03-02
101197,2026-02-16
101198,2026-02-10
101198,2026-02-10
101198,2026-02-10
101199,2026-01-26
101199,2026-01-28
101199,2026-01-28
101200,2026-01-26
101200,2026-02-12
101201,2026-01-28
101202,2026-01-23
101202,2026-01-23
101202,2026-01-25
101205,2026-02-24
101205,2026-03-02
101205,2026-03-23
101207,2026-02-07
101209,2026-01-07
101209,2026-01-08
101209,2026-01-09
101214,2026-02-13
101214,2026-02-13
101214,2026-02-16
101215,2026-02-24
101215,2026-02-25
101215,2026-02-27
101217,2026-02-09
101217,2026-02-13
101218,2026-01-07
101218,2026-01-08
101218,2026-01-30
101222,2026-01-23
101223,2026-02-19
101223,2026-02-19
101223,2026-02-20
101224,2026-01-16
101224,2026-01-20
101224,2026-01-20
101225,2026-01-27
101225,2026-01-27
101226,2026-02-27
101226,2026-02-28
101226,2026-03-02
101227,2026-02-01
101227,2026-02-04
101227,2026-02-04
101228,2026-02-27
101228,2026-03-01
101233,2026-02-08
101234,2026-01-09
101234,2026-01-11
101238,2026-02-08
101239,2026-01-07
101239,2026-01-08
101239,2026-01-09
101241,2026-02-06
101241,2026-02-07
101244,2026-02-02
101245,2026-01-04
101245,2026-01-07
101246,2026-01-28
101246,2026-01-28
101249,2026-01-15
101249,2026-01-19
101251,2026-02-03
101251,2026-02-05
101252,2026-02-14
101252,2026-03-15
101253,2026-02-02
101253,2026-02-04
101262,2026-01-29
101263,2026-02-28
101263,2026-03-02
101265,2026-02-20
101265,2026-03-15
101266,2026-01-05
101267,2026-01-20
101267,2026-01-24
101267,2026-01-24
101269,2026-01-06
101269,2026-01-10
101270,2026-02-19
101271,2026-02-24
101271,2026-02-24
101271,2026-03-19
101272,2026-02-11
101272,2026-02-11
101275,2026-01-30
101275,2026-01-30
101276,2026-01-17
101276,2026-01-19
101277,2026-02-13
101278,2026-01-08
101278,2026-01-10
101278,2026-01-11
101280,2026-02-21
101280,2026-02-23
101280,2026-02-25
101281,2026-02-25
101282,2026-01-29
101282,2026-01-29
101282,2026-01-29
101283,2026-02-16
101284,2026-02-22
101285,2026-02-25
101286,2026-01-19
101286,2026-01-19
101286,2026-01-20
101287,2026-02-07
101287,2026-02-10
101287,2026-02-10
101288,2026-02-05
101289,2026-02-07
101289,2026-02-07
101289,2026-02-10
101290,2026-01-15
101291,2026-02-10
101295,2026-02-24
101295,2026-02-26
101295,2026-02-28
101296,2026-01-30
101296,2026-01-31
101296,2026-02-02
101298,2026-03-02
101298,2026-03-02
101299,2026-01-03
101299,2026-01-04
101299,2026-01-06
101300,2026-02-16
101300,2026-02-16
101300,2026-02-17
101302,2026-01-10
101302,2026-01-11
101302,2026-01-12
101304,2026-01-29
101305,2026-02-05
101307,2026-02-24
101307,2026-02-28
101307,2026-02-28
101309,2026-02-07
101311,2026-02-28
101311,2026-03-03
101315,2026-01-13
101315,2026-02-11
101316,2026-02-20
101319,2026-01-16
101319,2026-01-17
101322,2026-01-06
101323,2026-02-16
101324,2026-01-10
101324,2026-01-10
101324,2026-01-12
101325,2026-01-19
101325,2026-01-20
101326,2026-02-13
101326,2026-02-15
101327,2026-02-14
101327,2026-02-16
101330,2026-01-26
101330,2026-01-27
101331,2026-01-03
101331,2026-01-05
101333,2026-02-04
101333,2026-02-05
101334,2026-02-04
101335,2026-01-09
101335,2026-01-10
101335,2026-01-12
101336,2026-02-01
101336,2026-02-05
101339,2026-02-22
101339,2026-02-23
101340,2026-01-14
101341,2026-02-25
101341,2026-02-27
101342,2026-02-14
101343,2026-02-01
101343,2026-02-05
101344,2026-01-18
101344,2026-01-20
101344,2026-01-21
101345,2026-02-05
101345,2026-02-11
101345,2026-03-09
101346,2026-01-07
101346,2026-01-09
101348,2026-02-25
101348,2026-02-27
101350,2026-01-18
101350,2026-01-19
101350,2026-01-22
101351,2026-01-10
101351,2026-01-11
101354,2026-01-22
101354,2026-01-25
101357,2026-02-28
101357,2026-03-02
101360,2026-01-06
101360,2026-01-07
101360,2026-01-08
101365,2026-02-18
101368,2026-01-28
101368,2026-01-30
101368,2026-01-30
101369,2026-01-19
101370,2026-02-12
101370,2026-02-12
101372,2026-01-20
101375,2026-02-05
101376,2026-02-20
101376,2026-02-21
101376,2026-02-21
101377,2026-01-21
101377,2026-01-22
101380,2026-01-21
101380,2026-01-22
101381,2026-01-03
101382,2026-02-26
101382,2026-03-27
101385,2026-02-04
101386,2026-01-10
101387,2026-01-19
101388,2026-02-27
101388,2026-02-27
101388,2026-02-28
101389,2026-02-01
101389,2026-02-03
101389,2026-02-03
101390,2026-01-11
101390,2026-01-13
101390,2026-01-13
101391,2026-03-21
101392,2026-01-24
101392,2026-01-26
101393,2026-02-14
101393,2026-02-15
101393,2026-02-15
101394,2026-01-22
101394,2026-02-17
101395,2026-01-17
101395,2026-01-18
101395,2026-01-19
101396,2026-03-09
101397,2026-01-29
101397,2026-02-03
101397,2026-02-26
101398,2026-01-09
101398,2026-01-09
101398,2026-01-11
101399,2026-01-06
101400,2026-01-21
101403,2026-02-01
101403,2026-02-04
101403,2026-02-04
101404,2026-01-21
101406,2026-01-15
101407,2026-03-05
101408,2026-02-07
101409,2026-02-22
101412,2026-02-02
101412,2026-02-03
101413,2026-01-21
101413,2026-01-21
101413,2026-01-23
101415,2026-03-01
101415,2026-03-02
101417,2026-01-22
101417,2026-01-24
101417,2026-01-26
101418,2026-02-06
101418,2026-02-06
101419,2026-01-19
101420,2026-01-08
101421,2026-03-01
101422,2026-01-20
101422,2026-01-20
101423,2026-01-09
101423,2026-01-10
101423,2026-01-13
101424,2026-02-02
101424,2026-02-04
101425,2026-01-14
101427,2026-01-10
101429,2026-02-14
101429,2026-02-15
101431,2026-02-07
101432,2026-01-17
101432,2026-01-19
101432,2026-01-20
101434,2026-02-14
101434,2026-02-14
101437,2026-01-28
101437,2026-01-29
101437,2026-02-01
101438,2026-01-25
101438,2026-02-26
101439,2026-02-22
101439,2026-02-25
101439,2026-02-25
101440,2026-02-02
101440,2026-02-05
101440,2026-02-06
101441,2026-01-28
101441,2026-02-01
101441,2026-02-01
101443,2026-01-27
101443,2026-01-28
101443,2026-01-29
101446,2026-02-20
101446,2026-02-20
101446,2026-02-21
101452,2026-02-23
101452,2026-02-25
101452,2026-02-26
101453,2026-01-04
101453,2026-01-05
101454,2026-02-23
101456,2026-02-01
101457,2026-03-04
101458,2026-02-15
101458,2026-03-10
101459,2026-02-09
101459,2026-02-11
101459,2026-02-12
101461,2026-02-17
101461,2026-02-18
101464,2026-01-07
101464,2026-01-08
101465,2026-01-13
101466,2026-01-17
101466,2026-01-19
101467,2026-01-17
101467,2026-01-19
101467,2026-01-19
101468,2026-02-17
101468,2026-02-17
101468,2026-02-19
101469,2026-01-21
101470,2026-02-12
101473,2026-02-16
101473,2026-02-17
101474,2026-01-05
101474,2026-01-07
101476,2026-02-02
101476,2026-02-03
101482,2026-02-19
101482,2026-02-20
101482,2026-02-21
101483,2026-01-18
101484,2026-02-28
101485,2026-02-07
101485,2026-02-08
101486,2026-02-01
101489,2026-01-15
101490,2026-02-12
101490,2026-02-13
101493,2026-02-05
101493,2026-02-05
101493,2026-02-06
101494,2026-02-24
101494,2026-03-03
101494,2026-03-24
101496,2026-01-15
101496,2026-01-16
101496,2026-01-16
101498,2026-02-20
101498,2026-02-22
101500,2026-01-09
101500,2026-01-12
101500,2026-01-13
101501,2026-02-01
101501,2026-02-05
101502,2026-02-07
101502,2026-02-10
101507,2026-02-23
101508,2026-02-22
101508,2026-02-23
101508,2026-02-24
101509,2026-01-06
101509,2026-01-09
101511,2026-01-16
101515,2026-01-04
101517,2026-01-26
101518,2026-01-19
101518,2026-01-21
101518,2026-01-22
101521,2026-01-24
101522,2026-02-09
101522,2026-02-09
101522,2026-02-11
101524,2026-01-27
101524,2026-01-27
101524,2026-01-29
101525,2026-03-19
101526,2026-01-09
101527,2026-02-01
101527,2026-02-03
101528,2026-02-13
101528,2026-02-15
101528,2026-02-17
101530,2026-01-06
101531,2026-01-31
101532,2026-02-02
101532,2026-02-04
101532,2026-02-05
101533,2026-01-27
101533,2026-01-29
101533,2026-01-30
101536,2026-01-16
101536,2026-01-17
101537,2026-01-20
101538,2026-01-23
101538,2026-01-26
101538,2026-01-27
101540,2026-01-31
101540,2026-01-31
101541,2026-02-11
101543,2026-02-11
101543,2026-02-14
101544,2026-01-06
101544,2026-01-07
101545,2026-01-05
101546,2026-01-14
101546,2026-01-15
101547,2026-01-23
101547,2026-01-24
101549,2026-01-27
101551,2026-03-01
101552,2026-01-31
101553,2026-01-25
101553,2026-01-27
101556,2026-01-16
101556,2026-01-17
101557,2026-02-07
101557,2026-02-10
101559,2026-02-23
101562,2026-02-04
101563,2026-01-23
101563,2026-01-24
101564,2026-01-09
101564,2026-01-09
101564,2026-01-27
101565,2026-02-28
101565,2026-03-03
101565,2026-03-03
101566,2026-03-22
101568,2026-02-19
101568,2026-02-20
101569,2026-02-18
101569,2026-02-20
101570,2026-01-26
101570,2026-01-27
101570,2026-01-29
101571,2026-02-23
101572,2026-01-06
101572,2026-01-08
101574,2026-01-07
101574,2026-01-07
101574,2026-01-09
101575,2026-02-06
101577,2026-01-29
101578,2026-02-14
101578,2026-02-14
101578,2026-02-15
101579,2026-02-19
101580,2026-02-02
101582,2026-02-04
101583,2026-01-18
101583,2026-01-19
101583,2026-01-20
101587,2026-02-26
101589,2026-01-22
101590,2026-02-03
101590,2026-02-09
101590,2026-03-03
101591,2026-01-13
101592,2026-02-08
101592,2026-02-09
101597,2026-01-10
101597,2026-01-11
101599,2026-02-17
101599,2026-02-18
101600,2026-02-20
101600,2026-02-24
101601,2026-01-14
101601,2026-01-14
101601,2026-01-18
101603,2026-01-21
101604,2026-02-14
101604,2026-02-14
101608,2026-01-23
101610,2026-02-05
101610,2026-02-05
101610,2026-02-08
101611,2026-03-24
101612,2026-01-11
101612,2026-01-15
101613,2026-03-02
101613,2026-03-03
101613,2026-03-03
101614,2026-02-14
101614,2026-02-15
101614,2026-02-15
101615,2026-02-22
101615,2026-02-23
101615,2026-02-25
101617,2026-02-01
101617,2026-02-03
101620,2026-02-15
101620,2026-02-19
101623,2026-01-26
101623,2026-01-27
101623,2026-01-27
101624,2026-01-25
101624,2026-01-25
101624,2026-02-22
101625,2026-02-08
101625,2026-02-11
101626,2026-02-23
101626,2026-02-23
101628,2026-02-11
101629,2026-01-22
101629,2026-01-22
101629,2026-01-22
101630,2026-01-12
101630,2026-01-14
101630,2026-01-16
101631,2026-02-07
101633,2026-02-22
101633,2026-02-23
101638,2026-02-02
101640,2026-01-24
101640,2026-01-24
101640,2026-02-23
101642,2026-02-21
101642,2026-02-22
101644,2026-01-06
101644,2026-01-08
101645,2026-01-18
101645,2026-01-20
101645,2026-01-20
101646,2026-01-25
101646,2026-02-03
101646,2026-02-25
101647,2026-01-09
101648,2026-02-23
101648,2026-02-24
101648,2026-02-25
101652,2026-02-03
101652,2026-02-03
101653,2026-01-08
101653,2026-01-11
101654,2026-03-04
101654,2026-03-04
101654,2026-03-26
101657,2026-01-17
101658,2026-01-22
101658,2026-02-11
101659,2026-02-01
101659,2026-02-01
101661,2026-01-11
101661,2026-01-14
101661,2026-01-15
101663,2026-02-12
101663,2026-02-12
101664,2026-03-02
101664,2026-03-04
101665,2026-03-25
101667,2026-01-17
101667,2026-01-18
101667,2026-01-18
101668,2026-02-06
101671,2026-02-23
101672,2026-01-21
101672,2026-01-24
101672,2026-01-24
101673,2026-02-04
101673,2026-02-04
101673,2026-02-06
101674,2026-02-14
101674,2026-02-15
101674,2026-02-16
101675,2026-01-14
101675,2026-01-14
101676,2026-01-18
101676,2026-01-19
101676,2026-01-21
101678,2026-02-12
101682,2026-01-22
101684,2026-01-31
101685,2026-01-26
101685,2026-01-29
101688,2026-01-31
101688,2026-02-01
101688,2026-02-02
101689,2026-01-23
101689,2026-01-25
101691,2026-02-04
101691,2026-02-05
101691,2026-02-24
101694,2026-01-13
101694,2026-01-14
101695,2026-01-21
101696,2026-01-02
101696,2026-01-03
101696,2026-01-04
101697,2026-01-03
101698,2026-02-12
101698,2026-02-12
101698,2026-02-12
101700,2026-01-18
101700,2026-01-20
101700,2026-01-22
101704,2026-02-10
101704,2026-02-12
101704,2026-02-14
101705,2026-01-08
101705,2026-01-09
101705,2026-02-01
101706,2026-02-10
101706,2026-03-04
101708,2026-01-03
101708,2026-01-05
101708,2026-01-07
101709,2026-01-06
101709,2026-01-06
101713,2026-01-29
101718,2026-01-31
101719,2026-01-16
101719,2026-01-18
101719,2026-01-18
101720,2026-02-27
101721,2026-02-18
101721,2026-02-20
101722,2026-02-10
101722,2026-02-11
101723,2026-02-15
101723,2026-02-17
101724,2026-01-26
101724,2026-01-27
101724,2026-01-30
101727,2026-01-30
101727,2026-02-02
101728,2026-01-05
101729,2026-01-05
101729,2026-01-08
101730,2026-02-27
101730,2026-03-01
101730,2026-03-02
101731,2026-01-30
101731,2026-01-30
101731,2026-01-30
101734,2026-02-28
101736,2026-02-15
101736,2026-02-16
101738,2026-01-29
101738,2026-01-29
101738,2026-01-29
101740,2026-01-30
101740,2026-02-03
101741,2026-01-08
101742,2026-01-31
101742,2026-02-02
101742,2026-02-02
101743,2026-01-25
101743,2026-01-26
101743,2026-01-27
101744,2026-01-16
101745,2026-01-19
101746,2026-02-16
101746,2026-02-20
101747,2026-03-01
101747,2026-03-01
101749,2026-01-09
101749,2026-01-10
101749,2026-01-11
101751,2026-02-04
101751,2026-02-05
101752,2026-02-19
101752,2026-02-20
101752,2026-02-21
101754,2026-01-06
101754,2026-01-06
101757,2026-02-20
101758,2026-01-18
101759,2026-02-20
101761,2026-02-19
101761,2026-02-21
101761,2026-02-22
101762,2026-02-19
101763,2026-01-31
101763,2026-02-01
101764,2026-02-04
101764,2026-02-06
101767,2026-02-07
101767,2026-02-08
101767,2026-02-08
101769,2026-01-20
101769,2026-01-21
101769,2026-01-23
101772,2026-01-05
101772,2026-01-06
101772,2026-01-08
101774,2026-01-17
101775,2026-01-31
101775,2026-01-31
101777,2026-02-13
101777,2026-02-15
101777,2026-03-12
101779,2026-01-14
101779,2026-01-14
101779,2026-01-17
101781,2026-01-29
101783,2026-01-28
101783,2026-01-28
101785,2026-02-25
101785,2026-02-25
101785,2026-02-26
101787,2026-03-14
101789,2026-01-06
101790,2026-01-09
101790,2026-01-10
101791,2026-02-07
101793,2026-03-26
101795,2026-01-02
101795,2026-01-06
101798,2026-01-27
101798,2026-01-28
101799,2026-02-23
101801,2026-01-18
101802,2026-02-16
101802,2026-02-16
101803,2026-02-11
101803,2026-02-11
101803,2026-02-12
101804,2026-02-02
101804,2026-02-03
101806,2026-01-20
101807,2026-01-27
101807,2026-01-27
101807,2026-01-28
101808,2026-03-18
101809,2026-01-19
101809,2026-01-20
101813,2026-01-12
101813,2026-01-12
101816,2026-02-28
101817,2026-02-01
101818,2026-01-29
101818,2026-01-29
101818,2026-02-02
101820,2026-02-15
101821,2026-02-02
101821,2026-02-03
101821,2026-02-04
101822,2026-02-14
101822,2026-02-17
101822,2026-02-18
101823,2026-02-06
101824,2026-01-08
101824,2026-01-09
101824,2026-01-10
101825,2026-01-08
101825,2026-01-08
101825,2026-01-09
101828,2026-02-22
101829,2026-02-25
101829,2026-03-01
101830,2026-01-29
101830,2026-02-01
101831,2026-01-15
101831,2026-01-18
101832,2026-01-15
101832,2026-01-16
101834,2026-02-21
101834,2026-02-28
101834,2026-03-17
101835,2026-01-31
101835,2026-02-05
101835,2026-03-01
101839,2026-02-21
101839,2026-02-23
101839,2026-02-25
101840,2026-01-05
101840,2026-01-07
101840,2026-01-07
101842,2026-02-02
101842,2026-02-04
101843,2026-01-18
101845,2026-01-28
101846,2026-01-15
101848,2026-01-30
101849,2026-02-16
101849,2026-03-12
101850,2026-02-28
101850,2026-03-01
101851,2026-02-18
101851,2026-02-21
101851,2026-02-21
101853,2026-01-28
101853,2026-01-31
101853,2026-02-21
101855,2026-01-10
101856,2026-01-15
101857,2026-01-05
101858,2026-02-07
101861,2026-02-14
101864,2026-02-03
101865,2026-02-04
101865,2026-02-04
101865,2026-02-07
101866,2026-01-10
101866,2026-01-12
101867,2026-01-21
101867,2026-01-23
101867,2026-01-24
101868,2026-01-31
101869,2026-01-11
101869,2026-01-12
101870,2026-02-05
101870,2026-02-07
101871,2026-02-02
101871,2026-02-03
101871,2026-02-06
101872,2026-02-01
101872,2026-02-02
101873,2026-02-15
101875,2026-03-24
101877,2026-02-12
101877,2026-02-16
101878,2026-01-20
101878,2026-01-20
101878,2026-01-22
101879,2026-03-10
101881,2026-01-07
101882,2026-02-09
101883,2026-02-06
101883,2026-02-09
101884,2026-02-06
101884,2026-02-07
101884,2026-02-10
101885,2026-01-19
101885,2026-01-20
101885,2026-01-21
101887,2026-01-29
101891,2026-02-12
101891,2026-02-14
101892,2026-02-23
101892,2026-02-26
101893,2026-03-02
101893,2026-03-04
101894,2026-02-20
101895,2026-02-08
101896,2026-01-05
101896,2026-01-06
101897,2026-01-06
101897,2026-01-08
101897,2026-01-09
101898,2026-02-22
101898,2026-02-26
101899,2026-02-18
101899,2026-02-21
101900,2026-02-02
101900,2026-02-05
101900,2026-02-05
101901,2026-02-22
101903,2026-02-08
101903,2026-02-11
101903,2026-03-08
101906,2026-02-11
101906,2026-02-12
101908,2026-02-09
101908,2026-02-10
101908,2026-02-10
101909,2026-01-30
101912,2026-02-25
101912,2026-02-26
101913,2026-01-09
101913,2026-01-11
101914,2026-01-22
101915,2026-01-14
101916,2026-02-12
101916,2026-02-14
101917,2026-02-12
101917,2026-02-12
101919,2026-01-25
101919,2026-01-28
101919,2026-01-28
101921,2026-02-03
101921,2026-02-07
101922,2026-02-13
101923,2026-02-18
101923,2026-02-19
101923,2026-02-20
101925,2026-01-16
101925,2026-01-17
101927,2026-01-25
101928,2026-02-07
101929,2026-01-12
101929,2026-01-15
101929,2026-01-16
101930,2026-01-12
101931,2026-02-18
101931,2026-02-22
101932,2026-02-02
101932,2026-02-04
101932,2026-02-06
101934,2026-01-09
101934,2026-01-12
101935,2026-03-02
101935,2026-03-02
101935,2026-03-03
101936,2026-02-26
101936,2026-02-26
101936,2026-02-28
101937,2026-02-24
101937,2026-02-28
101937,2026-03-20
101938,2026-01-30
101938,2026-02-02
101940,2026-03-01
101940,2026-03-01
101940,2026-03-02
101941,2026-02-07
101942,2026-01-17
101944,2026-02-04
101944,2026-02-05
101944,2026-02-07
101945,2026-01-25
101946,2026-02-05
101946,2026-02-07
101947,2026-01-13
101947,2026-01-14
101947,2026-01-14
101948,2026-02-22
101949,2026-02-21
101950,2026-01-29
101950,2026-01-31
101952,2026-01-18
101952,2026-01-18
101953,2026-03-18
101954,2026-01-09
101954,2026-01-10
101954,2026-01-12
101957,2026-01-04
101957,2026-01-07
101958,2026-02-26
101958,2026-02-27
101959,2026-01-08
101959,2026-01-09
101959,2026-01-10
101960,2026-01-05
101961,2026-03-08
101962,2026-01-15
101963,2026-01-17
101963,2026-01-18
101964,2026-03-26
101967,2026-01-18
101968,2026-01-08
101968,2026-01-10
101968,2026-01-12
101969,2026-02-03
101969,2026-02-05
101969,2026-02-06
101971,2026-01-31
101973,2026-02-26
101973,2026-02-28
101973,2026-02-28
101975,2026-01-02
101976,2026-01-23
101978,2026-02-17
101978,2026-03-16
101979,2026-01-21
101979,2026-01-21
101980,2026-01-28
101980,2026-01-30
101980,2026-01-31
101981,2026-02-11
101983,2026-01-03
101983,2026-01-06
101984,2026-01-21
101984,2026-01-23
101984,2026-01-24
101985,2026-02-05
101986,2026-01-25
101986,2026-01-26
101988,2026-01-05
101988,2026-01-05
101988,2026-01-07
101992,2026-02-22
101993,2026-01-03
101993,2026-01-05
101994,2026-01-12
101998,2026-01-28
101998,2026-01-28
101998,2026-01-28
101999,2026-02-05
101999,2026-02-08
102000,2026-01-06
102001,2026-02-16
102001,2026-02-16
102001,2026-02-16
102003,2026-01-14
102005,2026-02-05
102005,2026-02-06
102006,2026-03-18
102007,2026-02-17
102008,2026-01-25
102009,2026-01-20
102009,2026-01-23
102011,2026-03-21
102012,2026-02-02
102013,2026-02-08
102013,2026-02-10
102013,2026-02-11
102015,2026-02-21
102016,2026-02-24
102018,2026-02-19
102018,2026-02-20
102019,2026-01-05
102019,2026-01-07
102020,2026-02-16
102020,2026-02-17
102020,2026-02-20
102021,2026-04-03
102022,2026-02-04
102022,2026-02-07
102025,2026-03-02
102026,2026-03-02
102027,2026-01-16
102029,2026-01-24
102029,2026-01-26
102029,2026-01-27
102031,2026-02-17
102031,2026-02-20
102033,2026-01-06
102034,2026-03-01
102036,2026-01-16
102036,2026-01-18
102036,2026-01-18
102037,2026-01-16
102037,2026-01-17
102037,2026-01-20
102038,2026-01-18
102040,2026-01-25
102040,2026-01-26
102040,2026-01-28
102041,2026-02-06
102041,2026-02-08
102041,2026-02-08
102042,2026-02-16
102042,2026-03-09
102045,2026-02-22
102045,2026-02-24
102045,2026-02-25
102047,2026-02-12
102048,2026-02-26
102048,2026-02-28
102049,2026-01-05
102049,2026-01-06
102050,2026-02-12
102051,2026-02-28
102052,2026-02-25
102054,2026-01-23
102054,2026-01-23
102055,2026-01-26
102055,2026-01-30
102058,2026-01-13
102058,2026-01-14
102058,2026-01-17
102060,2026-02-19
102060,2026-02-19
102060,2026-02-23
102062,2026-02-05
102062,2026-02-06
102063,2026-02-27
102064,2026-01-26
102064,2026-01-27
102064,2026-01-29
102066,2026-03-01
102067,2026-01-17
102067,2026-01-21
102070,2026-02-18
102070,2026-02-18
102071,2026-02-17
102071,2026-02-20
102072,2026-02-12
102072,2026-02-16
102073,2026-02-01
102074,2026-02-19
102074,2026-02-20
102075,2026-02-27
102076,2026-02-20
102076,2026-02-21
102076,2026-02-22
102078,2026-01-13
102078,2026-01-13
102078,2026-01-14
102080,2026-02-25
102080,2026-02-27
102081,2026-01-19
102081,2026-01-19
102081,2026-01-21
102082,2026-02-04
102082,2026-02-05
102082,2026-02-06
102084,2026-02-03
102084,2026-02-03
102086,2026-01-27
102089,2026-02-19
102089,2026-02-19
102089,2026-02-20
102090,2026-01-26
102090,2026-01-27
102090,2026-01-27
102092,2026-02-09
102093,2026-01-08
102095,2026-01-12
102099,2026-02-05
102101,2026-02-18
102101,2026-02-19
102103,2026-02-28
102104,2026-02-12
102105,2026-02-06
102105,2026-02-07
102106,2026-01-29
102106,2026-01-30
102106,2026-02-02
102107,2026-02-12
102107,2026-02-13
102107,2026-02-13
102108,2026-01-27
102108,2026-01-28
102108,2026-01-31
102111,2026-02-25
102111,2026-02-26
102113,2026-02-11
102114,2026-02-25
102116,2026-01-25
102118,2026-02-12
102120,2026-01-14
102120,2026-01-16
102121,2026-02-15
102122,2026-02-05
102122,2026-02-14
102122,2026-03-05
102123,2026-02-28
102123,2026-03-02
102123,2026-03-04
102125,2026-01-29
102125,2026-01-29
102125,2026-02-14
102126,2026-01-16
102126,2026-01-17
102126,2026-01-19
102127,2026-02-22
102127,2026-02-24
102129,2026-01-10
102129,2026-01-13
102130,2026-02-06
102131,2026-02-02
102131,2026-02-02
102131,2026-02-06
102132,2026-02-09
102132,2026-02-16
102132,2026-03-07
102133,2026-02-16
102133,2026-02-18
102133,2026-02-20
102134,2026-02-21
102134,2026-02-23
102134,2026-02-25
102136,2026-02-05
102136,2026-02-06
102136,2026-02-08
102137,2026-01-30
102137,2026-01-31
102137,2026-02-01
102139,2026-02-06
102139,2026-02-06
102139,2026-02-08
102140,2026-02-28
102140,2026-03-01
102142,2026-01-24
102142,2026-01-25
102144,2026-02-23
102144,2026-02-27
102144,2026-03-14
102146,2026-02-04
102146,2026-02-06
102147,2026-02-01
102147,2026-02-27
102150,2026-02-24
102150,2026-02-24
102150,2026-02-26
102151,2026-01-28
102151,2026-02-01
102152,2026-01-18
102152,2026-01-18
102153,2026-01-30
102153,2026-02-03
102153,2026-02-28
102154,2026-01-14
102154,2026-01-17
102161,2026-01-24
102163,2026-01-20
102163,2026-01-24
102165,2026-03-03
102167,2026-02-05
102167,2026-02-06
102167,2026-02-07
102168,2026-02-14
102168,2026-02-17
102168,2026-02-17
102169,2026-01-31
102169,2026-02-02
102171,2026-02-14
102171,2026-02-16
102171,2026-03-13
102172,2026-01-17
102172,2026-01-18
102172,2026-01-19
102174,2026-02-13
102174,2026-02-16
102174,2026-02-17
102176,2026-01-31
102177,2026-01-14
102177,2026-01-14
102177,2026-01-14
102179,2026-02-28
102179,2026-04-02
102180,2026-01-13
102180,2026-01-14
102180,2026-01-17
102181,2026-02-24
102181,2026-02-25
102182,2026-02-18
102182,2026-02-20
102184,2026-01-15
102184,2026-01-15
102184,2026-01-15
102187,2026-02-24
102187,2026-02-24
102187,2026-02-26
102188,2026-01-08
102188,2026-01-10
102189,2026-01-16
102191,2026-02-07
102191,2026-02-07
102192,2026-01-27
102193,2026-01-17
102193,2026-01-18
102193,2026-01-19
102194,2026-01-07
102194,2026-01-08
102201,2026-02-15
102201,2026-02-15
102201,2026-02-16
102203,2026-01-12
102203,2026-01-14
102207,2026-02-18
102208,2026-01-19
102208,2026-01-21
102210,2026-03-01
102211,2026-01-26
102211,2026-01-26
102211,2026-01-29
102212,2026-01-21
102212,2026-01-21
102212,2026-01-23
102214,2026-02-26
102214,2026-02-26
102215,2026-01-27
102215,2026-01-30
102215,2026-01-30
102217,2026-02-28
102218,2026-01-06
102219,2026-02-28
102220,2026-01-08
102220,2026-01-10
102227,2026-03-03
102227,2026-03-04
102228,2026-02-27
102228,2026-02-28
102228,2026-02-28
102229,2026-01-27
102229,2026-01-28
102229,2026-01-28
102232,2026-01-21
102233,2026-02-12
102233,2026-02-13
102234,2026-01-22
102234,2026-01-22
102234,2026-01-24
102236,2026-02-18
102236,2026-02-20
102238,2026-01-05
102238,2026-01-11
102238,2026-02-03
102240,2026-01-29
102240,2026-01-29
102242,2026-02-12
102242,2026-02-16
102243,2026-03-01
102245,2026-01-18
102247,2026-01-28
102247,2026-01-29
102248,2026-02-25
102248,2026-02-26
102254,2026-02-01
102254,2026-02-04
102255,2026-01-05
102255,2026-01-05
102255,2026-01-06
102256,2026-02-24
102256,2026-02-27
102258,2026-01-30
102258,2026-02-01
102258,2026-02-02
102263,2026-01-13
102263,2026-01-13
102264,2026-01-13
102265,2026-01-16
102266,2026-02-19
102266,2026-02-20
102267,2026-02-26
102267,2026-02-27
102268,2026-01-14
102268,2026-01-14
102268,2026-01-14
102269,2026-02-21
102269,2026-02-21
102269,2026-02-23
102270,2026-01-11
102270,2026-01-14
102272,2026-01-25
102273,2026-02-10
102277,2026-02-14
102277,2026-02-14
102277,2026-02-18
102278,2026-01-30
102278,2026-01-30
102278,2026-02-02
102279,2026-01-22
102279,2026-01-26
102281,2026-01-16
102281,2026-01-20
102281,2026-01-20
102283,2026-01-18
102284,2026-03-04
102287,2026-02-23
102288,2026-03-19
102290,2026-01-21
102290,2026-01-22
102290,2026-01-25
102291,2026-02-14
102291,2026-02-14
102291,2026-02-15
102292,2026-02-03
102292,2026-02-05
102295,2026-02-17
102298,2026-01-17
102298,2026-01-20
102298,2026-01-20
102299,2026-02-13
102299,2026-02-15
102299,2026-02-16
102300,2026-02-21
102300,2026-03-11
102301,2026-02-27
102302,2026-01-27
102305,2026-01-23
102305,2026-01-24
102305,2026-01-25
102306,2026-02-03
102306,2026-02-04
102307,2026-01-28
102308,2026-03-01
102308,2026-03-30
102310,2026-02-26
102310,2026-02-27
102311,2026-02-13
102311,2026-02-13
102311,2026-02-13
102313,2026-02-27
102314,2026-02-23
102314,2026-02-24
102314,2026-03-20
102317,2026-02-11
102317,2026-02-15
102318,2026-02-07
102319,2026-02-26
102319,2026-02-27
102319,2026-02-28
102320,2026-01-16
102323,2026-02-08
102323,2026-02-25
102324,2026-02-13
102324,2026-02-16
102324,2026-02-17
102325,2026-02-07
102325,2026-02-08
102326,2026-02-08
102326,2026-02-10
102328,2026-02-15
102329,2026-01-09
102330,2026-02-17
102330,2026-02-21
102331,2026-01-31
102331,2026-01-31
102331,2026-02-01
102332,2026-02-03
102333,2026-01-25
102333,2026-01-27
102333,2026-02-26
102334,2026-02-13
102337,2026-01-10
102337,2026-01-12
102338,2026-02-25
102339,2026-01-08
102341,2026-02-22
102342,2026-01-02
102342,2026-01-05
102342,2026-01-05
102343,2026-02-12
102343,2026-02-12
102343,2026-02-13
102347,2026-01-31
102347,2026-02-04
102347,2026-02-04
102348,2026-02-23
102350,2026-02-03
102351,2026-02-02
102351,2026-02-05
102352,2026-01-22
102352,2026-01-25
102353,2026-01-30
102353,2026-02-01
102356,2026-01-27
102356,2026-02-01
102356,2026-02-23
102358,2026-01-28
102358,2026-01-30
102359,2026-02-08
102361,2026-03-01
102361,2026-03-03
102361,2026-03-04
102362,2026-01-25
102362,2026-01-26
102362,2026-01-27
102364,2026-03-12
102366,2026-02-11
102366,2026-02-12
102367,2026-03-01
102370,2026-02-08
102371,2026-02-28
102371,2026-03-06
102371,2026-03-21
102372,2026-02-14
102374,2026-02-14
102375,2026-01-15
102375,2026-01-16
102375,2026-01-17
102376,2026-01-13
102376,2026-01-16
102377,2026-02-24
102378,2026-02-01
102378,2026-02-23
102379,2026-02-17
102380,2026-01-14
102380,2026-01-14
102381,2026-02-20
102381,2026-02-21
102383,2026-02-27
102383,2026-02-27
102384,2026-01-09
102384,2026-01-11
102385,2026-02-18
102385,2026-02-19
102385,2026-02-20
102387,2026-01-23
102387,2026-01-27
102388,2026-01-11
102388,2026-01-11
102388,2026-01-13
102389,2026-01-29
102389,2026-01-29
102389,2026-02-02
102390,2026-02-14
102392,2026-01-12
102393,2026-02-17
102393,2026-02-21
102393,2026-02-21
102394,2026-03-13
102395,2026-02-14
102395,2026-02-17
102397,2026-01-25
102397,2026-01-26
102399,2026-01-16
102400,2026-02-12
102400,2026-02-16
102400,2026-03-12
102402,2026-02-12
102404,2026-01-06
102406,2026-02-09
102406,2026-02-12
102406,2026-02-13
102407,2026-01-09
102407,2026-01-10
102408,2026-02-26
102409,2026-01-08
102409,2026-01-08
102409,2026-01-09
102412,2026-02-20
102412,2026-02-20
102412,2026-02-22
102414,2026-02-13
102414,2026-02-13
102414,2026-02-14
102417,2026-02-04
102419,2026-02-06
102419,2026-02-07
102420,2026-02-08
102420,2026-02-09
102420,2026-02-09
102422,2026-01-21
102424,2026-02-07
102424,2026-02-07
102424,2026-02-09
102426,2026-03-05
102426,2026-03-21
102427,2026-02-17
102427,2026-02-18
102427,2026-02-18
102428,2026-01-22
102428,2026-01-23
102428,2026-01-26
102429,2026-01-08
102429,2026-01-09
102429,2026-01-09
102430,2026-01-12
102430,2026-01-13
102434,2026-02-13
102434,2026-02-13
102435,2026-02-14
102435,2026-02-15
102435,2026-02-16
102436,2026-03-04
102438,2026-02-10
102438,2026-02-11
102438,2026-02-11
102439,2026-01-14
102440,2026-02-01
102442,2026-01-27
102442,2026-01-29
102443,2026-01-07
102443,2026-01-07
102443,2026-01-08
102444,2026-01-25
102445,2026-02-25
102445,2026-02-25
102445,2026-02-28
102446,2026-02-17
102447,2026-02-15
102447,2026-03-13
102448,2026-02-13
102448,2026-02-14
102449,2026-02-25
102449,2026-02-25
102449,2026-02-25
102451,2026-01-16
102451,2026-01-17
102452,2026-01-18
102454,2026-02-27
102454,2026-02-28
102454,2026-03-02
102455,2026-01-11
102455,2026-01-14
102455,2026-01-14
102456,2026-01-29
102456,2026-01-30
102457,2026-01-15
102458,2026-03-02
102459,2026-02-10
102459,2026-02-13
102459,2026-02-14
102460,2026-04-04
102462,2026-02-19
102462,2026-02-20
102462,2026-02-22
102463,2026-02-15
102463,2026-02-19
102465,2026-01-15
102465,2026-01-17
102465,2026-01-18
102467,2026-02-27
102467,2026-03-20
102468,2026-02-27
102468,2026-03-18
102469,2026-03-01
102470,2026-01-30
102470,2026-01-30
102472,2026-01-07
102472,2026-01-07
102472,2026-01-11
102473,2026-02-07
102473,2026-03-02
102475,2026-02-26
102475,2026-02-28
102475,2026-02-28
102477,2026-01-14
102478,2026-02-07
102479,2026-01-07
102479,2026-01-08
102479,2026-01-08
102480,2026-01-21
102481,2026-03-01
102482,2026-01-05
102482,2026-01-06
102482,2026-01-06
102483,2026-03-02
102485,2026-03-02
102485,2026-03-02
102486,2026-01-30
102486,2026-02-01
102487,2026-01-13
102487,2026-01-13
102487,2026-01-16
102488,2026-03-08
102488,2026-03-30
102490,2026-01-23
102492,2026-01-23
102492,2026-01-24
102492,2026-01-25
102494,2026-02-04
102494,2026-02-04
102495,2026-02-04
102495,2026-02-05
102498,2026-01-06
102499,2026-02-04
102499,2026-02-05
102499,2026-02-06
102500,2026-02-18
102501,2026-02-15
102501,2026-02-16
102501,2026-02-18
102503,2026-02-28
102508,2026-01-15
102508,2026-01-15
102508,2026-01-16
102510,2026-02-28
102510,2026-03-03
102510,2026-03-04
102513,2026-02-01
102514,2026-02-01
102514,2026-02-01
102517,2026-02-04
102517,2026-02-04
102518,2026-01-15
102518,2026-01-16
102518,2026-01-17
102519,2026-02-11
102520,2026-02-16
102523,2026-02-23
102523,2026-02-23
102523,2026-02-24
102524,2026-03-15
102525,2026-01-25
102526,2026-02-04
102526,2026-02-07
102527,2026-02-10
102528,2026-02-16
102528,2026-02-18
102529,2026-02-28
102529,2026-03-01
102529,2026-03-01
102531,2026-01-17
102532,2026-01-08
102533,2026-02-24
102534,2026-01-19
102534,2026-01-20
102534,2026-01-23
102535,2026-01-10
102536,2026-01-09
102536,2026-01-09
102536,2026-01-11
102537,2026-03-01
102538,2026-02-21
102538,2026-02-22
102538,2026-02-24
102540,2026-03-02
102540,2026-03-03
102540,2026-03-04
102541,2026-02-27
102541,2026-02-28
102542,2026-02-23
102542,2026-02-25
102542,2026-02-27
102543,2026-01-05
102543,2026-01-06
102543,2026-01-06
102544,2026-01-23
102548,2026-01-08
102549,2026-01-09
102549,2026-01-12
102549,2026-01-13
102550,2026-01-06
102550,2026-01-06
102550,2026-01-06
102551,2026-01-20
102551,2026-01-20
102551,2026-02-10
102553,2026-03-15
102554,2026-02-11
102555,2026-02-20
102555,2026-02-21
102555,2026-02-21
102556,2026-02-08
102557,2026-02-22
102557,2026-02-26
102557,2026-02-26
102559,2026-01-07
102559,2026-01-08
102561,2026-01-05
102562,2026-01-05
102566,2026-02-17
102566,2026-02-18
102566,2026-02-19
102567,2026-02-04
102567,2026-02-04
102567,2026-02-04
102570,2026-03-04
102570,2026-03-04
102570,2026-03-25
102571,2026-02-27
102571,2026-02-27
102573,2026-02-14
102573,2026-02-14
102574,2026-01-13
102574,2026-01-14
102574,2026-01-16
102576,2026-02-15
102577,2026-01-24
102578,2026-01-31
102579,2026-03-14
102580,2026-01-06
102580,2026-01-10
102580,2026-02-02
102581,2026-02-03
102581,2026-02-03
102582,2026-02-03
102582,2026-02-03
102582,2026-02-05
102585,2026-02-22
102585,2026-02-23
102585,2026-02-24
102588,2026-01-13
102588,2026-01-13
102589,2026-02-09
102591,2026-02-10
102592,2026-01-31
102593,2026-02-16
102593,2026-02-20
102594,2026-02-01
102597,2026-01-21
102597,2026-01-21
102600,2026-01-23
102600,2026-01-23
102601,2026-02-10
102602,2026-02-16
102602,2026-02-19
102602,2026-02-19
102603,2026-01-22
102603,2026-01-24
102606,2026-01-30
102606,2026-01-31
102608,2026-02-21
102608,2026-02-21
102609,2026-02-16
102610,2026-01-14
102611,2026-01-08
102611,2026-01-27
102612,2026-01-14
102612,2026-01-14
102613,2026-02-16
102613,2026-02-19
102613,2026-02-20
102615,2026-02-14
102615,2026-02-14
102616,2026-01-04
102618,2026-02-02
102618,2026-02-03
102619,2026-02-10
102619,2026-02-12
102620,2026-02-14
102620,2026-02-16
102620,2026-02-16
102625,2026-02-03
102625,2026-02-05
102625,2026-02-06
102626,2026-01-30
102626,2026-01-31
102627,2026-02-03
102628,2026-02-10
102629,2026-02-25
102629,2026-02-28
102630,2026-02-11
102630,2026-02-11
102630,2026-02-13
102631,2026-02-25
102631,2026-02-27
102631,2026-03-01
102634,2026-02-23
102634,2026-02-25
102634,2026-02-26
102635,2026-01-05
102635,2026-01-05
102635,2026-01-07
102640,2026-02-14
102642,2026-03-01
102642,2026-03-02
102642,2026-03-03
102644,2026-01-30
102644,2026-02-01
102647,2026-02-04
102649,2026-01-23
102649,2026-01-24
102649,2026-01-24
102650,2026-01-04
102650,2026-01-05
102650,2026-01-06
102652,2026-02-24
102653,2026-02-19
102653,2026-02-19
102654,2026-02-28
102655,2026-03-03
102657,2026-01-28
102657,2026-01-28
102657,2026-02-01
102658,2026-01-20
102660,2026-01-08
102660,2026-01-09
102664,2026-01-17
102665,2026-01-16
102665,2026-01-16
102665,2026-02-13
102666,2026-01-18
102666,2026-01-20
102668,2026-02-21
102668,2026-02-22
102670,2026-02-02
102670,2026-02-06
102671,2026-02-23
102671,2026-02-25
102671,2026-02-26
102672,2026-02-06
102672,2026-02-10
102672,2026-02-25
102674,2026-02-05
102674,2026-02-05
102676,2026-02-20
102678,2026-01-05
102678,2026-01-08
102678,2026-01-09
102679,2026-02-27
102679,2026-03-26
102680,2026-01-29
102682,2026-02-10
102685,2026-02-20
102685,2026-02-21
102685,2026-02-23
102687,2026-02-26
102688,2026-01-16
102688,2026-01-19
102688,2026-01-20
102691,2026-01-15
102694,2026-02-20
102694,2026-03-14
102695,2026-01-07
102696,2026-02-22
102696,2026-02-24
102696,2026-02-26
102697,2026-02-15
102697,2026-02-17
102697,2026-02-17
102698,2026-01-30
102700,2026-01-18
102702,2026-01-03
102702,2026-01-03
102702,2026-01-04
102703,2026-01-06
102703,2026-01-07
102703,2026-01-09
102704,2026-01-20
102705,2026-01-23
102705,2026-02-13
102706,2026-01-29
102706,2026-02-02
102707,2026-02-11
102707,2026-02-11
102707,2026-02-13
102708,2026-01-15
102708,2026-01-16
102709,2026-02-11
102709,2026-02-13
102710,2026-01-18
102711,2026-01-29
102711,2026-02-01
102712,2026-01-25
102716,2026-02-02
102717,2026-02-01
102717,2026-02-04
102718,2026-02-10
102718,2026-02-12
102719,2026-02-12
102719,2026-02-12
102723,2026-01-19
102723,2026-01-19
102723,2026-01-20
102724,2026-01-17
102724,2026-01-20
102725,2026-01-21
102728,2026-01-29
102728,2026-02-23
102729,2026-01-13
102729,2026-01-14
102729,2026-01-15
102730,2026-03-05
102730,2026-03-29
102732,2026-01-12
102732,2026-01-13
102733,2026-02-23
102736,2026-02-22
102737,2026-01-07
102738,2026-02-09
102740,2026-02-20
102743,2026-02-07
102745,2026-01-14
102746,2026-02-14
102746,2026-02-17
102747,2026-03-19
102748,2026-01-27
102748,2026-01-29
102750,2026-02-06
102750,2026-02-06
102751,2026-02-22
102751,2026-02-24
102751,2026-02-24
102752,2026-02-02
102761,2026-03-01
102762,2026-02-10
102762,2026-02-10
102762,2026-02-13
102766,2026-02-27
102766,2026-02-28
102767,2026-01-29
102767,2026-01-30
102768,2026-02-23
102768,2026-02-23
102768,2026-02-23
102769,2026-02-19
102769,2026-03-18
102770,2026-01-11
102770,2026-01-11
102772,2026-01-29
102774,2026-02-23
102774,2026-02-27
102774,2026-03-24
102775,2026-02-14
102775,2026-02-15
102775,2026-02-18
102776,2026-01-24
102776,2026-01-26
102776,2026-01-26
102777,2026-03-14
102778,2026-03-10
102780,2026-01-30
102783,2026-01-11
102783,2026-01-12
102785,2026-03-01
102785,2026-03-01
102785,2026-03-03
102786,2026-02-28
102789,2026-02-08
102791,2026-02-03
102792,2026-02-27
102793,2026-02-26
102793,2026-02-26
102796,2026-01-04
102797,2026-01-20
102797,2026-01-22
102797,2026-01-24
102799,2026-02-13
102799,2026-02-15
102799,2026-02-17
102800,2026-01-29
102800,2026-02-01
102800,2026-02-02
102802,2026-01-07
102803,2026-02-03
102803,2026-02-05
102805,2026-02-26
102805,2026-02-28
102808,2026-02-06
102808,2026-02-09
102809,2026-01-03
102809,2026-01-31
102811,2026-02-14
102811,2026-02-16
102812,2026-02-18
102812,2026-02-19
102812,2026-02-21
102814,2026-01-11
102814,2026-01-12
102815,2026-01-25
102816,2026-02-02
102818,2026-01-12
102818,2026-01-14
102818,2026-01-15
102819,2026-01-29
102819,2026-02-01
102820,2026-02-23
102820,2026-02-24
102820,2026-02-26
102821,2026-02-06
102824,2026-01-06
102824,2026-01-06
102824,2026-01-06
102825,2026-02-05
102826,2026-01-22
102826,2026-01-22
102826,2026-01-23
102827,2026-02-17
102827,2026-02-18
102828,2026-02-24
102828,2026-02-25
102829,2026-02-12
102832,2026-01-21
102832,2026-01-25
102833,2026-01-15
102833,2026-01-16
102835,2026-02-16
102835,2026-02-19
102836,2026-02-14
102837,2026-01-04
102837,2026-01-04
102837,2026-01-05
102838,2026-02-02
102838,2026-02-04
102839,2026-01-15
102840,2026-01-25
102840,2026-01-26
102840,2026-01-28
102841,2026-02-26
102841,2026-03-02
102843,2026-02-05
102843,2026-02-08
102844,2026-01-21
102844,2026-01-22
102844,2026-01-22
102845,2026-01-27
102845,2026-01-28
102845,2026-01-28
102846,2026-02-11
102846,2026-02-14
102847,2026-02-11
102849,2026-01-14
102849,2026-01-18
102850,2026-02-05
102850,2026-02-08
102851,2026-02-09
102851,2026-02-11
102851,2026-02-12
102852,2026-02-02
102852,2026-03-04
102853,2026-02-20
102853,2026-02-21
102854,2026-02-08
102854,2026-02-10
102854,2026-02-10
102855,2026-02-26
102855,2026-02-26
102855,2026-03-02
102861,2026-02-19
102863,2026-01-26
102864,2026-02-10
102864,2026-02-13
102864,2026-02-14
102865,2026-02-10
102865,2026-02-12
102865,2026-02-12
102866,2026-02-21
102866,2026-02-22
102872,2026-01-30
102872,2026-02-01
102873,2026-01-30
102874,2026-02-03
102874,2026-02-22
102875,2026-01-23
102875,2026-01-27
102876,2026-01-25
102878,2026-03-02
102880,2026-02-10
102880,2026-02-11
102881,2026-01-17
102881,2026-02-15
102883,2026-02-07
102887,2026-03-27
102889,2026-01-07
102889,2026-01-08
102889,2026-01-08
102890,2026-02-16
102890,2026-02-16
102892,2026-01-15
102892,2026-01-15
102892,2026-01-19
102893,2026-02-23
102895,2026-02-03
102895,2026-02-05
102895,2026-02-05
102896,2026-02-22
102896,2026-02-23
102897,2026-01-19
102897,2026-01-22
102897,2026-01-23
102898,2026-02-16
102898,2026-02-18
102899,2026-02-19
102899,2026-02-21
102902,2026-01-03
102903,2026-01-12
102903,2026-01-15
102903,2026-01-16
102906,2026-02-01
102906,2026-02-04
102906,2026-02-26
102907,2026-01-05
102907,2026-01-05
102907,2026-01-06
102909,2026-03-01
102909,2026-03-02
102914,2026-02-12
102916,2026-02-15
102916,2026-02-16
102921,2026-01-18
102921,2026-01-18
102921,2026-01-20
102923,2026-01-17
102924,2026-02-26
102924,2026-02-26
102924,2026-03-01
102925,2026-01-22
102925,2026-01-26
102926,2026-02-22
102926,2026-02-22
102926,2026-02-24
102927,2026-02-14
102928,2026-02-02
102930,2026-01-18
102932,2026-01-27
102932,2026-01-29
102933,2026-02-13
102933,2026-02-13
102933,2026-03-09
102934,2026-01-05
102934,2026-01-07
102935,2026-01-04
102935,2026-01-06
102935,2026-01-06
102939,2026-01-02
102939,2026-01-04
102940,2026-02-27
102940,2026-03-01
102940,2026-03-03
102941,2026-02-13
102942,2026-01-04
102942,2026-01-05
102942,2026-01-08
102944,2026-02-22
102944,2026-02-24
102945,2026-01-31
102945,2026-02-01
102947,2026-02-10
102947,2026-02-11
102947,2026-02-11
102948,2026-02-05
102948,2026-02-08
102948,2026-02-08
102949,2026-02-05
102949,2026-02-05
102951,2026-01-20
102954,2026-02-01
102954,2026-02-04
102954,2026-02-27
102955,2026-03-14
102956,2026-02-07
102956,2026-02-10
102957,2026-02-08
102957,2026-02-10
102957,2026-02-11
102960,2026-01-14
102962,2026-02-06
102963,2026-01-21
102963,2026-02-06
102967,2026-01-17
102967,2026-01-20
102967,2026-01-21
102969,2026-03-22
102970,2026-02-07
102972,2026-01-21
102972,2026-01-22
102975,2026-01-21
102975,2026-01-22
102975,2026-01-23
102976,2026-01-28
102977,2026-02-28
102977,2026-03-01
102978,2026-03-18
102979,2026-01-30
102979,2026-01-31
102979,2026-01-31
102980,2026-02-04
102980,2026-02-06
102981,2026-01-06
102981,2026-01-07
102981,2026-01-07
102982,2026-01-20
102982,2026-01-23
102983,2026-01-24
102983,2026-01-27
102984,2026-01-23
102985,2026-01-11
102986,2026-02-17
102987,2026-01-12
102987,2026-02-09
102988,2026-01-21
102988,2026-01-24
102988,2026-01-24
102989,2026-02-07
102990,2026-02-02
102990,2026-02-02
102992,2026-02-05
102992,2026-02-05
102993,2026-01-25
102994,2026-01-26
102994,2026-01-29
102995,2026-01-15
102995,2026-01-16
102995,2026-02-08
102997,2026-03-27
102998,2026-02-23
102998,2026-03-23
103003,2026-01-23
103003,2026-02-10
103005,2026-03-20
103007,2026-02-06
103008,2026-01-31
103008,2026-02-01
103010,2026-01-05
103010,2026-01-08
103012,2026-02-24
103012,2026-02-25
103012,2026-02-26
103013,2026-02-05
103016,2026-02-03
103016,2026-02-05
103016,2026-02-05
103018,2026-01-30
103018,2026-02-01
103018,2026-02-03
103019,2026-02-24
103019,2026-02-24
103020,2026-02-09
103020,2026-02-12
103020,2026-03-10
103022,2026-01-31
103022,2026-01-31
103023,2026-01-16
103023,2026-01-16
103023,2026-01-17
103027,2026-02-22
103027,2026-02-25
103028,2026-01-23
103031,2026-02-15
103034,2026-01-20
103034,2026-01-23
103035,2026-02-08
103035,2026-02-09
103036,2026-02-13
103036,2026-02-13
103036,2026-02-14
103037,2026-03-03
103038,2026-01-04
103038,2026-01-06
103038,2026-01-06
103040,2026-01-15
103041,2026-03-02
103043,2026-01-13
103043,2026-01-15
103047,2026-03-02
103048,2026-02-11
103048,2026-02-13
103050,2026-01-04
103050,2026-01-08
103050,2026-01-28
103051,2026-02-23
103051,2026-03-17
103054,2026-02-04
103054,2026-02-04
103054,2026-02-06
103056,2026-02-20
103057,2026-02-25
103057,2026-03-01
103057,2026-03-01
103058,2026-02-28
103058,2026-03-01
103060,2026-02-01
103062,2026-01-22
103062,2026-01-25
103064,2026-02-10
103064,2026-03-03
103065,2026-01-08
103065,2026-01-08
103066,2026-02-19
103067,2026-03-01
103068,2026-01-08
103068,2026-01-11
103069,2026-02-20
103069,2026-02-21
103069,2026-02-21
103071,2026-01-08
103071,2026-01-10
103071,2026-01-10
103076,2026-03-01
103076,2026-03-04
103076,2026-03-05
103077,2026-03-28
103078,2026-02-05
103078,2026-02-07
103079,2026-02-28
103079,2026-03-01
103079,2026-03-03
103080,2026-02-02
103081,2026-01-13
103081,2026-01-13
103081,2026-02-06
103082,2026-01-28
103082,2026-01-28
103082,2026-01-29
103083,2026-02-09
103084,2026-02-07
103085,2026-01-19
103086,2026-02-18
103086,2026-02-20
103086,2026-03-19
103087,2026-02-06
103087,2026-02-07
103087,2026-02-09
103089,2026-02-16
103089,2026-02-17
103089,2026-02-17
103091,2026-02-08
103092,2026-01-19
103092,2026-01-20
103092,2026-01-23
103093,2026-03-02
103093,2026-03-04
103094,2026-01-12
103094,2026-01-12
103094,2026-01-14
103097,2026-01-17
103097,2026-01-18
103099,2026-02-22
103099,2026-02-22
103099,2026-02-24
103100,2026-02-09
103100,2026-02-10
103100,2026-02-11
103101,2026-01-24
103101,2026-01-24
103101,2026-01-26
103102,2026-01-24
103102,2026-01-25
103103,2026-02-12
103103,2026-02-13
103104,2026-01-28
103104,2026-01-30
103106,2026-02-25
103107,2026-01-30
103107,2026-01-31
103108,2026-01-05
103108,2026-01-06
103109,2026-01-27
103109,2026-01-29
103109,2026-01-29
103110,2026-02-02
103110,2026-02-05
103111,2026-01-30
103111,2026-02-01
103111,2026-02-24
103114,2026-01-22
103114,2026-01-23
103116,2026-02-13
103116,2026-02-14
103116,2026-02-16
103119,2026-02-23
103119,2026-02-26
103119,2026-02-26
103121,2026-01-23
103121,2026-01-23
103121,2026-01-25
103122,2026-01-21
103122,2026-01-22
103124,2026-02-17
103127,2026-02-17
103127,2026-02-18
103127,2026-02-18
103128,2026-02-16
103128,2026-02-18
103133,2026-01-18
103134,2026-02-02
103134,2026-02-04
103135,2026-01-04
103135,2026-01-05
103135,2026-01-06
103136,2026-01-02
103136,2026-01-05
103136,2026-01-06
103138,2026-03-11
103139,2026-02-01
103139,2026-02-02
103139,2026-02-03
103140,2026-02-26
103141,2026-01-06
103141,2026-01-09
103141,2026-01-09
103142,2026-02-15
103142,2026-02-16
103144,2026-01-03
103144,2026-01-04
103144,2026-01-06
103147,2026-01-26
103148,2026-02-27
103148,2026-03-02
103149,2026-01-16
103149,2026-01-19
103149,2026-01-20
103150,2026-02-17
103151,2026-02-11
103152,2026-01-19
103152,2026-01-20
103152,2026-01-21
103153,2026-02-19
103153,2026-02-21
103155,2026-01-30
103155,2026-01-31
103155,2026-02-01
103156,2026-01-16
103160,2026-02-17
103160,2026-02-20
103161,2026-01-27
103161,2026-01-29
103164,2026-01-09
103164,2026-01-10
103165,2026-01-19
103167,2026-01-31
103168,2026-02-06
103168,2026-02-06
103169,2026-01-20
103169,2026-01-21
103169,2026-01-22
103171,2026-01-25
103171,2026-01-26
103171,2026-02-14
103173,2026-01-10
103173,2026-01-12
103173,2026-01-13
103174,2026-02-04
103174,2026-02-04
103174,2026-02-07
103175,2026-02-27
103177,2026-02-23
103177,2026-03-12
103180,2026-02-28
103180,2026-03-01
103181,2026-01-31
103181,2026-02-01
103184,2026-02-06
103184,2026-02-08
103184,2026-02-08
103186,2026-01-30
103186,2026-01-31
103187,2026-01-13
103188,2026-02-01
103190,2026-02-02
103190,2026-02-04
103190,2026-02-06
103192,2026-02-27
103193,2026-01-22
103193,2026-01-23
103193,2026-01-25
103194,2026-02-09
103196,2026-01-10
103198,2026-02-23
103199,2026-02-27
103199,2026-02-28
103200,2026-02-05
103200,2026-02-08
103200,2026-02-09
103201,2026-02-22
103203,2026-02-20
103203,2026-02-21
103204,2026-02-03
103204,2026-02-05
103204,2026-02-06
103206,2026-02-25
103206,2026-02-28
103206,2026-03-01
103209,2026-02-19
103210,2026-02-01
103213,2026-02-10
103213,2026-02-11
103213,2026-02-12
103214,2026-01-29
103214,2026-01-29
103214,2026-02-01
103215,2026-02-08
103215,2026-02-11
103216,2026-02-06
103216,2026-02-06
103217,2026-02-01
103217,2026-02-03
103218,2026-01-06
103218,2026-01-09
103218,2026-01-10
103219,2026-01-31
103219,2026-02-01
103219,2026-02-02
103220,2026-01-23
103220,2026-01-24
103221,2026-02-21
103222,2026-01-14
103223,2026-01-05
103223,2026-01-08
103225,2026-02-14
103225,2026-02-17
103227,2026-02-13
103228,2026-02-27
103228,2026-03-02
103228,2026-03-28
103229,2026-01-14
103229,2026-01-17
103229,2026-01-17
103231,2026-01-05
103231,2026-01-05
103231,2026-01-06
103233,2026-02-05
103238,2026-01-15
103240,2026-02-12
103242,2026-03-01
103242,2026-03-04
103243,2026-02-01
103243,2026-02-03
103243,2026-02-03
103245,2026-01-21
103245,2026-01-22
103246,2026-03-07
103249,2026-01-24
103249,2026-01-25
103249,2026-01-27
103250,2026-01-15
103252,2026-01-25
103252,2026-01-25
103253,2026-02-04
103253,2026-02-06
103255,2026-01-14
103256,2026-02-12
103256,2026-02-13
103256,2026-02-14
103257,2026-01-11
103257,2026-01-30
103259,2026-03-03
103259,2026-03-03
103260,2026-02-14
103260,2026-02-16
103261,2026-03-18
103263,2026-02-12
103265,2026-01-28
103265,2026-01-28
103265,2026-01-29
103266,2026-02-06
103267,2026-02-13
103267,2026-02-15
103268,2026-03-03
103268,2026-03-03
103268,2026-03-04
103270,2026-02-11
103272,2026-01-06
103272,2026-01-06
103272,2026-01-09
103273,2026-02-05
103273,2026-02-06
103273,2026-02-07
103274,2026-01-15
103276,2026-01-08
103279,2026-02-17
103279,2026-02-18
103279,2026-02-19
103280,2026-02-12
103280,2026-02-15
103281,2026-01-11
103282,2026-02-12
103282,2026-02-12
103284,2026-01-28
103284,2026-02-17
103285,2026-02-03
103285,2026-02-05
103285,2026-02-07
103286,2026-01-23
103286,2026-01-24
103287,2026-03-01
103287,2026-03-02
103288,2026-02-16
103288,2026-02-17
103288,2026-02-17
103289,2026-01-07
103289,2026-01-09
103289,2026-01-10
103290,2026-02-10
103290,2026-02-13
103294,2026-01-04
103294,2026-01-05
103294,2026-01-08
103297,2026-01-07
103298,2026-02-27
103298,2026-02-27
103298,2026-02-28
103299,2026-02-15
103301,2026-02-18
103301,2026-02-18
103302,2026-02-24
103302,2026-02-24
103303,2026-01-14
103305,2026-01-13
103305,2026-01-17
103306,2026-03-12
103308,2026-02-25
103308,2026-02-26
103308,2026-02-26
103309,2026-02-27
103310,2026-02-21
103312,2026-02-05
103312,2026-02-08
103312,2026-02-09
103313,2026-01-20
103313,2026-01-20
103313,2026-01-20
103314,2026-01-18
103314,2026-01-19
103314,2026-01-21
103315,2026-02-14
103317,2026-02-09
103318,2026-01-30
103318,2026-01-30
103319,2026-01-31
103319,2026-02-01
103319,2026-02-01
103320,2026-01-09
103320,2026-01-09
103320,2026-01-10
103325,2026-01-15
103325,2026-01-18
103325,2026-01-18
103326,2026-02-07
103327,2026-01-06
103327,2026-01-06
103327,2026-01-07
103328,2026-02-02
103330,2026-02-07
103331,2026-01-14
103333,2026-01-07
103333,2026-01-08
103333,2026-01-09
103334,2026-02-15
103334,2026-02-17
103335,2026-02-08
103336,2026-02-19
103336,2026-02-22
103336,2026-02-23
103337,2026-01-12
103338,2026-03-02
103338,2026-03-02
103340,2026-03-02
103340,2026-03-02
103346,2026-02-11
103346,2026-02-11
103346,2026-03-06
103348,2026-01-23
103348,2026-01-24
103348,2026-01-26
103351,2026-02-12
103351,2026-02-13
103353,2026-01-20
103355,2026-01-10
103357,2026-01-26
103357,2026-01-29
103360,2026-02-01
103360,2026-02-25
103361,2026-02-03
103361,2026-02-04
103361,2026-02-06
103362,2026-02-13
103365,2026-02-04
103365,2026-02-04
103366,2026-01-06
103366,2026-01-07
103366,2026-01-09
103367,2026-01-17
103371,2026-01-24
103371,2026-01-25
103371,2026-01-26
103372,2026-03-12
103374,2026-02-27
103374,2026-03-01
103374,2026-03-02
103376,2026-02-27
103378,2026-01-15
103378,2026-01-18
103380,2026-01-28
103382,2026-01-12
103382,2026-01-21
103382,2026-02-09
103383,2026-02-10
103384,2026-01-22
103384,2026-01-22
103384,2026-01-25
103385,2026-01-10
103385,2026-01-11
103386,2026-02-19
103386,2026-02-20
103386,2026-02-21
103387,2026-01-17
103387,2026-01-18
103387,2026-01-18
103388,2026-03-27
103389,2026-01-30
103389,2026-01-31
103389,2026-01-31
103391,2026-02-01
103391,2026-02-03
103391,2026-02-04
103392,2026-02-16
103392,2026-02-16
103392,2026-02-17
103394,2026-03-02
103396,2026-01-21
103397,2026-01-31
103397,2026-01-31
103397,2026-02-02
103399,2026-02-03
103400,2026-02-15
103400,2026-02-17
103401,2026-02-11
103402,2026-01-22
103402,2026-01-24
103402,2026-01-24
103404,2026-01-31
103404,2026-02-04
103405,2026-02-13
103405,2026-02-14
103406,2026-03-01
103406,2026-03-03
103408,2026-02-25
103410,2026-01-26
103413,2026-01-21
103414,2026-01-25
103414,2026-01-29
103415,2026-02-06
103415,2026-02-07
103415,2026-02-08
103418,2026-02-07
103418,2026-02-07
103418,2026-02-09
103419,2026-01-27
103419,2026-01-28
103419,2026-01-28
103422,2026-02-05
103422,2026-02-08
103422,2026-02-08
103424,2026-02-15
103424,2026-02-18
103424,2026-02-18
103425,2026-01-07
103426,2026-03-02
103426,2026-03-02
103426,2026-03-05
103429,2026-01-12
103429,2026-01-16
103429,2026-02-07
103431,2026-01-14
103431,2026-01-17
103431,2026-01-17
103433,2026-02-19
103434,2026-03-28
103436,2026-02-15
103437,2026-03-15
103438,2026-01-27
103438,2026-01-29
103438,2026-01-30
103441,2026-01-14
103442,2026-02-05
103442,2026-02-06
103442,2026-02-07
103444,2026-01-26
103444,2026-01-29
103444,2026-01-29
103445,2026-01-15
103445,2026-01-16
103445,2026-01-17
103446,2026-02-04
103447,2026-02-16
103447,2026-02-17
103448,2026-02-24
103448,2026-02-25
103451,2026-01-15
103452,2026-02-18
103452,2026-02-20
103452,2026-02-22
103453,2026-01-28
103453,2026-01-29
103453,2026-01-30
103454,2026-01-17
103455,2026-02-02
103459,2026-02-25
103459,2026-03-30
103460,2026-02-01
103460,2026-02-01
103460,2026-02-04
103462,2026-01-27
103463,2026-03-01
103463,2026-03-01
103464,2026-02-04
103464,2026-02-09
103464,2026-03-09
103465,2026-01-12
103466,2026-02-19
103466,2026-02-20
103466,2026-02-20
103468,2026-01-19
103468,2026-01-19
103468,2026-01-21
103469,2026-02-02
103469,2026-02-04
103469,2026-02-05
103471,2026-02-18
103472,2026-01-09
103472,2026-01-09
103472,2026-01-10
103473,2026-03-26
103476,2026-02-08
103476,2026-02-10
103477,2026-01-18
103477,2026-01-19
103477,2026-02-11
103478,2026-01-28
103478,2026-01-28
103480,2026-01-09
103480,2026-01-11
103480,2026-01-12
103481,2026-03-27
103482,2026-01-19
103482,2026-01-20
103483,2026-01-29
103483,2026-01-30
103483,2026-01-30
103484,2026-01-11
103485,2026-02-22
103485,2026-02-23
103488,2026-02-11
103489,2026-02-12
103489,2026-02-12
103489,2026-02-12
103491,2026-01-24
103491,2026-01-25
103492,2026-01-18
103493,2026-01-05
103493,2026-01-12
103493,2026-02-06
103494,2026-02-05
103494,2026-02-06
103494,2026-02-08
103495,2026-01-28
103495,2026-01-29
103495,2026-01-30
103499,2026-03-01
103500,2026-02-20
103501,2026-02-02
103501,2026-02-07
103501,2026-03-03
103502,2026-01-29
103502,2026-01-30
103502,2026-02-01
103506,2026-02-16
103506,2026-02-17
103506,2026-02-19
103507,2026-02-15
103507,2026-02-17
103507,2026-02-17
103509,2026-02-24
103510,2026-02-18
103510,2026-02-18
103510,2026-02-21
103513,2026-02-22
103514,2026-02-26
103515,2026-02-28
103515,2026-03-01
103516,2026-01-19
103516,2026-01-20
103516,2026-01-21
103518,2026-01-04
103518,2026-01-07
103520,2026-02-14
103521,2026-02-19
103521,2026-02-22
103521,2026-03-14
103522,2026-02-16
103522,2026-02-18
103524,2026-02-15
103524,2026-02-16
103524,2026-02-17
103525,2026-02-06
103525,2026-02-08
103525,2026-02-09
103527,2026-01-17
103527,2026-01-21
103528,2026-01-16
103528,2026-01-18
103529,2026-03-01
103529,2026-03-01
103530,2026-01-29
103530,2026-01-30
103531,2026-02-12
103531,2026-02-14
103532,2026-01-26
103532,2026-01-28
103532,2026-01-29
103536,2026-01-06
103537,2026-01-22
103537,2026-01-24
103539,2026-02-06
103541,2026-02-07
103541,2026-02-08
103544,2026-02-18
103544,2026-02-20
103544,2026-02-20
103546,2026-02-23
103546,2026-02-26
103546,2026-02-26
103547,2026-02-07
103548,2026-03-01
103549,2026-01-15
103549,2026-01-17
103549,2026-01-18
103551,2026-02-24
103551,2026-02-26
103551,2026-02-27
103553,2026-02-12
103553,2026-02-13
103553,2026-02-14
103554,2026-02-09
103554,2026-02-11
103554,2026-02-12
103555,2026-01-09
103555,2026-01-13
103556,2026-01-17
103556,2026-01-18
103558,2026-02-07
103558,2026-02-09
103560,2026-01-05
103562,2026-01-25
103564,2026-01-06
103564,2026-01-07
103564,2026-01-09
103565,2026-01-25
103565,2026-01-28
103566,2026-01-09
103566,2026-01-09
103567,2026-02-27
103569,2026-02-18
103570,2026-01-31
103570,2026-02-01
103570,2026-02-04
103572,2026-01-17
103572,2026-02-05
103573,2026-02-19
103575,2026-01-17
103575,2026-01-17
103576,2026-02-21
103577,2026-02-26
103577,2026-02-26
103577,2026-02-28
103578,2026-02-04
103581,2026-02-15
103581,2026-02-16
103581,2026-02-16
103582,2026-02-15
103583,2026-02-09
103583,2026-02-09
103584,2026-01-24
103584,2026-01-26
103585,2026-01-08
103585,2026-01-12
103587,2026-02-15
103588,2026-01-15
103588,2026-01-16
103589,2026-01-03
103589,2026-01-06
103590,2026-02-21
103590,2026-02-24
103590,2026-03-16
103593,2026-01-26
103593,2026-01-26
103594,2026-02-26
103594,2026-02-26
103594,2026-02-26
103595,2026-02-10
103597,2026-02-12
103597,2026-02-13
103598,2026-02-25
103598,2026-02-25
103598,2026-02-28
103600,2026-01-19
103601,2026-01-07
103601,2026-01-09
103602,2026-02-15
103602,2026-02-17
103602,2026-02-18
103603,2026-02-06
103603,2026-02-06
103603,2026-02-09
103607,2026-02-22
103608,2026-02-03
103608,2026-02-19
103609,2026-01-21
103609,2026-01-23
103610,2026-02-19
103610,2026-02-20
103610,2026-02-23
103611,2026-01-05
103611,2026-01-06
103612,2026-01-15
103612,2026-01-18
103613,2026-02-26
103613,2026-03-01
103614,2026-01-23
103618,2026-01-27
103619,2026-02-08
103619,2026-02-10
103619,2026-02-11
103622,2026-02-22
103623,2026-02-18
103623,2026-02-20
103626,2026-02-16
103627,2026-01-21
103629,2026-02-09
103629,2026-02-12
103629,2026-02-13
103630,2026-01-07
103630,2026-01-07
103630,2026-01-08
103631,2026-01-15
103631,2026-01-17
103632,2026-01-14
103633,2026-01-13
103633,2026-01-13
103636,2026-02-22
103636,2026-02-23
103636,2026-02-25
103637,2026-02-17
103637,2026-02-19
103637,2026-02-20
103639,2026-02-13
103639,2026-02-14
103639,2026-02-14
103640,2026-01-20
103640,2026-01-23
103640,2026-01-23
103641,2026-02-16
103641,2026-02-17
103642,2026-01-13
103645,2026-01-14
103645,2026-01-16
103646,2026-01-24
103646,2026-01-25
103649,2026-01-30
103650,2026-01-07
103650,2026-01-07
103650,2026-01-08
103651,2026-01-18
103651,2026-01-22
103651,2026-01-22
103653,2026-01-30
103653,2026-01-31
103654,2026-02-28
103657,2026-02-18
103659,2026-01-15
103660,2026-02-19
103660,2026-02-22
103660,2026-03-24
103661,2026-02-08
103663,2026-01-16
103663,2026-01-16
103663,2026-01-17
103664,2026-02-14
103666,2026-02-07
103666,2026-03-05
103667,2026-02-16
103667,2026-02-16
103667,2026-02-17
103669,2026-02-04
103669,2026-02-05
103670,2026-01-11
103673,2026-01-24
103673,2026-01-26
103673,2026-01-26
103674,2026-02-03
103674,2026-02-19
103675,2026-02-18
103675,2026-02-21
103676,2026-02-04
103676,2026-02-05
103676,2026-02-07
103678,2026-03-26
103680,2026-02-04
103680,2026-03-01
103682,2026-02-17
103682,2026-02-18
103684,2026-02-01
103684,2026-02-02
103684,2026-02-04
103685,2026-01-07
103687,2026-02-09
103687,2026-02-11
103688,2026-03-01
103688,2026-03-05
103691,2026-01-16
103693,2026-01-17
103693,2026-01-18
103694,2026-03-29
103695,2026-01-15
103695,2026-01-16
103698,2026-01-20
103700,2026-01-27
103701,2026-01-09
103701,2026-01-10
103702,2026-02-18
103702,2026-02-19
103702,2026-02-21
103705,2026-02-01
103705,2026-02-03
103705,2026-02-04
103707,2026-02-08
103707,2026-02-09
103708,2026-01-11
103708,2026-01-13
103714,2026-03-03
103715,2026-02-26
103716,2026-02-06
103716,2026-02-06
103717,2026-03-04
103718,2026-02-08
103718,2026-02-09
103718,2026-02-11
103719,2026-02-20
103719,2026-02-24
103723,2026-02-05
103724,2026-01-11
103724,2026-01-12
103724,2026-01-13
103731,2026-01-16
103734,2026-01-13
103734,2026-01-16
103734,2026-01-17
103735,2026-01-23
103735,2026-01-24
103737,2026-01-17
103737,2026-01-18
103737,2026-01-21
103738,2026-02-27
103741,2026-03-03
103742,2026-01-04
103746,2026-02-08
103746,2026-02-10
103747,2026-02-09
103747,2026-02-12
103748,2026-01-23
103748,2026-01-23
103748,2026-01-26
103749,2026-01-17
103749,2026-01-19
103749,2026-01-20
103750,2026-01-15
103750,2026-01-18
103751,2026-02-09
103751,2026-02-11
103751,2026-02-11
103752,2026-02-17
103753,2026-02-26
103753,2026-02-27
103753,2026-03-18
103755,2026-02-17
103755,2026-02-17
103755,2026-02-17
103756,2026-01-05
103756,2026-01-05
103756,2026-01-07
103758,2026-01-28
103758,2026-01-29
103758,2026-01-29
103759,2026-01-14
103761,2026-02-08
103765,2026-02-07
103765,2026-02-16
103765,2026-03-04
103766,2026-02-21
103767,2026-01-09
103767,2026-01-10
103768,2026-02-14
103768,2026-02-16
103769,2026-01-28
103770,2026-01-15
103770,2026-01-16
103770,2026-01-17
103771,2026-01-20
103772,2026-02-09
103772,2026-03-14
103773,2026-02-22
103773,2026-02-23
103777,2026-03-04
103777,2026-03-04
103778,2026-01-30
103780,2026-01-20
103780,2026-01-22
103781,2026-02-06
103782,2026-02-06
103783,2026-02-12
103786,2026-02-08
103787,2026-01-19
103787,2026-01-20
103787,2026-01-21
103789,2026-02-28
103789,2026-03-01
103789,2026-03-02
103790,2026-01-15
103791,2026-01-05
103791,2026-01-05
103791,2026-01-09
103794,2026-02-17
103795,2026-01-07
103796,2026-02-23
103796,2026-02-23
103799,2026-02-23
103799,2026-02-23
103799,2026-02-25
103800,2026-01-30
103800,2026-01-31
103800,2026-02-03
103802,2026-01-24
103803,2026-02-26
103804,2026-01-08
103804,2026-01-10
103804,2026-01-12
103805,2026-02-13
103807,2026-02-13
103807,2026-02-14
103809,2026-02-19
103809,2026-02-22
103810,2026-01-27
103810,2026-01-27
103815,2026-02-15
103815,2026-02-15
103815,2026-02-17
103816,2026-01-07
103816,2026-01-07
103817,2026-01-03
103817,2026-01-04
103817,2026-01-28
103818,2026-02-26
103818,2026-02-27
103818,2026-02-28
103819,2026-01-30
103820,2026-02-15
103823,2026-01-17
103823,2026-01-17
103823,2026-01-20
103825,2026-03-16
103826,2026-02-14
103826,2026-02-15
103826,2026-02-18
103828,2026-01-14
103828,2026-01-16
103828,2026-01-17
103829,2026-01-14
103829,2026-01-14
103831,2026-02-25
103831,2026-02-26
103831,2026-02-27
103832,2026-01-29
103832,2026-01-29
103832,2026-01-30
103833,2026-01-06
103833,2026-01-08
103834,2026-03-02
103834,2026-03-21
103835,2026-01-20
103835,2026-02-14
103836,2026-02-03
103836,2026-02-08
103836,2026-02-26
103837,2026-01-29
103837,2026-01-29
103837,2026-01-29
103838,2026-01-25
103841,2026-01-20
103841,2026-01-22
103842,2026-01-20
103843,2026-01-06
103844,2026-02-01
103846,2026-02-24
103846,2026-02-25
103846,2026-02-27
103850,2026-01-17
103850,2026-01-20
103851,2026-02-23
103851,2026-02-23
103851,2026-02-24
103855,2026-01-26
103855,2026-01-28
103855,2026-02-24
103856,2026-01-17
103856,2026-01-17
103857,2026-01-18
103860,2026-01-11
103860,2026-01-12
103861,2026-01-10
103861,2026-01-13
103862,2026-02-28
103862,2026-03-01
103862,2026-03-01
103863,2026-02-06
103863,2026-02-08
103863,2026-02-08
103865,2026-01-13
103866,2026-02-28
103867,2026-02-24
103869,2026-01-30
103872,2026-01-18
103872,2026-01-18
103872,2026-01-19
103873,2026-02-24
103873,2026-02-24
103873,2026-02-27
103874,2026-03-17
103875,2026-01-07
103876,2026-03-01
103877,2026-02-10
103877,2026-02-11
103877,2026-02-13
103880,2026-01-18
103880,2026-01-19
103881,2026-01-11
103881,2026-01-14
103883,2026-01-02
103883,2026-01-03
103883,2026-01-04
103884,2026-03-02
103884,2026-03-02
103884,2026-03-05
103885,2026-02-15
103886,2026-02-18
103886,2026-02-22
103888,2026-01-11
103888,2026-01-13
103888,2026-01-15
103892,2026-01-29
103892,2026-01-30
103894,2026-01-30
103894,2026-02-27
103895,2026-01-27
103896,2026-01-22
103896,2026-01-23
103896,2026-01-26
103899,2026-02-15
103900,2026-02-05
103901,2026-02-01
103901,2026-02-03
103903,2026-01-12
103903,2026-01-12
103904,2026-02-28
103905,2026-01-20
103905,2026-01-21
103906,2026-01-17
103906,2026-01-19
103906,2026-02-09
103909,2026-02-10
103909,2026-02-10
103910,2026-02-01
103910,2026-02-01
103910,2026-02-02
103912,2026-02-17
103912,2026-02-18
103915,2026-01-11
103915,2026-01-12
103915,2026-01-13
103918,2026-02-20
103918,2026-02-22
103918,2026-02-22
103920,2026-01-20
103921,2026-01-23
103921,2026-01-26
103923,2026-01-23
103924,2026-01-24
103924,2026-01-25
103925,2026-02-25
103925,2026-02-26
103927,2026-01-22
103927,2026-01-23
103928,2026-02-19
103930,2026-02-03
103931,2026-02-25
103931,2026-03-23
103932,2026-01-16
103932,2026-01-16
103932,2026-01-18
103933,2026-01-02
103934,2026-01-20
103934,2026-01-23
103935,2026-01-18
103935,2026-01-20
103935,2026-01-21
103936,2026-02-10
103937,2026-01-10
103937,2026-01-13
103937,2026-01-13
103938,2026-02-25
103938,2026-02-27
103939,2026-02-11
103939,2026-02-12
103941,2026-02-02
103942,2026-02-12
103942,2026-02-12
103942,2026-02-16
103945,2026-02-26
103946,2026-02-11
103948,2026-02-01
103951,2026-02-18
103953,2026-02-08
103953,2026-02-11
103953,2026-02-11
103954,2026-01-02
103954,2026-01-03
103954,2026-01-06
103957,2026-02-08
103957,2026-02-09
103957,2026-02-09
103964,2026-01-10
103965,2026-02-15
103966,2026-02-01
103967,2026-02-15
103968,2026-02-28
103970,2026-01-18
103970,2026-01-18
103970,2026-01-20
103973,2026-01-20
103973,2026-02-05
103974,2026-03-01
103974,2026-03-03
103975,2026-02-12
103975,2026-03-09
103976,2026-01-04
103977,2026-01-17
103977,2026-01-19
103977,2026-01-20
103979,2026-01-05
103979,2026-01-06
103980,2026-02-17
103981,2026-01-18
103983,2026-01-31
103983,2026-02-02
103986,2026-01-06
103987,2026-02-24
103989,2026-02-05
103990,2026-01-11
103990,2026-01-12
104000,2026-02-27
104002,2026-02-10
104003,2026-01-26
104003,2026-01-26
104003,2026-01-29
104005,2026-01-28
104005,2026-01-29
104005,2026-01-29
104006,2026-01-27
104006,2026-01-28
104006,2026-01-29
104007,2026-03-01
104008,2026-01-24
104009,2026-02-08
104009,2026-02-10
104012,2026-01-30
104014,2026-02-12
104014,2026-02-12
104014,2026-02-15
104015,2026-01-21
104015,2026-01-23
104018,2026-02-18
104023,2026-02-13
104025,2026-03-03
104025,2026-03-04
104026,2026-01-13
104028,2026-01-03
104028,2026-01-08
104028,2026-02-05
104029,2026-02-27
104030,2026-03-28
104031,2026-02-23
104031,2026-02-23
104031,2026-02-25
104032,2026-01-07
104032,2026-01-09
104032,2026-01-10
104038,2026-01-20
104039,2026-03-01
104040,2026-02-23
104041,2026-01-16
104042,2026-01-19
104048,2026-01-16
104048,2026-01-21
104048,2026-02-06
104049,2026-02-17
104049,2026-02-19
104051,2026-01-23
104051,2026-02-17
104052,2026-01-31
104055,2026-03-24
104058,2026-01-18
104058,2026-01-18
104058,2026-01-20
104059,2026-02-03
104059,2026-02-04
104060,2026-02-10
104060,2026-02-11
104060,2026-02-12
104062,2026-02-14
104064,2026-01-22
104064,2026-01-25
104070,2026-01-09
104070,2026-01-10
104071,2026-02-24
104071,2026-02-28
104072,2026-01-11
104072,2026-01-14
104072,2026-02-06
104074,2026-02-23
104075,2026-02-24
104077,2026-02-28
104079,2026-01-31
104080,2026-01-16
104085,2026-01-29
104085,2026-01-29
104086,2026-02-17
104086,2026-02-19
104088,2026-03-04
104088,2026-03-05
104088,2026-03-05
104089,2026-01-24
104089,2026-01-25
104089,2026-01-26
104092,2026-01-29
104092,2026-01-30
104093,2026-02-03
104093,2026-02-04
104096,2026-01-25
104098,2026-02-19
104099,2026-01-21
104099,2026-01-23
104099,2026-01-23
104100,2026-02-28
104103,2026-01-05
104104,2026-02-27
104104,2026-02-28
104107,2026-01-15
104107,2026-02-11
104109,2026-02-11
104109,2026-02-15
104110,2026-03-25
104112,2026-03-24
104113,2026-02-19
104113,2026-02-19
104113,2026-02-20
104114,2026-02-28
104114,2026-03-03
104114,2026-03-04
104115,2026-01-22
104117,2026-03-09
104119,2026-01-03
104119,2026-01-04
104121,2026-02-20
104121,2026-02-22
104122,2026-02-05
104122,2026-02-07
104122,2026-02-08
104123,2026-02-10
104123,2026-02-11
104127,2026-02-10
104128,2026-01-13
104130,2026-01-27
104130,2026-01-28
104130,2026-01-29
104133,2026-02-07
104134,2026-01-27
104134,2026-01-28
104134,2026-01-31
104135,2026-02-14
104136,2026-03-05
104137,2026-02-10
104137,2026-02-11
104139,2026-01-30
104140,2026-01-19
104143,2026-01-17
104144,2026-01-29
104144,2026-02-01
104145,2026-02-05
104145,2026-02-06
104147,2026-01-19
104149,2026-01-09
104149,2026-01-10
104150,2026-01-19
104150,2026-01-22
104152,2026-02-26
104152,2026-02-26
104154,2026-02-08
104154,2026-02-08
104155,2026-02-17
104155,2026-02-17
104157,2026-01-22
104157,2026-01-23
104159,2026-02-05
104160,2026-02-03
104160,2026-02-03
104162,2026-03-04
104164,2026-01-09
104164,2026-01-10
104166,2026-02-10
104166,2026-02-12
104166,2026-02-14
104167,2026-01-19
104167,2026-01-21
104167,2026-01-21
104168,2026-02-17
104168,2026-02-18
104168,2026-02-18
104169,2026-01-14
104169,2026-01-15
104170,2026-02-08
104174,2026-02-22
104174,2026-02-26
104174,2026-02-26
104175,2026-02-13
104175,2026-02-17
104176,2026-01-27
104177,2026-02-14
104178,2026-02-13
104178,2026-02-13
104180,2026-02-06
104181,2026-03-21
104182,2026-02-11
104184,2026-01-25
104184,2026-01-27
104184,2026-01-27
104185,2026-01-23
104185,2026-01-24
104186,2026-03-01
104186,2026-03-04
104188,2026-03-02
104188,2026-03-02
104189,2026-02-19
104189,2026-02-22
104191,2026-02-22
104191,2026-02-22
104191,2026-02-24
104192,2026-01-18
104192,2026-01-18
104192,2026-01-19
104194,2026-01-11
104194,2026-01-28
104195,2026-01-14
104195,2026-01-15
104195,2026-01-17
104196,2026-01-13
104196,2026-01-15
104198,2026-01-15
104198,2026-01-15
104198,2026-01-15
104200,2026-02-18
104201,2026-01-26
104201,2026-01-27
104201,2026-01-28
104202,2026-02-16
104202,2026-02-16
104202,2026-02-16
104203,2026-02-04
104203,2026-02-05
104203,2026-02-07
104204,2026-01-03
104204,2026-01-04
104204,2026-01-06
104205,2026-02-20
104205,2026-02-20
104207,2026-01-27
104209,2026-01-16
104210,2026-01-06
104210,2026-01-06
104211,2026-02-03
104212,2026-03-04
104213,2026-01-18
104213,2026-02-09
104215,2026-01-29
104215,2026-01-30
104216,2026-02-23
104216,2026-02-23
104216,2026-02-26
104219,2026-02-08
104222,2026-01-07
104222,2026-01-09
104222,2026-01-09
104223,2026-03-03
104224,2026-01-27
104225,2026-01-31
104225,2026-02-04
104226,2026-02-17
104226,2026-02-20
104227,2026-01-17
104228,2026-01-21
104228,2026-01-22
104229,2026-01-05
104231,2026-01-24
104231,2026-01-24
104231,2026-01-26
104232,2026-03-05
104233,2026-02-14
104233,2026-03-10
104234,2026-02-23
104235,2026-03-01
104239,2026-01-27
104240,2026-01-25
104241,2026-01-25
104241,2026-01-29
104243,2026-02-15
104243,2026-02-15
104245,2026-02-16
104245,2026-03-17
104246,2026-03-01
104246,2026-03-02
104246,2026-03-04
104248,2026-02-23
104252,2026-02-28
104253,2026-03-02
104253,2026-03-04
104253,2026-03-05
104256,2026-02-12
104256,2026-02-13
104256,2026-02-15
104257,2026-01-22
104257,2026-01-22
104259,2026-01-13
104260,2026-01-17
104260,2026-01-21
104260,2026-01-21
104262,2026-01-20
104262,2026-02-14
104263,2026-02-18
104265,2026-03-03
104265,2026-03-04
104266,2026-02-17
104270,2026-02-27
104270,2026-02-28
104275,2026-01-12
104275,2026-01-13
104275,2026-01-15
104276,2026-02-28
104276,2026-03-03
104278,2026-01-16
104278,2026-01-18
104278,2026-01-18
104279,2026-01-26
104281,2026-01-25
104281,2026-01-26
104281,2026-01-29
104282,2026-03-03
104283,2026-02-09
104283,2026-02-11
104283,2026-02-11
104287,2026-02-04
104287,2026-02-06
104290,2026-02-13
104293,2026-02-15
104294,2026-02-04
104294,2026-02-05
104296,2026-01-24
104296,2026-01-25
104296,2026-01-26
104297,2026-02-12
104297,2026-02-14
104298,2026-01-18
104298,2026-01-20
104298,2026-01-22
104299,2026-03-23
104302,2026-01-08
104303,2026-02-10
104304,2026-02-10
104305,2026-02-18
104305,2026-02-18
104307,2026-02-09
104311,2026-03-01
104311,2026-03-02
104312,2026-02-20
104314,2026-01-18
104315,2026-02-18
104315,2026-02-20
104315,2026-02-22
104316,2026-02-11
104318,2026-03-11
104319,2026-02-24
104319,2026-02-26
104320,2026-02-15
104322,2026-02-06
104322,2026-02-07
104322,2026-02-09
104323,2026-01-29
104324,2026-02-12
104324,2026-02-13
104324,2026-02-16
104325,2026-01-05
104325,2026-01-07
104327,2026-02-12
104328,2026-03-01
104328,2026-03-01
104328,2026-03-05
104330,2026-02-09
104330,2026-02-12
104331,2026-02-25
104331,2026-02-27
104331,2026-03-22
104332,2026-01-02
104332,2026-01-04
104332,2026-01-06
104334,2026-01-12
104334,2026-01-13
104335,2026-02-14
104336,2026-01-12
104336,2026-01-13
104337,2026-02-20
104337,2026-02-21
104339,2026-01-10
104340,2026-02-23
104343,2026-02-18
104343,2026-02-18
104344,2026-02-13
104344,2026-02-15
104344,2026-02-16
104346,2026-02-17
104347,2026-02-04
104347,2026-02-06
104351,2026-02-09
104351,2026-02-09
104353,2026-02-15
104354,2026-02-01
104354,2026-02-04
104354,2026-02-04
104358,2026-01-07
104359,2026-02-16
104359,2026-02-17
104359,2026-02-18
104361,2026-01-13
104364,2026-02-26
104365,2026-01-08
104366,2026-02-15
104366,2026-02-18
104367,2026-01-23
104367,2026-01-23
104367,2026-02-15
104369,2026-01-07
104369,2026-01-09
104369,2026-01-09
104370,2026-01-11
104370,2026-01-13
104371,2026-01-14
104371,2026-01-14
104371,2026-01-15
104373,2026-01-06
104373,2026-02-05
104374,2026-02-03
104374,2026-02-03
104374,2026-02-06
104375,2026-02-02
104379,2026-02-27
104381,2026-01-08
104381,2026-01-15
104381,2026-02-10
104382,2026-02-17
104382,2026-02-20
104385,2026-02-16
104385,2026-02-18
104385,2026-02-18
104386,2026-02-02
104386,2026-02-03
104386,2026-02-28
104388,2026-03-03
104391,2026-03-22
104392,2026-01-30
104392,2026-02-01
104392,2026-02-02
104393,2026-02-01
104393,2026-02-03
104393,2026-02-05
104394,2026-02-01
104394,2026-02-01
104394,2026-02-04
104395,2026-03-02
104395,2026-03-03
104395,2026-03-05
104396,2026-01-17
104397,2026-01-12
104397,2026-01-13
104397,2026-01-15
104401,2026-01-13
104401,2026-01-14
104401,2026-01-15
104403,2026-01-06
104403,2026-01-07
104404,2026-01-24
104405,2026-02-07
104405,2026-02-08
104407,2026-03-08
104409,2026-01-04
104409,2026-01-05
104410,2026-01-19
104410,2026-01-19
104410,2026-01-22
104411,2026-02-23
104411,2026-02-27
104413,2026-03-02
104413,2026-03-03
104414,2026-02-05
104415,2026-02-18
104418,2026-02-03
104418,2026-02-04
104421,2026-02-06
104421,2026-02-07
104421,2026-02-09
104422,2026-02-07
104422,2026-02-09
104423,2026-01-07
104423,2026-01-09
104424,2026-02-16
104424,2026-02-16
104424,2026-02-16
104426,2026-01-28
104427,2026-01-20
104427,2026-01-21
104427,2026-01-21
104428,2026-02-24
104428,2026-02-26
104429,2026-02-03
104429,2026-02-04
104430,2026-02-15
104430,2026-02-17
104431,2026-02-09
104431,2026-02-11
104431,2026-02-11
104433,2026-01-05
104434,2026-02-24
104435,2026-01-29
104435,2026-01-31
104437,2026-02-28
104438,2026-02-06
104438,2026-02-07
104438,2026-02-07
104440,2026-02-11
104441,2026-02-12
104441,2026-02-13
104443,2026-01-16
104444,2026-01-02
104444,2026-01-03
104444,2026-01-04
104447,2026-03-02
104447,2026-03-04
104449,2026-01-24
104450,2026-01-18
104451,2026-01-17
104453,2026-01-17
104453,2026-01-17
104454,2026-02-24
104454,2026-02-26
104455,2026-02-12
104455,2026-02-13
104457,2026-03-18
104458,2026-02-17
104460,2026-02-13
104460,2026-02-15
104461,2026-02-08
104461,2026-02-10
104462,2026-02-09
104463,2026-02-05
104464,2026-02-09
104465,2026-02-17
104467,2026-03-18
104468,2026-02-06
104470,2026-02-04
104472,2026-01-11
104472,2026-01-14
104472,2026-01-14
104473,2026-01-12
104473,2026-01-14
104475,2026-02-02
104475,2026-02-19
104476,2026-02-16
104476,2026-02-17
104476,2026-02-18
104478,2026-01-16
104478,2026-01-16
104479,2026-01-21
104479,2026-01-22
104480,2026-03-18
104481,2026-01-18
104482,2026-01-02
104482,2026-01-04
104485,2026-02-01
104485,2026-02-02
104486,2026-01-22
104486,2026-01-23
104487,2026-01-28
104487,2026-01-29
104487,2026-01-29
104490,2026-01-28
104490,2026-01-30
104490,2026-02-01
104491,2026-02-01
104493,2026-03-01
104493,2026-03-02
104493,2026-03-02
104497,2026-01-31
104498,2026-02-02
104498,2026-02-04
104498,2026-02-05
104501,2026-02-09
104501,2026-02-12
104502,2026-01-19
104502,2026-01-20
104502,2026-01-21
104505,2026-01-28
104505,2026-01-29
104505,2026-01-31
104506,2026-01-06
104506,2026-01-06
104506,2026-01-09
104508,2026-02-01
104509,2026-01-10
104509,2026-01-13
104510,2026-02-25
104510,2026-02-26
104511,2026-02-03
104513,2026-02-27
104513,2026-02-27
104515,2026-02-07
104515,2026-02-08
104515,2026-02-08
104516,2026-01-20
104516,2026-01-24
104518,2026-02-18
104518,2026-02-21
104520,2026-02-28
104520,2026-02-28
104521,2026-01-22
104521,2026-01-25
104521,2026-02-12
104523,2026-02-21
104523,2026-02-22
104524,2026-01-07
104526,2026-01-04
104529,2026-02-20
104530,2026-01-29
104531,2026-01-19
104531,2026-01-21
104532,2026-01-07
104533,2026-02-16
104535,2026-01-31
104535,2026-01-31
104535,2026-01-31
104536,2026-01-24
104539,2026-01-18
104539,2026-01-20
104541,2026-02-06
104541,2026-02-08
104542,2026-02-01
104545,2026-01-30
104547,2026-02-22
104547,2026-02-26
104548,2026-02-08
104548,2026-02-09
104549,2026-01-02
104549,2026-01-05
104551,2026-02-28
104552,2026-02-02
104552,2026-02-06
104555,2026-01-04
104556,2026-01-23
104556,2026-01-24
104557,2026-01-30
104558,2026-02-16
104558,2026-02-18
104558,2026-02-19
104559,2026-01-22
104562,2026-01-15
104562,2026-01-19
104565,2026-02-24
104565,2026-02-24
104567,2026-01-28
104567,2026-01-29
104568,2026-02-01
104572,2026-02-28
104576,2026-02-18
104576,2026-02-20
104579,2026-01-03
104579,2026-01-06
104579,2026-01-06
104580,2026-02-18
104580,2026-02-19
104582,2026-02-20
104582,2026-03-19
104583,2026-01-20
104584,2026-01-06
104584,2026-01-08
104584,2026-01-08
104585,2026-03-01
104585,2026-03-02
104585,2026-03-03
104587,2026-01-27
104587,2026-01-29
104587,2026-01-30
104588,2026-01-12
104588,2026-01-13
104588,2026-01-15
104590,2026-02-04
104590,2026-02-04
104590,2026-02-05
104591,2026-02-06
104592,2026-01-06
104592,2026-01-06
104593,2026-02-22
104593,2026-02-22
104593,2026-02-22
104594,2026-01-22
104595,2026-02-08
104595,2026-02-10
104598,2026-02-10
104600,2026-02-26
104600,2026-02-27
104602,2026-01-25
104602,2026-01-26
104602,2026-01-27
104604,2026-02-16
104604,2026-02-16
104604,2026-02-19
104606,2026-01-10
104607,2026-02-25
104607,2026-03-01
104608,2026-01-27
104610,2026-03-20
104611,2026-02-27
104614,2026-02-05
104616,2026-02-28
104616,2026-03-02
104617,2026-01-31
104618,2026-01-23
104618,2026-01-23
104618,2026-01-24
104619,2026-02-24
104619,2026-02-24
104620,2026-02-11
104621,2026-02-07
104623,2026-02-04
104623,2026-02-05
104624,2026-01-04
104624,2026-01-05
104624,2026-01-05
104626,2026-03-09
104627,2026-01-30
104627,2026-01-31
104630,2026-01-02
104630,2026-01-07
104630,2026-02-02
104633,2026-01-09
104634,2026-01-06
104634,2026-01-07
104634,2026-01-07
104635,2026-02-21
104635,2026-02-22
104635,2026-02-23
104636,2026-02-25
104637,2026-01-24
104637,2026-01-24
104639,2026-01-31
104640,2026-02-04
104640,2026-02-08
104640,2026-02-08
104641,2026-02-07
104641,2026-02-08
104643,2026-01-27
104644,2026-02-03
104644,2026-02-05
104645,2026-03-03
104646,2026-02-22
104646,2026-02-23
104646,2026-03-17
104647,2026-01-05
104647,2026-01-08
104647,2026-01-09
104648,2026-01-22
104648,2026-01-23
104648,2026-01-24
104649,2026-02-24
104649,2026-02-26
104649,2026-03-15
104651,2026-01-13
104652,2026-01-27
104652,2026-01-29
104654,2026-02-27
104655,2026-02-04
104655,2026-02-07
104657,2026-02-16
104657,2026-02-17
104658,2026-02-09
104658,2026-02-11
104658,2026-02-11
104660,2026-01-18
104661,2026-01-27
104661,2026-02-16
104662,2026-01-30
104662,2026-01-31
104662,2026-02-02
104663,2026-01-27
104663,2026-01-29
104664,2026-01-14
104664,2026-01-14
104664,2026-01-15
104665,2026-03-02
104665,2026-03-04
104666,2026-02-03
104666,2026-03-02
104667,2026-02-04
104669,2026-01-05
104669,2026-01-09
104669,2026-01-09
104671,2026-01-26
104671,2026-01-26
104671,2026-01-27
104673,2026-01-23
104674,2026-01-07
104674,2026-01-08
104674,2026-01-10
104676,2026-02-01
104676,2026-02-03
104676,2026-02-04
104677,2026-01-19
104678,2026-01-09
104680,2026-02-17
104680,2026-02-18
104680,2026-02-19
104681,2026-02-18
104682,2026-03-22
104683,2026-02-08
104683,2026-03-01
104685,2026-01-15
104685,2026-01-17
104685,2026-02-11
104686,2026-02-18
104686,2026-02-19
104687,2026-02-20
104688,2026-02-24
104688,2026-02-25
104688,2026-02-28
104689,2026-02-05
104693,2026-02-13
104694,2026-01-08
104694,2026-01-10
104694,2026-01-11
104696,2026-02-12
104697,2026-01-27
104697,2026-01-27
104697,2026-01-29
104698,2026-03-03
104698,2026-03-06
104698,2026-03-29
104699,2026-02-04
104699,2026-02-05
104699,2026-02-06
104701,2026-01-09
104703,2026-01-05
104703,2026-01-08
104704,2026-01-29
104704,2026-02-01
104707,2026-01-17
104707,2026-01-18
104711,2026-02-12
104711,2026-03-11
104712,2026-02-07
104713,2026-02-07
104714,2026-01-18
104716,2026-01-25
104716,2026-01-26
104717,2026-01-17
104720,2026-02-02
104720,2026-02-02
104720,2026-02-03
104721,2026-01-13
104721,2026-01-13
104724,2026-02-21
104724,2026-02-22
104725,2026-02-15
104725,2026-02-15
104725,2026-02-17
104726,2026-02-04
104728,2026-01-29
104729,2026-01-12
104729,2026-01-12
104729,2026-01-12
104730,2026-01-08
104730,2026-01-09
104731,2026-01-24
104731,2026-01-29
104731,2026-02-20
104732,2026-02-28
104732,2026-02-28
104733,2026-02-17
104733,2026-02-18
104733,2026-02-18
104734,2026-02-03
104734,2026-02-04
104734,2026-02-06
104738,2026-03-24
104739,2026-01-15
104739,2026-01-17
104741,2026-02-23
104742,2026-01-25
104744,2026-02-27
104744,2026-02-27
104744,2026-03-03
104745,2026-03-11
104747,2026-02-08
104747,2026-02-11
104747,2026-02-12
104748,2026-01-19
104750,2026-02-07
104750,2026-02-28
104751,2026-01-19
104751,2026-01-22
104752,2026-02-08
104753,2026-01-25
104755,2026-02-25
104757,2026-01-30
104759,2026-02-28
104760,2026-01-25
104761,2026-01-04
104761,2026-01-04
104762,2026-02-06
104762,2026-02-09
104764,2026-02-10
104764,2026-02-10
104764,2026-02-10
104766,2026-01-05
104766,2026-01-09
104767,2026-02-02
104768,2026-02-01
104768,2026-02-02
104769,2026-02-12
104770,2026-01-27
104771,2026-01-08
104771,2026-01-10
104771,2026-01-12
104772,2026-02-23
104772,2026-03-11
104773,2026-02-09
104773,2026-02-12
104773,2026-02-13
104774,2026-01-22
104774,2026-02-18
104775,2026-02-24
104775,2026-02-26
104776,2026-01-24
104776,2026-01-27
104779,2026-01-17
104779,2026-01-19
104779,2026-01-19
104780,2026-01-18
104782,2026-02-10
104784,2026-01-05
104784,2026-01-05
104785,2026-02-23
104785,2026-02-23
104785,2026-02-24
104787,2026-02-19
104787,2026-02-21
104791,2026-02-01
104791,2026-02-02
104791,2026-02-04
104792,2026-02-15
104792,2026-02-16
104793,2026-02-28
104793,2026-03-02
104793,2026-03-04
104794,2026-02-03
104794,2026-02-04
104794,2026-02-06
104795,2026-01-11
104795,2026-01-11
104796,2026-02-16
104796,2026-02-16
104796,2026-02-19
104797,2026-01-30
104798,2026-03-01
104798,2026-03-02
104800,2026-01-24
104801,2026-01-11
104802,2026-01-18
104803,2026-02-11
104804,2026-02-20
104804,2026-02-21
104804,2026-02-22
104806,2026-01-22
104807,2026-02-24
104807,2026-02-25
104807,2026-02-26
104808,2026-01-24
104810,2026-02-08
104811,2026-03-04
104813,2026-02-06
104813,2026-02-07
104813,2026-02-07
104815,2026-01-22
104816,2026-01-31
104817,2026-01-26
104820,2026-02-08
104820,2026-02-10
104821,2026-01-19
104825,2026-02-21
104825,2026-02-22
104825,2026-02-22
104827,2026-01-14
104828,2026-03-04
104828,2026-03-04
104829,2026-01-20
104829,2026-01-21
104829,2026-01-22
104830,2026-02-17
104830,2026-02-17
104830,2026-02-17
104831,2026-01-21
104831,2026-01-22
104831,2026-01-23
104832,2026-01-09
104832,2026-01-12
104833,2026-01-25
104833,2026-01-27
104833,2026-01-29
104835,2026-02-14
104835,2026-02-16
104840,2026-01-27
104840,2026-01-28
104840,2026-01-28
104844,2026-02-28
104846,2026-01-31
104847,2026-02-19
104848,2026-02-22
104848,2026-02-25
104848,2026-02-26
104849,2026-01-27
104849,2026-01-27
104854,2026-01-12
104854,2026-01-13
104854,2026-01-13
104855,2026-01-22
104855,2026-01-22
104856,2026-02-25
104857,2026-01-05
104858,2026-02-19
104858,2026-02-20
104858,2026-02-22
104860,2026-02-11
104864,2026-01-14
104864,2026-01-15
104864,2026-01-17
104865,2026-02-28
104865,2026-03-01
104866,2026-02-11
104868,2026-02-06
104868,2026-02-06
104868,2026-02-08
104869,2026-02-24
104869,2026-02-27
104870,2026-01-10
104871,2026-01-17
104871,2026-02-08
104872,2026-02-17
104872,2026-02-25
104872,2026-03-14
104873,2026-01-15
104873,2026-01-16
104874,2026-01-27
104875,2026-01-07
104876,2026-02-20
104876,2026-02-23
104876,2026-02-23
104878,2026-02-09
104878,2026-02-13
104879,2026-02-12
104881,2026-03-24
104882,2026-02-05
104883,2026-02-10
104883,2026-02-12
104885,2026-01-21
104887,2026-01-29
104887,2026-01-30
104889,2026-02-25
104889,2026-02-26
104890,2026-02-23
104894,2026-02-12
104894,2026-02-15
104895,2026-02-09
104895,2026-02-11
104896,2026-01-15
104896,2026-01-17
104901,2026-01-24
104901,2026-01-26
104902,2026-02-03
104902,2026-02-04
104902,2026-02-05
104903,2026-01-10
104903,2026-01-10
104903,2026-01-12
104904,2026-03-03
104904,2026-03-04
104905,2026-01-18
104906,2026-02-08
104906,2026-02-10
104908,2026-02-16
104908,2026-02-19
104909,2026-02-03
104909,2026-02-06
104909,2026-02-06
104910,2026-01-13
104910,2026-01-13
104910,2026-01-15
104911,2026-01-25
104911,2026-01-25
104911,2026-01-27
104912,2026-01-17
104912,2026-01-18
104915,2026-02-10
104916,2026-01-10
104916,2026-01-13
104917,2026-02-08
104918,2026-01-26
104918,2026-01-29
104918,2026-01-30
104919,2026-01-10
104919,2026-01-13
104920,2026-02-22
104921,2026-02-23
104921,2026-02-24
104922,2026-01-08
104923,2026-02-25
104923,2026-02-25
104923,2026-02-27
104924,2026-01-30
104924,2026-01-31
104925,2026-01-12
104925,2026-01-15
104925,2026-01-16
104926,2026-02-18
104926,2026-02-20
104926,2026-02-21
104929,2026-01-07
104929,2026-01-10
104930,2026-01-22
104930,2026-01-23
104930,2026-01-23
104932,2026-01-14
104932,2026-01-15
104932,2026-01-16
104933,2026-02-03
104933,2026-02-06
104935,2026-01-03
104936,2026-01-07
104937,2026-01-15
104937,2026-01-15
104937,2026-01-16
104941,2026-01-24
104941,2026-01-25
104942,2026-02-05
104942,2026-02-06
104943,2026-01-08
104944,2026-02-28
104947,2026-03-19
104948,2026-01-22
104950,2026-02-14
104950,2026-02-17
104950,2026-02-18
104953,2026-02-18
104953,2026-02-19
104953,2026-02-20
104954,2026-01-24
104955,2026-02-13
104955,2026-02-17
104956,2026-03-26
104957,2026-02-14
104957,2026-02-18
104958,2026-01-22
104958,2026-01-26
104960,2026-01-08
104960,2026-01-10
104961,2026-03-03
104961,2026-03-04
104961,2026-03-04
104962,2026-01-21
104963,2026-01-22
104963,2026-01-22
104963,2026-01-24
104964,2026-02-21
104966,2026-01-09
104968,2026-02-24
104969,2026-02-23
104969,2026-02-25
104969,2026-02-27
104971,2026-01-19
104971,2026-01-21
104971,2026-01-21
104972,2026-02-11
104972,2026-02-13
104972,2026-02-13
104974,2026-02-01
104975,2026-02-27
104975,2026-02-28
104975,2026-03-02
104979,2026-01-04
104979,2026-01-05
104981,2026-02-18
104981,2026-02-19
104981,2026-03-11
104982,2026-01-31
104983,2026-03-13
104984,2026-02-04
104984,2026-02-06
104984,2026-02-06
104986,2026-03-09
104989,2026-02-19
104989,2026-02-19
104989,2026-02-21
104990,2026-01-30
104990,2026-01-31
104990,2026-01-31
104992,2026-02-03
104993,2026-02-04
104993,2026-02-26
104994,2026-02-19
104994,2026-02-21
104995,2026-01-13
104996,2026-01-23
104997,2026-01-14
104999,2026-02-03
105001,2026-02-05
105001,2026-02-05
105002,2026-02-25
105002,2026-02-26
105006,2026-01-27
105006,2026-01-27
105008,2026-03-02
105008,2026-03-02
105008,2026-03-04
105009,2026-02-19
105009,2026-02-20
105009,2026-02-23
105011,2026-01-23
105011,2026-01-24
105013,2026-02-12
105014,2026-02-17
105014,2026-02-17
105014,2026-02-17
105015,2026-02-14
105015,2026-02-15
105016,2026-01-07
105016,2026-01-07
105016,2026-01-07
105017,2026-03-07
105017,2026-04-03
105019,2026-03-12
105021,2026-01-10
105022,2026-01-29
105022,2026-02-01
105022,2026-02-01
105023,2026-01-29
105026,2026-02-12
105026,2026-03-06
105027,2026-02-22
105027,2026-02-23
105027,2026-02-25
105029,2026-02-02
105029,2026-02-02
105029,2026-02-24
105031,2026-02-01
105032,2026-03-23
105034,2026-01-11
105034,2026-01-13
105035,2026-01-22
105035,2026-01-23
105037,2026-02-20
105038,2026-03-15
105040,2026-01-15
105040,2026-01-17
105041,2026-02-20
105041,2026-02-21
105042,2026-02-23
105042,2026-02-25
105043,2026-01-10
105043,2026-01-10
105043,2026-01-10
105044,2026-02-25
105045,2026-02-15
105046,2026-01-31
105046,2026-01-31
105048,2026-02-18
105049,2026-01-26
105049,2026-01-28
105050,2026-01-27
105050,2026-01-27
105050,2026-01-28
105051,2026-01-15
105051,2026-01-15
105052,2026-02-01
105052,2026-02-03
105052,2026-02-04
105055,2026-01-31
105055,2026-01-31
105057,2026-03-02
105057,2026-03-02
105058,2026-02-20
105058,2026-02-20
105058,2026-02-21
105059,2026-02-26
105059,2026-02-28
105059,2026-03-01
105060,2026-03-01
105060,2026-03-01
105060,2026-03-02
105062,2026-01-13
105062,2026-01-14
105063,2026-03-05
105064,2026-02-23
105066,2026-02-14
105066,2026-02-15
105067,2026-01-02
105067,2026-01-11
105067,2026-01-26
105068,2026-02-13
105068,2026-02-13
105068,2026-02-15
105069,2026-03-02
105069,2026-03-05
105070,2026-01-12
105071,2026-01-26
105072,2026-01-17
105072,2026-01-17
105072,2026-01-20
105073,2026-03-01
105074,2026-02-20
105074,2026-02-22
105074,2026-02-24
105075,2026-02-13
105075,2026-02-14
105075,2026-02-15
105076,2026-01-09
105078,2026-01-13
105079,2026-01-02
105079,2026-01-03
105079,2026-01-03
105081,2026-02-17
105081,2026-02-17
105081,2026-02-19
105084,2026-01-19
105084,2026-01-21
105084,2026-01-22
105085,2026-03-02
105086,2026-01-15
105086,2026-01-15
105086,2026-02-04
105087,2026-02-04
105088,2026-01-19
105088,2026-01-22
105089,2026-01-10
105089,2026-01-10
105090,2026-01-06
105092,2026-01-26
105092,2026-02-19
105093,2026-01-07
105094,2026-01-22
105095,2026-02-28
105095,2026-03-04
105095,2026-03-04
105098,2026-02-12
105101,2026-03-04
105102,2026-01-05
105102,2026-01-09
105103,2026-01-29
105104,2026-01-09
105104,2026-01-09
105104,2026-01-09
105105,2026-01-26
105105,2026-01-26
105105,2026-01-29
105106,2026-01-26
105106,2026-01-26
105107,2026-02-09
105108,2026-02-22
105108,2026-02-25
105109,2026-01-31
105109,2026-02-21
105110,2026-02-16
105111,2026-01-24
105111,2026-01-25
105111,2026-01-26
105112,2026-01-06
105112,2026-01-10
105112,2026-01-10
105113,2026-01-31
105113,2026-02-01
105114,2026-01-17
105114,2026-01-20
105116,2026-01-28
105116,2026-01-29
105116,2026-01-29
105118,2026-02-09
105118,2026-02-10
105118,2026-02-10
105119,2026-01-24
105119,2026-01-25
105120,2026-02-08
105120,2026-02-08
105120,2026-03-11
105122,2026-01-21
105122,2026-01-24
105124,2026-01-24
105124,2026-01-26
105124,2026-01-26
105125,2026-01-22
105125,2026-01-23
105125,2026-01-25
105127,2026-01-30
105127,2026-01-31
105128,2026-02-22
105129,2026-02-07
105129,2026-02-07
105130,2026-01-23
105132,2026-02-01
105133,2026-02-13
105133,2026-02-14
105133,2026-02-17
105134,2026-02-18
105134,2026-02-19
105137,2026-01-04
105137,2026-01-06
105139,2026-02-15
105140,2026-01-14
105140,2026-01-15
105140,2026-01-18
105143,2026-01-13
105144,2026-01-14
105144,2026-01-14
105144,2026-01-15
105145,2026-02-13
105146,2026-01-25
105146,2026-01-26
105146,2026-02-16
105148,2026-02-09
105148,2026-02-11
105149,2026-02-22
105151,2026-01-23
105151,2026-01-24
105151,2026-01-27
105152,2026-02-17
105152,2026-02-18
105155,2026-01-14
105156,2026-02-01
105156,2026-02-02
105156,2026-03-05
105159,2026-02-04
105159,2026-02-04
105159,2026-02-06
105162,2026-02-24
105162,2026-02-27
105162,2026-02-28
105163,2026-02-22
105163,2026-02-23
105165,2026-01-09
105165,2026-01-09
105166,2026-02-11
105166,2026-02-14
105166,2026-02-15
105169,2026-02-27
105169,2026-03-01
105170,2026-02-23
105170,2026-02-24
105170,2026-02-25
105171,2026-02-03
105174,2026-01-19
105174,2026-01-21
105174,2026-01-21
105175,2026-01-28
105175,2026-02-24
105176,2026-01-14
105177,2026-01-09
105177,2026-01-10
105177,2026-01-11
105179,2026-01-09
105180,2026-02-07
105181,2026-02-07
105181,2026-02-08
105184,2026-03-01
105185,2026-02-16
105185,2026-02-16
105185,2026-02-17
105186,2026-02-14
105187,2026-02-19
105188,2026-01-09
105188,2026-01-11
105192,2026-02-17
105192,2026-02-18
105192,2026-02-20
105194,2026-01-24
105195,2026-02-10
105195,2026-02-14
105195,2026-03-11
105197,2026-02-08
105197,2026-02-10
105198,2026-01-12
105198,2026-01-14
105198,2026-01-15
105199,2026-02-27
105200,2026-02-18
105200,2026-02-18
105200,2026-02-20
105201,2026-02-10
105201,2026-02-11
105203,2026-02-13
105204,2026-02-26
105205,2026-01-18
105205,2026-01-19
105205,2026-01-21
105207,2026-01-15
105207,2026-01-18
105207,2026-02-14
105208,2026-02-14
105208,2026-02-15
105208,2026-02-18
105209,2026-02-27
105210,2026-02-15
105210,2026-02-16
105210,2026-02-17
105211,2026-01-21
105212,2026-02-13
105212,2026-02-14
105213,2026-01-15
105213,2026-01-16
105213,2026-01-16
105214,2026-02-14
105214,2026-02-16
105214,2026-03-11
105218,2026-02-15
105218,2026-02-16
105218,2026-02-18
105222,2026-01-28
105222,2026-01-28
105222,2026-01-29
105223,2026-01-23
105225,2026-02-28
105225,2026-02-28
105226,2026-03-06
105227,2026-01-20
105230,2026-03-01
105230,2026-03-01
105230,2026-03-02
105231,2026-02-08
105231,2026-02-09
105231,2026-02-10
105234,2026-01-02
105234,2026-01-04
105235,2026-01-07
105235,2026-01-07
105237,2026-01-18
105239,2026-02-14
105240,2026-02-14
105241,2026-03-16
105242,2026-02-18
105243,2026-01-05
105244,2026-02-17
105244,2026-02-19
105244,2026-02-19
105246,2026-01-22
105246,2026-01-24
105246,2026-01-25
105250,2026-02-18
105251,2026-01-29
105255,2026-02-27
105255,2026-02-28
105256,2026-02-18
105257,2026-02-11
105257,2026-02-12
105257,2026-02-13
105258,2026-02-27
105258,2026-03-08
105258,2026-03-24
105260,2026-01-15
105260,2026-01-18
105261,2026-02-04
105261,2026-02-06
105262,2026-01-16
105262,2026-01-18
105264,2026-03-01
105264,2026-03-02
105264,2026-03-04
105265,2026-01-19
105265,2026-01-19
105265,2026-01-21
105266,2026-01-08
105266,2026-01-12
105268,2026-03-08
105271,2026-03-03
105271,2026-03-05
105272,2026-03-02
105272,2026-03-02
105272,2026-03-04
105274,2026-01-12
105275,2026-01-14
105276,2026-01-12
105276,2026-01-15
105279,2026-01-20
105279,2026-01-21
105279,2026-01-23
105280,2026-03-16
105281,2026-01-14
105281,2026-01-15
105281,2026-01-15
105282,2026-02-20
105284,2026-01-13
105284,2026-01-15
105286,2026-01-19
105286,2026-01-20
105286,2026-01-21
105287,2026-01-26
105287,2026-01-29
105289,2026-02-08
105289,2026-02-09
105289,2026-02-10
105292,2026-02-18
105294,2026-01-14
105294,2026-01-15
105295,2026-01-26
105298,2026-01-14
105298,2026-01-14
105299,2026-01-25
105299,2026-01-26
105299,2026-02-18
105300,2026-01-20
105300,2026-01-21
105300,2026-01-23
105301,2026-01-18
105301,2026-01-19
105301,2026-01-20
105302,2026-01-02
105302,2026-01-03
105302,2026-01-06
105303,2026-02-26
105304,2026-01-27
105306,2026-01-04
105306,2026-01-04
105306,2026-01-08
105309,2026-01-24
105309,2026-01-25
105310,2026-02-24
105312,2026-01-05
105312,2026-01-09
105313,2026-01-12
105313,2026-01-13
105314,2026-01-14
105315,2026-02-10
105315,2026-02-10
105315,2026-02-11
105318,2026-02-04
105318,2026-02-06
105318,2026-02-06
105320,2026-02-12
105320,2026-02-13
105321,2026-01-11
105321,2026-01-12
105322,2026-01-09
105322,2026-01-13
105323,2026-02-22
105324,2026-01-12
105326,2026-01-13
105326,2026-01-14
105327,2026-01-07
105327,2026-01-11
105329,2026-02-21
105329,2026-02-21
105337,2026-02-27
105337,2026-03-01
105338,2026-02-13
105338,2026-02-15
105338,2026-02-16
105339,2026-02-13
105339,2026-02-15
105339,2026-02-17
105341,2026-02-09
105343,2026-02-16
105343,2026-02-17
105343,2026-02-18
105344,2026-03-02
105345,2026-01-12
105345,2026-01-13
105345,2026-02-11
105346,2026-01-20
105346,2026-01-23
105348,2026-01-30
105348,2026-01-30
105348,2026-01-30
105349,2026-01-19
105349,2026-02-08
105350,2026-01-16
105350,2026-01-20
105350,2026-01-20
105352,2026-01-31
105354,2026-01-27
105354,2026-01-28
105356,2026-02-27
105356,2026-02-27
105356,2026-03-01
105357,2026-02-17
105357,2026-02-17
105357,2026-02-20
105359,2026-02-23
105361,2026-03-29
105362,2026-01-30
105362,2026-02-01
105362,2026-02-01
105363,2026-01-30
105365,2026-01-02
105365,2026-01-03
105365,2026-01-06
105366,2026-02-24
105368,2026-02-03
105369,2026-02-21
105369,2026-02-22
105369,2026-02-24
105370,2026-02-05
105370,2026-02-08
105370,2026-02-08
105374,2026-02-23
105376,2026-02-18
105376,2026-02-19
105376,2026-02-20
105377,2026-02-01
105378,2026-02-28
105379,2026-01-08
105379,2026-01-09
105379,2026-01-12
105383,2026-01-11
105383,2026-01-13
105384,2026-01-23
105384,2026-01-25
105385,2026-02-10
105385,2026-02-13
105387,2026-01-23
105387,2026-01-27
105387,2026-01-27
105388,2026-01-08
105388,2026-01-10
105389,2026-03-01
105389,2026-03-02
105389,2026-03-04
105390,2026-01-25
105390,2026-01-26
105390,2026-02-17
105393,2026-02-22
105393,2026-02-24
105396,2026-01-22
105396,2026-02-11
105397,2026-01-25
105397,2026-01-25
105398,2026-02-05
105399,2026-02-17
105399,2026-02-21
105399,2026-03-16
105400,2026-01-19
105401,2026-02-21
105401,2026-02-22
105401,2026-02-25
105402,2026-01-14
105402,2026-01-18
105403,2026-02-14
105403,2026-02-16
105403,2026-02-18
105407,2026-01-31
105407,2026-02-03
105407,2026-02-03
105409,2026-01-22
105410,2026-02-10
105411,2026-01-16
105412,2026-01-27
105412,2026-01-27
105414,2026-02-25
105414,2026-02-26
105414,2026-03-17
105416,2026-02-09
105418,2026-02-04
105418,2026-02-05
105418,2026-02-06
105420,2026-01-31
105420,2026-01-31
105420,2026-02-01
105421,2026-02-14
105422,2026-01-24
105422,2026-01-25
105422,2026-01-28
105423,2026-02-15
105423,2026-02-16
105424,2026-01-31
105425,2026-01-12
105425,2026-01-12
105425,2026-01-14
105426,2026-01-02
105426,2026-01-04
105426,2026-01-05
105428,2026-01-03
105428,2026-01-04
105428,2026-01-05
105430,2026-01-26
105430,2026-01-26
105432,2026-02-25
105432,2026-02-28
105433,2026-03-20
105434,2026-01-19
105434,2026-01-19
105437,2026-03-01
105437,2026-03-01
105440,2026-01-12
105440,2026-01-12
105440,2026-01-13
105441,2026-02-17
105441,2026-02-19
105442,2026-01-28
105443,2026-02-23
105443,2026-02-27
105445,2026-02-06
105445,2026-02-06
105448,2026-01-09
105448,2026-01-09
105448,2026-01-11
105450,2026-02-08
105450,2026-02-08
105450,2026-02-11
105454,2026-01-28
105455,2026-01-20
105456,2026-01-05
105456,2026-01-06
105456,2026-01-07
105460,2026-01-23
105460,2026-01-25
105462,2026-01-22
105462,2026-01-22
105463,2026-02-24
105464,2026-02-27
105465,2026-02-19
105465,2026-02-19
105465,2026-02-19
105466,2026-02-07
105466,2026-02-09
105466,2026-02-10
105470,2026-02-09
105472,2026-02-13
105472,2026-02-14
105472,2026-02-14
105473,2026-02-27
105474,2026-02-07
105474,2026-02-09
105475,2026-02-19
105475,2026-02-20
105475,2026-02-20
105476,2026-02-23
105479,2026-02-09
105479,2026-02-11
105481,2026-01-28
105481,2026-01-28
105482,2026-01-19
105483,2026-01-15
105483,2026-02-06
105488,2026-03-21
105489,2026-01-26
105489,2026-01-28
105491,2026-01-09
105491,2026-01-10
105492,2026-01-31
105492,2026-01-31
105493,2026-02-19
105493,2026-02-19
105493,2026-02-21
105494,2026-01-05
105494,2026-01-07
105496,2026-01-07
105499,2026-01-06
105504,2026-02-11
105504,2026-02-18
105504,2026-03-11
105505,2026-02-01
105505,2026-02-05
105506,2026-01-18
105506,2026-01-21
105506,2026-01-21
105507,2026-02-27
105509,2026-02-08
105509,2026-02-08
105512,2026-02-23
105513,2026-02-06
105516,2026-02-14
105516,2026-02-17
105516,2026-02-18
105517,2026-01-09
105520,2026-03-17
105521,2026-02-17
105521,2026-02-18
105524,2026-01-22
105524,2026-01-23
105525,2026-01-19
105525,2026-01-20
105525,2026-01-20
105526,2026-01-19
105526,2026-01-21
105527,2026-01-08
105527,2026-01-11
105530,2026-02-15
105531,2026-01-31
105533,2026-02-12
105533,2026-02-12
105533,2026-02-13
105536,2026-02-05
105536,2026-02-07
105536,2026-02-07
105537,2026-02-14
105537,2026-02-15
105538,2026-03-04
105539,2026-01-24
105539,2026-01-26
105540,2026-01-31
105540,2026-02-01
105541,2026-02-10
105542,2026-02-11
105542,2026-02-11
105542,2026-02-14
105543,2026-01-28
105545,2026-03-13
105546,2026-02-18
105546,2026-02-22
105547,2026-02-25
105548,2026-02-14
105548,2026-02-15
105550,2026-03-01
105551,2026-02-21
105551,2026-02-23
105553,2026-01-23
105553,2026-01-25
105554,2026-02-02
105554,2026-02-05
105555,2026-01-07
105555,2026-01-07
105555,2026-01-09
105556,2026-02-04
105556,2026-02-04
105557,2026-01-03
105558,2026-02-08
105560,2026-02-07
105560,2026-02-07
105562,2026-01-24
105562,2026-01-25
105562,2026-01-26
105564,2026-01-13
105566,2026-02-05
105567,2026-01-20
105568,2026-01-21
105571,2026-01-09
105571,2026-01-10
105572,2026-01-10
105572,2026-02-05
105573,2026-01-14
105574,2026-03-03
105574,2026-03-04
105576,2026-02-23
105577,2026-02-03
105577,2026-02-04
105577,2026-02-04
105578,2026-01-24
105578,2026-01-26
105582,2026-01-14
105584,2026-02-24
105584,2026-02-25
105584,2026-02-25
105586,2026-02-23
105587,2026-01-25
105587,2026-01-28
105587,2026-01-28
105588,2026-01-11
105589,2026-02-09
105590,2026-02-01
105591,2026-01-25
105591,2026-01-26
105591,2026-01-28
105592,2026-02-19
105592,2026-02-19
105593,2026-02-25
105593,2026-02-28
105595,2026-01-30
105595,2026-01-30
105595,2026-02-03
105597,2026-01-04
105599,2026-03-03
105599,2026-03-03
105599,2026-03-05
105600,2026-01-09
105600,2026-01-11
105600,2026-01-12
105602,2026-02-15
105603,2026-01-03
105603,2026-01-04
105605,2026-02-20
105606,2026-01-27
105607,2026-03-14
105608,2026-02-27
105609,2026-02-05
105609,2026-02-06
105609,2026-02-07
105610,2026-01-20
105611,2026-01-29
105611,2026-01-30
105611,2026-02-02
105612,2026-01-14
105612,2026-01-15
105614,2026-01-30
105615,2026-01-18
105616,2026-02-26
105618,2026-01-27
105618,2026-01-27
105622,2026-02-24
105622,2026-02-26
105622,2026-02-28
105624,2026-01-23
105625,2026-01-31
105627,2026-01-29
105627,2026-02-27
105628,2026-01-20
105628,2026-01-23
105629,2026-01-17
105629,2026-01-19
105629,2026-01-20
105630,2026-01-13
105630,2026-01-14
105630,2026-01-17
105632,2026-02-21
105632,2026-02-22
105632,2026-02-23
105633,2026-01-07
105633,2026-01-08
105633,2026-01-08
105635,2026-02-19
105635,2026-02-19
105635,2026-02-23
105636,2026-02-15
105636,2026-02-16
105636,2026-02-16
105640,2026-01-17
105640,2026-01-17
105640,2026-01-20
105641,2026-01-23
105642,2026-03-02
105643,2026-01-12
105643,2026-01-13
105644,2026-02-11
105644,2026-02-15
105645,2026-01-31
105645,2026-02-02
105647,2026-02-27
105647,2026-03-25
105649,2026-01-04
105649,2026-01-04
105649,2026-01-05
105650,2026-02-13
105651,2026-03-02
105652,2026-02-02
105652,2026-02-05
105652,2026-02-05
105653,2026-01-10
105655,2026-01-28
105656,2026-02-10
105656,2026-02-11
105656,2026-02-14
105659,2026-03-04
105661,2026-02-09
105661,2026-02-09
105662,2026-01-17
105662,2026-01-20
105663,2026-01-12
105663,2026-01-14
105663,2026-01-15
105664,2026-02-21
105664,2026-02-23
105664,2026-02-23
105666,2026-03-08
105667,2026-02-21
105667,2026-02-21
105667,2026-02-23
105668,2026-02-13
105668,2026-02-13
105669,2026-04-01
105670,2026-01-16
105670,2026-01-16
105670,2026-01-20
105671,2026-01-24
105671,2026-01-24
105671,2026-01-26
105672,2026-01-20
105672,2026-01-20
105672,2026-01-22
105673,2026-02-09
105673,2026-02-26
105675,2026-02-08
105676,2026-01-16
105678,2026-01-21
105678,2026-01-23
105679,2026-02-16
105679,2026-02-18
105680,2026-01-14
105680,2026-01-15
105680,2026-01-15
105682,2026-02-27
105685,2026-02-08
105687,2026-01-03
105687,2026-01-04
105687,2026-01-06
105688,2026-02-13
105689,2026-02-09
105689,2026-02-11
105689,2026-03-06
105690,2026-01-29
105690,2026-01-31
105690,2026-01-31
105692,2026-02-18
105692,2026-03-20
105694,2026-01-16
105694,2026-01-17
105694,2026-01-17
105696,2026-01-19
105696,2026-01-21
105697,2026-02-25
105697,2026-02-25
105697,2026-02-28
105698,2026-01-25
105698,2026-01-25
105698,2026-02-16
105699,2026-01-21
105700,2026-01-25
105700,2026-02-16
105701,2026-01-13
105701,2026-01-14
105701,2026-01-15
105703,2026-01-30
105703,2026-01-30
105703,2026-02-01
105704,2026-01-27
105704,2026-01-28
105705,2026-02-05
105707,2026-01-04
105707,2026-01-04
105707,2026-01-07
105709,2026-01-28
105709,2026-01-30
105709,2026-02-01
105710,2026-01-31
105710,2026-02-01
105713,2026-01-22
105713,2026-01-23
105714,2026-03-01
105714,2026-03-01
105714,2026-03-01
105716,2026-02-28
105717,2026-01-19
105717,2026-02-19
105718,2026-01-04
105718,2026-01-05
105720,2026-02-07
105720,2026-03-08
105721,2026-02-28
105722,2026-02-21
105724,2026-02-03
105724,2026-02-04
105724,2026-02-04
105727,2026-02-11
105727,2026-02-12
105729,2026-02-02
105729,2026-02-03
105729,2026-02-04
105730,2026-01-18
105730,2026-01-20
105732,2026-02-12
105732,2026-02-15
105734,2026-01-19
105734,2026-01-20
105736,2026-02-17
105736,2026-02-19
105736,2026-02-19
105737,2026-02-26
105737,2026-02-28
105737,2026-02-28
105740,2026-02-16
105741,2026-01-19
105741,2026-01-22
105741,2026-01-23
105743,2026-01-17
105744,2026-02-25
105745,2026-01-17
105745,2026-01-17
105745,2026-01-17
105748,2026-02-17
105748,2026-03-16
105749,2026-02-07
105752,2026-01-31
105752,2026-02-01
105752,2026-02-02
105755,2026-02-07
105756,2026-02-22
105756,2026-02-24
105757,2026-02-10
105757,2026-02-19
105757,2026-03-16
105760,2026-03-01
105760,2026-03-23
105761,2026-02-15
105761,2026-02-16
105764,2026-02-07
105764,2026-02-07
105764,2026-02-09
105765,2026-01-26
105766,2026-01-21
105766,2026-01-23
105768,2026-02-23
105771,2026-02-17
105771,2026-03-11
105772,2026-02-16
105772,2026-02-20
105773,2026-03-28
105776,2026-01-28
105780,2026-01-03
105780,2026-01-04
105780,2026-01-06
105781,2026-01-07
105781,2026-01-09
105781,2026-01-10
105783,2026-01-14
105785,2026-02-23
105785,2026-02-24
105785,2026-02-26
105786,2026-01-22
105787,2026-03-01
105787,2026-03-01
105788,2026-02-21
105790,2026-02-18
105792,2026-02-14
105792,2026-02-18
105793,2026-01-29
105793,2026-01-30
105793,2026-02-01
105794,2026-02-12
105794,2026-02-16
105794,2026-03-13
105795,2026-02-20
105795,2026-02-21
105795,2026-02-22
105797,2026-02-11
105797,2026-02-13
105797,2026-02-13
105802,2026-01-14
105803,2026-01-23
105804,2026-02-18
105804,2026-02-19
105805,2026-01-09
105805,2026-01-10
105805,2026-01-10
105807,2026-01-04
105807,2026-01-05
105808,2026-01-17
105808,2026-01-17
105810,2026-01-17
105810,2026-01-20
105810,2026-02-13
105811,2026-03-02
105813,2026-02-19
105813,2026-02-19
105813,2026-02-20
105814,2026-02-01
105814,2026-02-03
105814,2026-02-05
105816,2026-02-07
105817,2026-02-09
105817,2026-02-11
105818,2026-02-01
105818,2026-02-02
105818,2026-02-03
105819,2026-02-10
105819,2026-03-04
105820,2026-01-31
105820,2026-02-02
105820,2026-02-04
105821,2026-02-23
105821,2026-02-24
105821,2026-02-25
105823,2026-02-17
105823,2026-02-18
105823,2026-02-18
105824,2026-01-08
105824,2026-01-09
105824,2026-01-11
105826,2026-03-01
105827,2026-03-04
105828,2026-02-08
105828,2026-02-10
105830,2026-01-17
105830,2026-01-18
105831,2026-03-03
105831,2026-03-04
105831,2026-03-04
105832,2026-02-02
105832,2026-02-02
105833,2026-01-28
105833,2026-01-31
105835,2026-02-09
105836,2026-01-19
105838,2026-02-23
105838,2026-03-02
105838,2026-03-20
105839,2026-02-26
105843,2026-01-08
105843,2026-01-10
105843,2026-01-11
105845,2026-02-22
105845,2026-02-24
105850,2026-02-08
105850,2026-02-28
105852,2026-01-17
105852,2026-02-04
105853,2026-01-15
105854,2026-01-22
105854,2026-02-16
105856,2026-02-04
105857,2026-02-02
105857,2026-02-06
105863,2026-01-30
105865,2026-02-08
105866,2026-01-19
105866,2026-01-21
105866,2026-01-23
105867,2026-02-21
105867,2026-02-21
105867,2026-02-22
105868,2026-02-20
105868,2026-02-20
105868,2026-02-22
105870,2026-01-27
105870,2026-01-28
105870,2026-01-30
105872,2026-01-28
105872,2026-01-29
105872,2026-01-30
105873,2026-02-20
105873,2026-02-21
105875,2026-02-05
105876,2026-02-02
105882,2026-01-25
105882,2026-01-26
105883,2026-02-08
105883,2026-02-09
105883,2026-02-09
105884,2026-02-21
105884,2026-02-22
105884,2026-02-22
105886,2026-01-13
105886,2026-01-16
105887,2026-01-13
105887,2026-01-14
105888,2026-01-22
105889,2026-01-13
105889,2026-01-17
105890,2026-01-17
105890,2026-01-18
105890,2026-01-19
105891,2026-02-18
105892,2026-01-20
105892,2026-01-21
105892,2026-01-23
105894,2026-01-09
105894,2026-01-11
105894,2026-01-11
105895,2026-02-07
105895,2026-02-28
105896,2026-02-05
105898,2026-02-28
105898,2026-03-02
105898,2026-03-04
105901,2026-02-28
105901,2026-03-01
105901,2026-03-01
105902,2026-02-21
105902,2026-02-21
105902,2026-02-21
105905,2026-02-17
105906,2026-01-16
105906,2026-01-20
105908,2026-01-06
105908,2026-01-06
105908,2026-01-10
105909,2026-02-08
105909,2026-02-09
105909,2026-02-12
105911,2026-03-02
105912,2026-02-28
105912,2026-02-28
105912,2026-03-03
105914,2026-02-01
105914,2026-02-05
105915,2026-01-07
105916,2026-02-17
105918,2026-01-26
105918,2026-01-27
105918,2026-01-28
105919,2026-02-21
105919,2026-02-23
105919,2026-02-23
105920,2026-02-20
105921,2026-01-16
105921,2026-01-17
105921,2026-01-18
105922,2026-01-08
105923,2026-01-29
105924,2026-02-01
105926,2026-03-04
105930,2026-01-23
105931,2026-02-19
105934,2026-01-24
105936,2026-01-07
105936,2026-01-07
105936,2026-01-09
105937,2026-02-13
105938,2026-02-24
105939,2026-02-22
105939,2026-02-24
105940,2026-01-21
105940,2026-01-24
105941,2026-02-08
105943,2026-01-06
105943,2026-01-07
105947,2026-02-15
105948,2026-01-09
105948,2026-01-11
105949,2026-03-14
105950,2026-01-18
105951,2026-01-06
105951,2026-01-07
105952,2026-01-31
105952,2026-02-02
105952,2026-02-02
105954,2026-02-26
105954,2026-02-28
105954,2026-03-01
105955,2026-01-07
105960,2026-02-01
105960,2026-02-01
105960,2026-02-01
105961,2026-02-10
105964,2026-01-09
105966,2026-02-27
105968,2026-01-13
105969,2026-02-28
105969,2026-03-03
105969,2026-03-03
105972,2026-02-18
105972,2026-02-20
105972,2026-02-20
105973,2026-02-14
105973,2026-02-15
105974,2026-02-12
105974,2026-02-13
105975,2026-02-07
105975,2026-02-08
105975,2026-02-10
105976,2026-02-11
105982,2026-01-12
105982,2026-01-12
105982,2026-01-15
105983,2026-01-08
105985,2026-01-08
105985,2026-01-08
105987,2026-01-08
105987,2026-01-27
105988,2026-01-31
105988,2026-02-03
105988,2026-02-03
105990,2026-01-22
105990,2026-01-24
105990,2026-01-24
105991,2026-02-16
105991,2026-02-17
105991,2026-02-19
105992,2026-01-31
105994,2026-01-07
105995,2026-01-08
105995,2026-01-09
105996,2026-03-08
105998,2026-01-25
105998,2026-01-26
105999,2026-02-24
105999,2026-02-24
105999,2026-02-26
106001,2026-01-18
106001,2026-01-18
106001,2026-01-19
106002,2026-01-25
106003,2026-02-03
106003,2026-02-03
106006,2026-02-11
106006,2026-02-12
106007,2026-01-30
106007,2026-01-31
106007,2026-02-01
106008,2026-01-22
106009,2026-01-25
106011,2026-02-23
106016,2026-02-23
106017,2026-01-09
106017,2026-01-10
106017,2026-01-11
106018,2026-01-26
106019,2026-01-29
106019,2026-01-30
106022,2026-03-17
106023,2026-02-15
106023,2026-02-17
106025,2026-01-18
106026,2026-01-13
106027,2026-02-22
106030,2026-01-06
106030,2026-01-07
106031,2026-01-06
106033,2026-02-19
106034,2026-02-02
106035,2026-01-16
106035,2026-02-13
106037,2026-01-21
106037,2026-01-22
106037,2026-01-24
106038,2026-01-15
106038,2026-01-17
106038,2026-01-17
106040,2026-03-01
106041,2026-01-09
106041,2026-01-12
106043,2026-02-17
106043,2026-02-19
106045,2026-02-09
106046,2026-02-18
106046,2026-02-20
106046,2026-02-20
106047,2026-01-22
106047,2026-01-23
106047,2026-01-23
106048,2026-01-26
106049,2026-01-29
106049,2026-01-31
106050,2026-02-28
106051,2026-02-11
106051,2026-02-13
106051,2026-02-14
106052,2026-01-13
106052,2026-01-15
106052,2026-01-16
106053,2026-01-18
106054,2026-01-29
106054,2026-01-30
106054,2026-03-01
106056,2026-01-07
106056,2026-01-10
106056,2026-01-11
106057,2026-01-07
106058,2026-02-11
106058,2026-02-12
106058,2026-02-13
106059,2026-02-12
106060,2026-01-22
106060,2026-01-23
106061,2026-02-09
106061,2026-02-10
106061,2026-02-13
106063,2026-01-24
106063,2026-01-26
106063,2026-01-28
106064,2026-01-06
106064,2026-01-08
106065,2026-01-06
106067,2026-02-11
106068,2026-02-16
106070,2026-01-28
106070,2026-01-28
106070,2026-01-28
106071,2026-01-21
106071,2026-01-21
106071,2026-01-23
106073,2026-02-15
106075,2026-01-08
106077,2026-02-13
106078,2026-02-11
106078,2026-02-14
106078,2026-02-15
106079,2026-01-12
106079,2026-01-13
106080,2026-01-17
106080,2026-01-18
106081,2026-02-03
106081,2026-02-06
106081,2026-02-06
106082,2026-02-04
106082,2026-02-04
106083,2026-01-27
106083,2026-01-27
106084,2026-01-09
106084,2026-01-12
106085,2026-02-16
106088,2026-01-21
106089,2026-01-31
106089,2026-01-31
106092,2026-02-18
106093,2026-01-27
106093,2026-01-30
106095,2026-01-19
106095,2026-01-21
106097,2026-02-10
106097,2026-02-12
106098,2026-01-20
106098,2026-02-09
106099,2026-01-07
106099,2026-01-08
106099,2026-01-09
106100,2026-01-09
106101,2026-02-05
106103,2026-01-31
106103,2026-02-03
106103,2026-02-03
106105,2026-02-13
106105,2026-02-14
106105,2026-02-15
106107,2026-02-02
106107,2026-02-04
106108,2026-01-20
106108,2026-01-21
106108,2026-01-22
106109,2026-02-19
106110,2026-02-28
106110,2026-03-03
106111,2026-02-06
106111,2026-02-10
106113,2026-02-24
106114,2026-03-21
106116,2026-02-05
106118,2026-02-05
106120,2026-01-26
106120,2026-01-28
106120,2026-01-29
106121,2026-01-15
106121,2026-01-18
106124,2026-01-18
106124,2026-01-18
106124,2026-01-19
106125,2026-01-13
106125,2026-01-15
106125,2026-01-16
106126,2026-01-05
106127,2026-04-01
106129,2026-02-13
106129,2026-02-14
106129,2026-02-14
106131,2026-02-17
106131,2026-02-19
106131,2026-02-20
106133,2026-02-01
106133,2026-02-01
106133,2026-02-01
106134,2026-02-20
106134,2026-02-21
106134,2026-02-22
106135,2026-02-26
106135,2026-02-26
106138,2026-01-22
106138,2026-01-24
106138,2026-01-26
106142,2026-01-26
106143,2026-01-31
106143,2026-02-02
106143,2026-02-19
106145,2026-02-12
106146,2026-02-04
106146,2026-02-04
106147,2026-01-26
106149,2026-01-05
106149,2026-01-09
106150,2026-02-10
106150,2026-02-14
106151,2026-02-21
106151,2026-02-23
106151,2026-02-24
106152,2026-01-02
106152,2026-01-05
106154,2026-01-03
106154,2026-01-05
106154,2026-01-07
106157,2026-02-07
106158,2026-01-31
106159,2026-02-19
106160,2026-01-09
106160,2026-01-09
106163,2026-01-19
106164,2026-02-01
106164,2026-02-01
106166,2026-02-16
106166,2026-02-16
106169,2026-02-28
106169,2026-03-01
106170,2026-03-03
106170,2026-03-06
106170,2026-03-27
106171,2026-01-25
106171,2026-01-26
106171,2026-01-27
106173,2026-01-21
106174,2026-01-19
106178,2026-01-07
106178,2026-01-08
106179,2026-02-25
106179,2026-03-29
106180,2026-02-02
106180,2026-02-05
106184,2026-03-18
106185,2026-01-16
106185,2026-01-16
106185,2026-01-17
106186,2026-01-12
106187,2026-01-24
106187,2026-01-24
106188,2026-02-09
106190,2026-01-02
106192,2026-01-31
106192,2026-01-31
106192,2026-02-01
106193,2026-01-06
106193,2026-01-07
106193,2026-01-09
106194,2026-02-07
106194,2026-02-08
106194,2026-02-08
106195,2026-02-18
106196,2026-02-17
106198,2026-02-03
106204,2026-02-06
106206,2026-01-12
106206,2026-01-13
106206,2026-01-15
106207,2026-02-04
106207,2026-02-04
106207,2026-02-06
106208,2026-01-20
106208,2026-01-22
106209,2026-01-12
106209,2026-01-12
106211,2026-02-07
106212,2026-02-02
106214,2026-02-08
106216,2026-01-04
106216,2026-01-05
106216,2026-01-05
106217,2026-01-31
106217,2026-02-01
106218,2026-02-04
106219,2026-01-21
106221,2026-01-25
106221,2026-01-26
106222,2026-01-23
106224,2026-03-03
106224,2026-03-04
106225,2026-01-12
106231,2026-02-01
106232,2026-01-31
106232,2026-02-03
106232,2026-03-05
106234,2026-02-01
106234,2026-02-03
106234,2026-02-03
106235,2026-02-21
106236,2026-01-13
106238,2026-03-02
106240,2026-01-21
106240,2026-01-21
106240,2026-01-22
106241,2026-02-26
106241,2026-02-27
106241,2026-03-02
106242,2026-01-07
106242,2026-01-09
106242,2026-01-09
106244,2026-02-19
106245,2026-01-07
106249,2026-02-10
106249,2026-02-10
106249,2026-02-11
106251,2026-03-14
106252,2026-01-30
106253,2026-01-19
106254,2026-02-09
106254,2026-02-09
106258,2026-01-16
106258,2026-01-16
106259,2026-02-17
106259,2026-02-19
106260,2026-02-19
106260,2026-02-22
106261,2026-02-14
106261,2026-02-18
106268,2026-02-12
106268,2026-02-12
106268,2026-02-14
106269,2026-01-22
106269,2026-02-11
106270,2026-02-05
106271,2026-02-24
106271,2026-02-24
106276,2026-02-20
106276,2026-02-20
106276,2026-02-20
106277,2026-02-10
106278,2026-02-08
106278,2026-02-10
106279,2026-03-15
106280,2026-01-30
106280,2026-01-31
106283,2026-02-25
106283,2026-02-25
106283,2026-02-26
106284,2026-01-23
106284,2026-01-25
106284,2026-01-26
106285,2026-01-05
106288,2026-02-10
106290,2026-02-28
106290,2026-03-09
106290,2026-03-26
106292,2026-01-18
106292,2026-01-19
106293,2026-02-11
106293,2026-02-12
106294,2026-01-27
106294,2026-01-27
106294,2026-01-28
106299,2026-01-14
106300,2026-01-11
106300,2026-01-11
106300,2026-01-11
106301,2026-02-06
106303,2026-02-24
106304,2026-02-19
106304,2026-02-21
106306,2026-01-28
106306,2026-01-30
106307,2026-02-28
106308,2026-02-12
106309,2026-01-23
106309,2026-01-23
106311,2026-02-23
106311,2026-02-25
106311,2026-02-25
106312,2026-01-27
106313,2026-02-11
106313,2026-02-12
106313,2026-03-04
106315,2026-02-17
106318,2026-01-22
106318,2026-01-26
106321,2026-01-27
106321,2026-01-29
106323,2026-01-16
106324,2026-01-24
106324,2026-01-25
106325,2026-02-19
106329,2026-02-22
106331,2026-01-06
106331,2026-01-07
106331,2026-01-09
106333,2026-02-11
106333,2026-02-12
106333,2026-02-12
106334,2026-02-01
106335,2026-01-16
106335,2026-01-18
106336,2026-03-02
106338,2026-01-30
106338,2026-02-01
106339,2026-01-30
106341,2026-01-07
106341,2026-01-09
106341,2026-01-10
106342,2026-02-04
106342,2026-02-05
106342,2026-02-07
106344,2026-02-18
106345,2026-01-19
106346,2026-01-16
106346,2026-01-19
106346,2026-01-19
106347,2026-01-03
106347,2026-01-03
106347,2026-01-04
106348,2026-01-20
106348,2026-01-21
106348,2026-01-23
106349,2026-01-26
106350,2026-01-17
106350,2026-01-19
106352,2026-02-09
106352,2026-02-09
106352,2026-02-09
106354,2026-01-18
106355,2026-02-13
106355,2026-02-13
106355,2026-02-13
106358,2026-02-22
106358,2026-02-22
106358,2026-02-24
106360,2026-02-18
106360,2026-02-18
106360,2026-02-21
106361,2026-02-25
106361,2026-02-28
106362,2026-01-27
106365,2026-02-13
106366,2026-01-07
106368,2026-03-02
106368,2026-03-05
106369,2026-01-12
106369,2026-01-14
106370,2026-02-19
106370,2026-02-22
106372,2026-01-22
106372,2026-01-23
106372,2026-01-23
106376,2026-01-09
106377,2026-01-10
106377,2026-01-11
106377,2026-01-12
106378,2026-02-03
106378,2026-02-05
106379,2026-02-23
106380,2026-01-14
106380,2026-01-16
106380,2026-01-16
106381,2026-01-26
106381,2026-01-26
106381,2026-01-27
106382,2026-02-11
106382,2026-02-11
106382,2026-02-13
106384,2026-02-22
106384,2026-02-25
106384,2026-02-26
106386,2026-01-30
106387,2026-01-04
106389,2026-01-06
106389,2026-01-06
106389,2026-01-07
106390,2026-01-25
106390,2026-01-25
106390,2026-01-26
106391,2026-02-19
106393,2026-02-01
106393,2026-02-03
106394,2026-02-13
106395,2026-01-30
106396,2026-02-22
106396,2026-02-23
106398,2026-02-04
106401,2026-02-18
106401,2026-02-19
106401,2026-02-19
106402,2026-01-22
106403,2026-02-14
106404,2026-01-24
106404,2026-01-26
106404,2026-01-28
106405,2026-01-21
106406,2026-03-01
106406,2026-03-02
106406,2026-03-04
106408,2026-02-17
106411,2026-01-21
106412,2026-02-15
106413,2026-01-13
106413,2026-01-14
106413,2026-01-15
106414,2026-02-02
106415,2026-01-26
106415,2026-01-27
106416,2026-02-23
106418,2026-03-02
106418,2026-03-03
106421,2026-02-28
106421,2026-03-01
106422,2026-02-17
106423,2026-02-26
106424,2026-01-06
106428,2026-02-11
106429,2026-02-03
106429,2026-02-04
106430,2026-02-18
106431,2026-02-17
106431,2026-02-18
106431,2026-02-18
106434,2026-01-28
106434,2026-02-01
106435,2026-02-17
106435,2026-02-18
106435,2026-02-19
106436,2026-02-23
106436,2026-02-23
106437,2026-02-19
106437,2026-02-20
106437,2026-02-22
106439,2026-02-25
106439,2026-02-26
106441,2026-01-06
106441,2026-01-09
106443,2026-01-23
106444,2026-02-02
106444,2026-02-03
106445,2026-01-20
106445,2026-01-23
106446,2026-01-15
106447,2026-02-03
106447,2026-02-04
106448,2026-02-11
106449,2026-01-23
106450,2026-02-07
106450,2026-02-07
106450,2026-02-08
106453,2026-02-09
106453,2026-02-10
106454,2026-01-11
106454,2026-01-12
106454,2026-01-13
106456,2026-02-04
106456,2026-02-06
106456,2026-02-07
106459,2026-02-13
106459,2026-02-14
106459,2026-02-15
106461,2026-01-20
106461,2026-01-24
106462,2026-02-01
106464,2026-02-09
106464,2026-02-09
106465,2026-02-27
106465,2026-02-28
106466,2026-01-16
106466,2026-01-19
106467,2026-02-27
106467,2026-03-03
106468,2026-01-09
106468,2026-01-12
106469,2026-02-11
106469,2026-02-14
106470,2026-02-04
106470,2026-02-06
106470,2026-02-07
106471,2026-01-15
106473,2026-02-04
106474,2026-01-07
106475,2026-02-19
106475,2026-02-19
106475,2026-02-20
106476,2026-02-12
106476,2026-02-13
106478,2026-01-10
106478,2026-01-31
106479,2026-01-12
106479,2026-01-16
106479,2026-01-16
106480,2026-01-07
106481,2026-01-05
106481,2026-01-05
106482,2026-01-10
106482,2026-01-12
106483,2026-01-15
106483,2026-01-16
106483,2026-01-16
106484,2026-01-20
106486,2026-02-01
106486,2026-02-02
106486,2026-02-02
106488,2026-02-05
106489,2026-02-08
106489,2026-02-10
106493,2026-01-11
106495,2026-02-21
106495,2026-02-21
106495,2026-02-21
106498,2026-02-15
106499,2026-02-19
106499,2026-03-15
106500,2026-02-18
106500,2026-02-18
106500,2026-02-21
106501,2026-03-09
106501,2026-03-31
106503,2026-01-26
106504,2026-02-17
106506,2026-01-13
106508,2026-02-06
106509,2026-01-23
106511,2026-01-21
106511,2026-01-22
106512,2026-01-26
106512,2026-01-27
106512,2026-01-27
106513,2026-03-15
106514,2026-01-04
106514,2026-01-06
106515,2026-01-31
106515,2026-01-31
106515,2026-02-01
106516,2026-01-21
106516,2026-01-22
106517,2026-01-28
106521,2026-01-26
106521,2026-01-27
106521,2026-01-27
106522,2026-02-27
106523,2026-01-25
106525,2026-01-20
106526,2026-02-26
106526,2026-02-28
106526,2026-03-02
106527,2026-01-26
106527,2026-01-27
106527,2026-01-27
106529,2026-02-19
106529,2026-02-19
106529,2026-02-20
106530,2026-02-15
106530,2026-02-20
106530,2026-03-09
106531,2026-01-13
106531,2026-02-06
106532,2026-01-26
106534,2026-01-20
106535,2026-01-20
106535,2026-01-23
106535,2026-01-23
106536,2026-01-14
106536,2026-01-16
106536,2026-01-16
106537,2026-02-01
106537,2026-02-05
106537,2026-02-25
106538,2026-02-17
106539,2026-01-19
106539,2026-01-20
106541,2026-01-05
106541,2026-01-05
106541,2026-01-05
106542,2026-01-23
106542,2026-01-24
106542,2026-01-26
106543,2026-02-24
106543,2026-03-15
106544,2026-01-06
106544,2026-01-08
106544,2026-01-08
106545,2026-03-08
106546,2026-01-03
106546,2026-01-06
106547,2026-02-20
106551,2026-02-16
106554,2026-02-01
106554,2026-02-26
106555,2026-01-25
106557,2026-02-05
106558,2026-01-29
106559,2026-03-01
106561,2026-02-20
106563,2026-01-15
106563,2026-01-16
106563,2026-01-17
106564,2026-02-25
106564,2026-02-26
106564,2026-02-27
106565,2026-02-22
106565,2026-02-23
106567,2026-01-16
106568,2026-02-11
106571,2026-01-10
106573,2026-01-27
106573,2026-02-24
106576,2026-02-11
106576,2026-02-13
106576,2026-02-13
106578,2026-02-12
106578,2026-02-14
106583,2026-02-11
106583,2026-02-14
106584,2026-02-06
106584,2026-02-07
106585,2026-02-08
106586,2026-03-01
106586,2026-03-03
106587,2026-02-21
106587,2026-02-24
106588,2026-01-31
106588,2026-02-01
106588,2026-02-01
106589,2026-01-16
106589,2026-01-17
106589,2026-01-18
106592,2026-02-19
106594,2026-01-17
106594,2026-01-19
106594,2026-01-21
106595,2026-01-25
106595,2026-01-26
106596,2026-01-22
106596,2026-01-22
106596,2026-01-26
106598,2026-01-10
106598,2026-01-13
106599,2026-02-26
106599,2026-02-27
106599,2026-02-27
106600,2026-01-28
106600,2026-01-28
106600,2026-01-30
106601,2026-02-15
106602,2026-03-22
106603,2026-02-21
106603,2026-02-23
106605,2026-02-28
106605,2026-03-01
106607,2026-02-12
106607,2026-02-13
106608,2026-03-18
106609,2026-01-28
106610,2026-01-31
106611,2026-02-17
106611,2026-02-18
106611,2026-03-12
106614,2026-03-01
106615,2026-02-08
106615,2026-02-09
106615,2026-02-11
106616,2026-02-12
106618,2026-02-26
106618,2026-03-07
106618,2026-03-30
106619,2026-01-29
106621,2026-01-19
106621,2026-01-22
106623,2026-02-21
106626,2026-03-02
106626,2026-03-03
106627,2026-02-02
106627,2026-02-02
106628,2026-02-13
106628,2026-02-15
106629,2026-01-18
106629,2026-01-22
106633,2026-02-25
106636,2026-01-26
106638,2026-01-08
106638,2026-01-12
106638,2026-02-01
106639,2026-02-22
106639,2026-02-23
106639,2026-02-23
106641,2026-02-14
106641,2026-02-16
106643,2026-01-17
106643,2026-01-17
106643,2026-01-21
106644,2026-01-21
106644,2026-01-22
106644,2026-01-22
106645,2026-02-28
106645,2026-03-02
106646,2026-01-31
106648,2026-02-03
106648,2026-02-06
106650,2026-01-19
106650,2026-01-20
106651,2026-02-17
106651,2026-02-18
106651,2026-02-18
106652,2026-03-01
106653,2026-02-19
106653,2026-02-20
106656,2026-01-22
106657,2026-02-07
106658,2026-01-17
106659,2026-02-01
106659,2026-02-05
106660,2026-01-29
106661,2026-01-13
106662,2026-02-20
106663,2026-01-24
106665,2026-01-30
106665,2026-01-31
106665,2026-02-02
106666,2026-01-13
106666,2026-01-16
106667,2026-01-28
106667,2026-02-22
106669,2026-02-01
106669,2026-02-25
106670,2026-02-22
106671,2026-01-13
106671,2026-01-14
106671,2026-01-17
106672,2026-02-02
106672,2026-02-03
106672,2026-02-04
106673,2026-01-16
106673,2026-01-16
106674,2026-02-16
106674,2026-02-18
106674,2026-02-18
106675,2026-02-24
106677,2026-02-06
106677,2026-02-07
106677,2026-02-09
106679,2026-02-07
106680,2026-02-04
106680,2026-02-05
106681,2026-01-20
106682,2026-02-21
106683,2026-01-17
106686,2026-01-19
106686,2026-01-19
106687,2026-02-07
106687,2026-02-07
106691,2026-01-22
106691,2026-01-23
106691,2026-01-26
106692,2026-03-22
106693,2026-01-28
106693,2026-01-31
106694,2026-03-12
106695,2026-03-03
106695,2026-03-03
106696,2026-02-17
106697,2026-02-26
106698,2026-01-23
106699,2026-02-03
106699,2026-02-03
106699,2026-02-04
106700,2026-02-28
106700,2026-03-01
106700,2026-03-01
106701,2026-01-28
106701,2026-01-28
106701,2026-01-31
106702,2026-02-08
106702,2026-02-10
106702,2026-02-11
106704,2026-02-21
106704,2026-03-20
106705,2026-02-06
106705,2026-02-10
106705,2026-02-10
106706,2026-01-21
106706,2026-01-23
106706,2026-01-23
106707,2026-02-09
106710,2026-02-16
106711,2026-03-01
106711,2026-03-04
106713,2026-01-04
106713,2026-01-04
106716,2026-02-19
106716,2026-02-21
106717,2026-02-18
106720,2026-01-15
106720,2026-01-16
106720,2026-01-17
106724,2026-02-22
106724,2026-02-22
106728,2026-02-15
106728,2026-02-17
106731,2026-01-31
106732,2026-01-10
106735,2026-02-07
106736,2026-02-12
106737,2026-02-17
106737,2026-02-18
106737,2026-02-19
106738,2026-01-07
106740,2026-01-11
106743,2026-02-22
106744,2026-01-14
106744,2026-01-17
106745,2026-02-11
106745,2026-02-13
106746,2026-02-20
106746,2026-02-21
106746,2026-02-22
106748,2026-02-17
106748,2026-02-20
106748,2026-02-21
106749,2026-02-17
106752,2026-01-21
106752,2026-01-22
106755,2026-02-19
106756,2026-02-24
106756,2026-02-26
106756,2026-02-26
106758,2026-02-21
106758,2026-02-24
106760,2026-02-07
106760,2026-02-09
106760,2026-02-11
106761,2026-01-22
106761,2026-01-23
106761,2026-02-12
106762,2026-02-03
106763,2026-01-15
106763,2026-01-17
106764,2026-02-28
106764,2026-03-17
106767,2026-01-18
106767,2026-01-18
106768,2026-02-01
106768,2026-02-02
106768,2026-02-04
106770,2026-02-08
106771,2026-01-25
106771,2026-01-26
106771,2026-01-27
106772,2026-02-17
106772,2026-02-20
106774,2026-01-05
106774,2026-01-05
106774,2026-01-06
106775,2026-02-05
106775,2026-02-09
106775,2026-02-09
106777,2026-03-30
106778,2026-02-03
106778,2026-02-07
106779,2026-01-06
106779,2026-01-07
106779,2026-01-09
106780,2026-01-08
106780,2026-01-09
106780,2026-01-10
106782,2026-03-01
106784,2026-01-09
106785,2026-02-08
106785,2026-02-10
106786,2026-01-22
106786,2026-01-22
106787,2026-02-07
106787,2026-02-10
106787,2026-02-11
106788,2026-03-02
106788,2026-03-03
106788,2026-03-05
106790,2026-02-05
106791,2026-01-18
106791,2026-01-18
106793,2026-01-17
106793,2026-01-20
106794,2026-02-06
106794,2026-02-10
106796,2026-01-21
106797,2026-01-10
106797,2026-01-11
106797,2026-01-12
106798,2026-02-14
106799,2026-02-23
106799,2026-02-24
106799,2026-02-25
106802,2026-01-28
106803,2026-01-23
106804,2026-01-04
106804,2026-01-07
106806,2026-01-20
106806,2026-01-21
106806,2026-01-21
106808,2026-02-17
106808,2026-02-20
106809,2026-02-16
106809,2026-02-17
106811,2026-01-22
106811,2026-01-23
106812,2026-02-02
106812,2026-02-05
106812,2026-02-05
106814,2026-01-14
106815,2026-02-25
106816,2026-01-16
106819,2026-02-18
106819,2026-02-19
106820,2026-03-11
106822,2026-02-22
106822,2026-02-23
106823,2026-01-14
106823,2026-01-16
106825,2026-01-21
106828,2026-01-29
106828,2026-01-31
106829,2026-01-17
106829,2026-01-17
106829,2026-01-18
106830,2026-02-15
106830,2026-02-16
106831,2026-02-21
106831,2026-02-22
106831,2026-02-24
106833,2026-02-15
106835,2026-02-10
106836,2026-01-03
106836,2026-01-03
106836,2026-01-03
106839,2026-02-27
106839,2026-03-02
106839,2026-03-02
106840,2026-02-08
106840,2026-02-11
106842,2026-01-23
106842,2026-02-26
106843,2026-01-04
106843,2026-01-06
106844,2026-01-08
106845,2026-01-30
106845,2026-01-31
106845,2026-02-02
106848,2026-03-18
106851,2026-02-07
106851,2026-02-09
106852,2026-01-13
106852,2026-01-16
106853,2026-02-27
106853,2026-03-01
106853,2026-03-01
106854,2026-02-13
106856,2026-01-11
106856,2026-01-11
106856,2026-01-13
106857,2026-02-09
106857,2026-02-10
106858,2026-03-12
106859,2026-01-17
106859,2026-01-20
106860,2026-01-26
106861,2026-01-23
106862,2026-02-12
106862,2026-02-15
106864,2026-02-08
106864,2026-02-10
106866,2026-01-10
106867,2026-01-05
106869,2026-03-06
106870,2026-02-20
106870,2026-02-23
106872,2026-01-05
106872,2026-01-06
106873,2026-01-29
106875,2026-01-09
106879,2026-01-28
106880,2026-01-20
106880,2026-01-22
106880,2026-01-23
106882,2026-01-28
106882,2026-01-29
106884,2026-01-19
106885,2026-02-22
106885,2026-02-28
106885,2026-03-23
106886,2026-02-07
106886,2026-02-10
106887,2026-02-21
106887,2026-02-24
106887,2026-02-25
106888,2026-02-07
106888,2026-02-07
106888,2026-02-08
106890,2026-02-26
106891,2026-02-07
106891,2026-02-09
106893,2026-01-15
106893,2026-01-17
106894,2026-01-12
106894,2026-01-12
106895,2026-01-14
106896,2026-01-17
106896,2026-01-21
106897,2026-02-11
106898,2026-01-12
106899,2026-02-17
106899,2026-02-20
106899,2026-02-20
106901,2026-01-12
106901,2026-01-15
106903,2026-01-20
106903,2026-01-21
106903,2026-02-09
106906,2026-01-15
106906,2026-02-06
106910,2026-02-18
106910,2026-02-26
106910,2026-03-14
106911,2026-01-17
106913,2026-01-14
106913,2026-01-15
106914,2026-02-06
106914,2026-02-07
106914,2026-02-07
106915,2026-02-13
106916,2026-03-02
106916,2026-03-02
106916,2026-03-03
106917,2026-03-01
106917,2026-03-01
106917,2026-03-02
106918,2026-01-07
106918,2026-01-07
106919,2026-01-20
106919,2026-01-21
106919,2026-01-24
106920,2026-01-14
106920,2026-02-05
106921,2026-02-17
106922,2026-02-01
106922,2026-02-05
106923,2026-02-05
106923,2026-02-08
106923,2026-02-09
106925,2026-02-20
106925,2026-02-20
106925,2026-02-22
106928,2026-02-11
106935,2026-02-17
106937,2026-01-16
106937,2026-01-20
106939,2026-01-06
106940,2026-02-07
106941,2026-01-14
106943,2026-02-09
106945,2026-01-09
106945,2026-01-11
106945,2026-01-11
106946,2026-01-05
106946,2026-01-06
106946,2026-01-06
106947,2026-02-22
106948,2026-02-12
106948,2026-02-15
106950,2026-02-17
106950,2026-02-18
106950,2026-02-21
106954,2026-02-27
106954,2026-02-27
106954,2026-03-02
106956,2026-02-01
106956,2026-02-03
106956,2026-03-05
106958,2026-02-11
106959,2026-02-02
106959,2026-02-04
106960,2026-02-21
106962,2026-02-13
106965,2026-01-20
106965,2026-01-20
106965,2026-01-24
106966,2026-01-21
106966,2026-01-24
106966,2026-01-25
106968,2026-01-13
106968,2026-01-17
106970,2026-01-17
106970,2026-01-21
106970,2026-01-21
106973,2026-01-14
106973,2026-01-14
106973,2026-01-15
106974,2026-02-26
106974,2026-02-27
106975,2026-02-04
106976,2026-02-16
106976,2026-02-16
106977,2026-01-16
106978,2026-02-07
106978,2026-02-07
106978,2026-02-08
106982,2026-02-20
106985,2026-02-13
106985,2026-02-14
106985,2026-02-15
106986,2026-01-16
106986,2026-01-18
106986,2026-01-20
106988,2026-02-17
106988,2026-02-20
106989,2026-02-05
106989,2026-02-06
106989,2026-02-06
106990,2026-02-07
106990,2026-02-07
106990,2026-02-09
106991,2026-02-02
106993,2026-02-26
106993,2026-02-27
106993,2026-02-28
106995,2026-02-28
106995,2026-03-02
106995,2026-03-03
106996,2026-03-01
106996,2026-03-02
106996,2026-03-02
106997,2026-01-25
106998,2026-02-14
106998,2026-02-15
106998,2026-02-17
106999,2026-01-25
106999,2026-01-28
106999,2026-01-29
107003,2026-01-14
107003,2026-01-18
107004,2026-02-26
107004,2026-02-27
107005,2026-02-07
107006,2026-03-01
107006,2026-03-04
107006,2026-03-05
107007,2026-01-14
107007,2026-01-16
107007,2026-01-17
107008,2026-02-03
107008,2026-02-06
107009,2026-02-09
107009,2026-02-10
107009,2026-02-13
107010,2026-01-06
107011,2026-01-15
107011,2026-01-18
107012,2026-01-26
107012,2026-01-29
107012,2026-02-21
107013,2026-02-10
107013,2026-02-10
107013,2026-02-12
107016,2026-01-24
107017,2026-01-11
107017,2026-01-12
107017,2026-01-13
107018,2026-01-05
107020,2026-04-01
107021,2026-02-11
107025,2026-02-04
107025,2026-02-05
107025,2026-02-06
107028,2026-01-10
107028,2026-01-11
107030,2026-01-17
107030,2026-01-20
107030,2026-01-20
107031,2026-01-12
107032,2026-02-15
107032,2026-02-24
107032,2026-03-18
107033,2026-01-23
107036,2026-02-19
107038,2026-02-09
107038,2026-02-09
107038,2026-02-12
107039,2026-02-28
107039,2026-03-03
107040,2026-02-01
107041,2026-02-17
107041,2026-02-19
107041,2026-02-19
107042,2026-02-11
107045,2026-02-23
107045,2026-02-23
107046,2026-01-16
107046,2026-01-16
107046,2026-01-19
107047,2026-02-03
107047,2026-02-05
107048,2026-02-12
107051,2026-01-03
107051,2026-01-05
107052,2026-01-04
107052,2026-01-05
107052,2026-01-08
107053,2026-01-25
107053,2026-01-26
107053,2026-02-23
107054,2026-01-10
107054,2026-01-10
107054,2026-01-12
107057,2026-01-25
107057,2026-01-28
107059,2026-02-13
107060,2026-01-13
107060,2026-01-13
107060,2026-01-15
107061,2026-01-24
107061,2026-01-27
107063,2026-01-25
107066,2026-01-27
107066,2026-01-29
107066,2026-01-29
107070,2026-01-05
107071,2026-02-09
107071,2026-02-09
107071,2026-02-11
107072,2026-01-13
107074,2026-02-06
107074,2026-02-06
107074,2026-02-07
107075,2026-01-14
107078,2026-01-26
107078,2026-01-27
107078,2026-01-29
107079,2026-01-19
107079,2026-01-21
107079,2026-01-22
107080,2026-02-15
107080,2026-03-05
107081,2026-02-09
107081,2026-02-12
107081,2026-02-13
107083,2026-02-12
107083,2026-02-14
107083,2026-02-14
107086,2026-02-23
107087,2026-03-18
107088,2026-03-21
107091,2026-01-07
107091,2026-01-09
107097,2026-01-08
107097,2026-01-09
107098,2026-02-10
107098,2026-02-11
107099,2026-03-15
107100,2026-01-22
107100,2026-01-24
107100,2026-01-26
107101,2026-01-28
107102,2026-01-29
107103,2026-01-08
107103,2026-01-08
107104,2026-01-09
107105,2026-03-01
107107,2026-01-06
107107,2026-01-09
107107,2026-01-09
107108,2026-02-28
107108,2026-02-28
107109,2026-02-12
107111,2026-02-05
107113,2026-02-27
107114,2026-01-31
107115,2026-03-29
107116,2026-01-14
107116,2026-02-08
107117,2026-02-25
107117,2026-02-26
107118,2026-01-09
107118,2026-01-31
107120,2026-02-01
107120,2026-02-02
107121,2026-03-02
107122,2026-01-09
107122,2026-01-12
107122,2026-01-12
107123,2026-02-27
107123,2026-02-28
107123,2026-03-01
107124,2026-02-28
107125,2026-02-21
107127,2026-02-15
107127,2026-02-17
107129,2026-02-17
107129,2026-02-17
107129,2026-02-17
107132,2026-02-15
107135,2026-01-08
107135,2026-01-09
107135,2026-01-10
107136,2026-02-03
107136,2026-02-07
107138,2026-01-24
107138,2026-01-25
107139,2026-02-25
107139,2026-02-27
107139,2026-02-28
107140,2026-01-25
107142,2026-01-20
107142,2026-01-21
107142,2026-01-21
107143,2026-01-21
107143,2026-01-22
107146,2026-03-07
107146,2026-03-09
107146,2026-03-31
107148,2026-03-01
107148,2026-03-03
107150,2026-01-18
107151,2026-03-01
107151,2026-03-02
107152,2026-01-21
107152,2026-01-23
107153,2026-02-10
107153,2026-02-11
107154,2026-01-06
107154,2026-01-07
107155,2026-01-15
107155,2026-02-12
107156,2026-02-05
107156,2026-02-07
107157,2026-02-11
107158,2026-02-14
107158,2026-02-16
107159,2026-02-05
107159,2026-02-07
107159,2026-02-08
107160,2026-02-02
107162,2026-01-04
107162,2026-01-05
107162,2026-01-07
107163,2026-02-24
107164,2026-02-26
107165,2026-01-04
107165,2026-01-08
107166,2026-02-02
107166,2026-02-05
107168,2026-02-13
107168,2026-02-15
107168,2026-02-16
107170,2026-02-13
107171,2026-02-13
107173,2026-01-21
107176,2026-01-29
107176,2026-01-30
107176,2026-01-31
107179,2026-02-10
107179,2026-02-10
107179,2026-02-13
107181,2026-01-31
107184,2026-02-24
107185,2026-01-17
107187,2026-01-11
107187,2026-01-16
107187,2026-02-14
107188,2026-02-19
107191,2026-01-08
107191,2026-01-11
107192,2026-01-31
107192,2026-02-02
107197,2026-02-21
107197,2026-02-21
107197,2026-02-22
107198,2026-03-25
107199,2026-01-14
107200,2026-01-06
107200,2026-01-10
107202,2026-02-24
107203,2026-02-14
107203,2026-02-14
107203,2026-02-16
107204,2026-01-07
107206,2026-01-04
107206,2026-01-04
107206,2026-01-05
107207,2026-02-28
107209,2026-02-09
107212,2026-02-08
107212,2026-02-08
107212,2026-02-09
107213,2026-02-07
107214,2026-01-18
107214,2026-01-19
107215,2026-02-13
107221,2026-02-18
107223,2026-02-20
107225,2026-01-06
107225,2026-01-10
107225,2026-01-29
107228,2026-01-03
107228,2026-01-04
107228,2026-01-06
107230,2026-02-06
107230,2026-02-08
107230,2026-02-08
107232,2026-01-18
107232,2026-01-18
107232,2026-01-19
107233,2026-02-27
107235,2026-01-16
107235,2026-01-18
107236,2026-01-13
107239,2026-01-31
107239,2026-02-04
107239,2026-02-04
107240,2026-02-16
107240,2026-02-16
107240,2026-02-16
107242,2026-01-12
107243,2026-03-01
107243,2026-03-02
107244,2026-01-07
107245,2026-02-28
107245,2026-03-01
107245,2026-03-29
107246,2026-02-10
107246,2026-02-12
107248,2026-02-02
107248,2026-02-07
107248,2026-02-24
107250,2026-01-08
107251,2026-02-10
107252,2026-01-10
107252,2026-01-11
107252,2026-01-14
107256,2026-02-18
107256,2026-02-19
107260,2026-02-24
107260,2026-02-27
107262,2026-01-31
107267,2026-02-17
107267,2026-02-17
107267,2026-02-19
107268,2026-02-14
107270,2026-01-24
107271,2026-01-31
107271,2026-02-02
107272,2026-02-02
107274,2026-03-03
107276,2026-02-09
107276,2026-02-10
107276,2026-02-11
107280,2026-02-20
107280,2026-02-21
107280,2026-03-19
107282,2026-01-25
107284,2026-03-02
107284,2026-03-03
107285,2026-02-23
107285,2026-02-24
107286,2026-01-27
107287,2026-02-06
107287,2026-02-09
107287,2026-02-10
107288,2026-03-07
107291,2026-01-15
107292,2026-02-14
107295,2026-02-28
107295,2026-02-28
107296,2026-01-04
107296,2026-01-06
107296,2026-01-06
107297,2026-03-01
107297,2026-03-01
107297,2026-03-05
107298,2026-03-20
107301,2026-02-11
107301,2026-02-11
107302,2026-02-27
107302,2026-02-27
107302,2026-03-01
107303,2026-02-04
107303,2026-02-07
107304,2026-01-30
107304,2026-01-31
107306,2026-01-12
107307,2026-03-26
107310,2026-02-20
107311,2026-02-12
107313,2026-01-24
107314,2026-02-01
107314,2026-02-03
107314,2026-02-25
107316,2026-01-07
107316,2026-02-07
107319,2026-01-19
107319,2026-01-21
107319,2026-01-22
107323,2026-01-23
107323,2026-01-24
107324,2026-02-16
107324,2026-02-17
107324,2026-03-17
107325,2026-02-12
107325,2026-02-13
107325,2026-02-13
107326,2026-03-03
107326,2026-03-04
107326,2026-03-27
107327,2026-01-28
107327,2026-01-28
107328,2026-01-06
107329,2026-02-15
107329,2026-02-16
107333,2026-01-25
107335,2026-03-01
107335,2026-03-03
107336,2026-01-14
107337,2026-01-27
107337,2026-01-29
107339,2026-02-14
107340,2026-02-18
107340,2026-02-19
107340,2026-02-20
107342,2026-02-05
107343,2026-02-02
107343,2026-02-05
107344,2026-01-07
107344,2026-01-09
107346,2026-02-23
107346,2026-02-23
107347,2026-01-22
107348,2026-02-16
107349,2026-02-13
107349,2026-02-13
107349,2026-02-15
107350,2026-01-11
107351,2026-01-29
107354,2026-02-23
107354,2026-02-27
107355,2026-02-07
107355,2026-02-08
107358,2026-03-01
107360,2026-01-30
107360,2026-02-02
107361,2026-03-03
107361,2026-03-07
107361,2026-03-28
107362,2026-02-11
107363,2026-02-09
107363,2026-03-05
107364,2026-01-27
107364,2026-01-29
107365,2026-01-28
107365,2026-01-28
107365,2026-02-01
107368,2026-03-01
107369,2026-02-27
107369,2026-02-28
107370,2026-02-27
107371,2026-01-11
107372,2026-01-11
107372,2026-01-30
107373,2026-02-10
107373,2026-02-12
107373,2026-02-13
107378,2026-02-28
107382,2026-02-25
107382,2026-02-26
107382,2026-02-26
107383,2026-01-28
107384,2026-01-14
107385,2026-02-28
107385,2026-03-01
107385,2026-03-03
107388,2026-03-17
107392,2026-01-06
107394,2026-01-25
107395,2026-02-22
107395,2026-02-23
107397,2026-02-15
107398,2026-01-13
107399,2026-01-24
107399,2026-01-24
107399,2026-01-25
107400,2026-03-04
107401,2026-01-23
107401,2026-01-25
107402,2026-03-03
107405,2026-02-13
107406,2026-02-19
107407,2026-02-24
107407,2026-03-02
107407,2026-03-21
107408,2026-02-26
107408,2026-02-27
107410,2026-02-08
107411,2026-01-10
107411,2026-01-13
107413,2026-01-06
107413,2026-01-06
107413,2026-01-07
107414,2026-01-16
107414,2026-01-17
107415,2026-01-10
107415,2026-01-11
107415,2026-01-11
107416,2026-01-04
107417,2026-02-06
107417,2026-02-07
107417,2026-02-07
107419,2026-01-18
107421,2026-01-08
107423,2026-02-19
107423,2026-02-20
107424,2026-01-25
107424,2026-01-28
107425,2026-02-07
107425,2026-02-09
107425,2026-02-09
107426,2026-02-28
107426,2026-02-28
107426,2026-03-03
107434,2026-03-02
107434,2026-03-04
107435,2026-02-23
107435,2026-03-21
107436,2026-02-14
107436,2026-02-17
107439,2026-01-23
107439,2026-01-23
107442,2026-01-17
107443,2026-02-26
107443,2026-02-26
107443,2026-03-01
107444,2026-03-24
107445,2026-01-06
107445,2026-01-06
107446,2026-01-27
107446,2026-01-29
107447,2026-02-15
107449,2026-03-31
107451,2026-01-05
107453,2026-02-19
107453,2026-02-21
107456,2026-02-17
107456,2026-02-18
107456,2026-02-18
107457,2026-02-02
107457,2026-02-05
107458,2026-01-10
107459,2026-02-19
107460,2026-01-16
107460,2026-01-16
107460,2026-01-17
107462,2026-02-11
107463,2026-01-23
107464,2026-02-03
107464,2026-02-03
107464,2026-02-06
107468,2026-02-26
107468,2026-02-27
107468,2026-02-27
107469,2026-02-01
107469,2026-02-04
107469,2026-03-04
107470,2026-02-10
107470,2026-02-10
107470,2026-02-10
107471,2026-02-26
107472,2026-01-06
107472,2026-01-07
107472,2026-01-08
107474,2026-01-02
107474,2026-01-03
107474,2026-01-06
107476,2026-02-16
107476,2026-02-17
107476,2026-02-18
107477,2026-02-23
107477,2026-02-25
107477,2026-02-25
107478,2026-01-06
107478,2026-01-06
107480,2026-02-19
107480,2026-02-22
107481,2026-02-13
107482,2026-02-25
107482,2026-02-26
107482,2026-02-27
107484,2026-01-30
107484,2026-01-30
107485,2026-02-06
107486,2026-01-22
107486,2026-01-22
107486,2026-01-22
107488,2026-01-14
107488,2026-01-14
107488,2026-01-15
107489,2026-02-13
107489,2026-02-13
107489,2026-02-15
107490,2026-03-08
107490,2026-03-24
107492,2026-03-01
107492,2026-03-21
107494,2026-03-04
107496,2026-02-12
107496,2026-03-11
107502,2026-02-17
107506,2026-02-07
107507,2026-01-18
107510,2026-01-21
107510,2026-01-21
107511,2026-01-17
107511,2026-01-17
107511,2026-01-18
107513,2026-01-15
107513,2026-01-18
107515,2026-01-24
107516,2026-01-10
107517,2026-01-03
107517,2026-01-04
107518,2026-01-09
107519,2026-02-01
107519,2026-02-01
107519,2026-02-02
107520,2026-01-20
107520,2026-01-21
107520,2026-01-22
107521,2026-02-12
107521,2026-02-15
107521,2026-02-16
107522,2026-03-14
107523,2026-02-07
107524,2026-02-16
107524,2026-02-18
107525,2026-02-08
107525,2026-02-09
107525,2026-02-09
107526,2026-02-23
107527,2026-01-18
107527,2026-01-21
107527,2026-01-22
107529,2026-01-26
107530,2026-02-05
107530,2026-02-06
107530,2026-02-06
107533,2026-02-20
107534,2026-02-12
107536,2026-02-12
107536,2026-02-13
107536,2026-02-15
107537,2026-02-11
107538,2026-01-09
107538,2026-01-11
107540,2026-01-14
107540,2026-01-16
107540,2026-01-18
107541,2026-01-19
107541,2026-01-20
107541,2026-02-05
107542,2026-02-16
107542,2026-02-18
107543,2026-01-17
107543,2026-01-19
107543,2026-01-19
107544,2026-02-12
107545,2026-01-18
107545,2026-01-19
107547,2026-01-30
107547,2026-01-30
107547,2026-01-31
107548,2026-01-11
107548,2026-01-15
107548,2026-02-10
107549,2026-01-07
107549,2026-01-11
107550,2026-01-21
107551,2026-01-21
107552,2026-01-17
107552,2026-01-20
107554,2026-02-16
107554,2026-02-17
107555,2026-02-10
107555,2026-02-10
107555,2026-02-13
107556,2026-02-21
107556,2026-02-22
107557,2026-01-18
107557,2026-01-19
107560,2026-02-28
107560,2026-02-28
107561,2026-01-12
107567,2026-03-03
107567,2026-03-03
107567,2026-03-05
107568,2026-01-21
107568,2026-01-22
107568,2026-01-24
107569,2026-01-26
107569,2026-01-28
107569,2026-01-30
107572,2026-01-21
107574,2026-01-20
107575,2026-01-02
107576,2026-01-08
107576,2026-01-10
107577,2026-02-06
107580,2026-01-14
107580,2026-01-14
107580,2026-02-05
107581,2026-01-30
107581,2026-02-01
107585,2026-02-01
107586,2026-01-28
107586,2026-02-23
107587,2026-02-10
107587,2026-02-14
107588,2026-01-09
107588,2026-01-12
107588,2026-01-12
107589,2026-02-02
107589,2026-02-05
107589,2026-02-05
107590,2026-03-01
107590,2026-03-02
107592,2026-02-02
107593,2026-02-23
107593,2026-02-25
107594,2026-02-18
107594,2026-02-20
107595,2026-02-22
107595,2026-02-26
107595,2026-02-26
107596,2026-02-18
107596,2026-02-18
107596,2026-02-19
107597,2026-02-02
107598,2026-01-09
107599,2026-02-14
107599,2026-02-16
107599,2026-02-18
107600,2026-01-22
107600,2026-02-11
107601,2026-01-26
107601,2026-01-26
107603,2026-02-03
107603,2026-02-05
107605,2026-03-03
107606,2026-02-26
107606,2026-02-26
107606,2026-02-27
107609,2026-02-02
107609,2026-02-05
107609,2026-03-02
107612,2026-02-10
107612,2026-02-14
107612,2026-02-14
107613,2026-02-19
107613,2026-02-22
107613,2026-02-22
107616,2026-03-08
107618,2026-02-02
107618,2026-02-04
107621,2026-01-05
107621,2026-01-05
107623,2026-01-28
107625,2026-01-24
107625,2026-01-24
107625,2026-01-25
107626,2026-01-08
107627,2026-02-28
107627,2026-03-04
107627,2026-03-04
107629,2026-01-09
107631,2026-02-27
107631,2026-02-27
107631,2026-03-02
107632,2026-01-07
107634,2026-01-04
107636,2026-02-03
107637,2026-01-13
107637,2026-01-14
107637,2026-01-17
107638,2026-02-02
107639,2026-02-24
107639,2026-02-25
107640,2026-01-28
107640,2026-02-01
107640,2026-02-27
107641,2026-02-08
107642,2026-02-22
107642,2026-02-25
107642,2026-02-25
107644,2026-02-06
107644,2026-02-09
107645,2026-02-14
107649,2026-02-06
107649,2026-02-07
107651,2026-02-13
107652,2026-01-05
107652,2026-01-06
107653,2026-02-07
107653,2026-02-10
107654,2026-02-01
107655,2026-02-12
107655,2026-02-14
107655,2026-02-16
107656,2026-01-25
107656,2026-01-26
107656,2026-01-28
107658,2026-01-31
107658,2026-02-01
107659,2026-02-17
107659,2026-02-20
107659,2026-02-21
107660,2026-02-19
107660,2026-02-21
107661,2026-02-13
107665,2026-01-02
107665,2026-01-05
107665,2026-01-06
107667,2026-02-05
107667,2026-02-05
107667,2026-02-07
107673,2026-03-19
107674,2026-01-21
107675,2026-01-04
107675,2026-01-04
107675,2026-01-08
107676,2026-02-13
107677,2026-03-01
107678,2026-01-15
107678,2026-01-16
107678,2026-01-17
107683,2026-02-18
107683,2026-02-22
107684,2026-01-06
107684,2026-01-28
107685,2026-02-27
107685,2026-03-18
107686,2026-01-02
107686,2026-01-03
107688,2026-02-22
107689,2026-02-07
107690,2026-01-07
107690,2026-01-08
107692,2026-02-18
107695,2026-01-25
107695,2026-01-26
107697,2026-02-09
107700,2026-02-01
107702,2026-03-01
107703,2026-02-01
107703,2026-02-01
107703,2026-02-04
107704,2026-02-23
107705,2026-01-10
107705,2026-01-11
107705,2026-01-12
107707,2026-01-28
107707,2026-01-28
107707,2026-01-31
107708,2026-02-09
107708,2026-02-10
107710,2026-02-28
107710,2026-02-28
107712,2026-02-26
107713,2026-02-03
107713,2026-02-03
107713,2026-02-03
107714,2026-01-24
107714,2026-02-14
107715,2026-02-08
107716,2026-01-16
107716,2026-01-17
107716,2026-01-18
107717,2026-03-10
107718,2026-01-29
107718,2026-02-01
107718,2026-02-02
107719,2026-01-16
107719,2026-01-20
107720,2026-02-08
107720,2026-02-10
107720,2026-02-11
107726,2026-02-22
107726,2026-03-01
107726,2026-03-21
107728,2026-02-09
107729,2026-01-05
107729,2026-02-02
107730,2026-01-26
107731,2026-01-14
107731,2026-01-15
107731,2026-01-17
107734,2026-01-07
107734,2026-01-11
107735,2026-01-29
107735,2026-02-06
107735,2026-02-24
107736,2026-01-16
107737,2026-01-14
107737,2026-01-17
107737,2026-01-18
107738,2026-01-16
107740,2026-02-28
107741,2026-02-01
107742,2026-02-10
107742,2026-02-12
107743,2026-01-21
107745,2026-04-01
107746,2026-01-26
107746,2026-01-27
107749,2026-03-08
107751,2026-02-11
107751,2026-02-14
107753,2026-01-04
107753,2026-01-07
107757,2026-01-27
107758,2026-02-13
107759,2026-02-27
107759,2026-03-26
107760,2026-01-10
107761,2026-02-24
107762,2026-02-23
107762,2026-02-23
107762,2026-02-24
107763,2026-02-27
107763,2026-03-08
107763,2026-03-25
107765,2026-01-16
107765,2026-01-16
107765,2026-01-18
107766,2026-02-25
107766,2026-02-27
107767,2026-02-05
107768,2026-02-06
107768,2026-02-07
107769,2026-01-23
107769,2026-01-26
107769,2026-01-26
107771,2026-02-07
107772,2026-02-27
107772,2026-03-02
107773,2026-01-14
107773,2026-01-16
107775,2026-02-18
107775,2026-02-19
107775,2026-02-20
107776,2026-01-28
107776,2026-01-29
107776,2026-01-30
107777,2026-02-21
107777,2026-02-22
107777,2026-02-24
107778,2026-02-25
107778,2026-02-26
107778,2026-02-27
107783,2026-02-23
107784,2026-02-05
107784,2026-02-06
107784,2026-02-07
107786,2026-02-01
107787,2026-01-17
107788,2026-02-24
107788,2026-02-27
107790,2026-03-01
107793,2026-01-30
107794,2026-01-23
107795,2026-01-18
107795,2026-01-20
107797,2026-02-24
107798,2026-02-12
107800,2026-02-01
107800,2026-02-01
107802,2026-02-14
107802,2026-02-15
107803,2026-02-15
107805,2026-02-19
107805,2026-02-19
107805,2026-02-19
107806,2026-01-31
107808,2026-02-16
107808,2026-02-17
107808,2026-02-19
107809,2026-02-04
107809,2026-02-08
107810,2026-01-06
107810,2026-01-07
107811,2026-01-09
107811,2026-01-13
107813,2026-01-26
107814,2026-01-03
107814,2026-01-04
107814,2026-01-06
107815,2026-02-26
107817,2026-03-08
107818,2026-01-22
107819,2026-02-05
107819,2026-02-06
107820,2026-01-11
107820,2026-01-14
107820,2026-01-14
107824,2026-01-11
107825,2026-01-11
107825,2026-01-11
107828,2026-03-13
107829,2026-01-27
107829,2026-01-28
107829,2026-01-31
107831,2026-02-19
107831,2026-02-21
107831,2026-02-23
107832,2026-03-03
107833,2026-01-29
107833,2026-01-31
107833,2026-01-31
107835,2026-01-06
107835,2026-01-07
107836,2026-03-01
107836,2026-03-03
107836,2026-03-04
107837,2026-02-10
107839,2026-03-02
107839,2026-03-03
107839,2026-03-03
107842,2026-02-12
107842,2026-02-12
107842,2026-03-16
107844,2026-02-16
107844,2026-02-16
107844,2026-02-17
107845,2026-03-10
107852,2026-03-02
107852,2026-03-03
107852,2026-03-03
107853,2026-02-24
107853,2026-02-25
107853,2026-02-27
107855,2026-02-19
107855,2026-02-19
107856,2026-02-26
107857,2026-01-28
107857,2026-01-29
107859,2026-01-06
107859,2026-01-08
107861,2026-02-07
107861,2026-02-09
107864,2026-02-12
107864,2026-02-13
107864,2026-02-16
107866,2026-02-06
107866,2026-02-08
107866,2026-02-10
107867,2026-02-09
107867,2026-02-09
107868,2026-02-25
107869,2026-02-03
107869,2026-02-05
107870,2026-02-27
107870,2026-02-28
107871,2026-02-01
107871,2026-02-02
107872,2026-01-22
107872,2026-01-25
107873,2026-01-10
107874,2026-01-04
107874,2026-01-06
107874,2026-01-31
107876,2026-02-08
107878,2026-01-22
107878,2026-01-22
107878,2026-01-24
107880,2026-02-19
107880,2026-02-20
107880,2026-02-23
107883,2026-02-24
107883,2026-02-27
107883,2026-02-28
107884,2026-03-07
107885,2026-01-12
107885,2026-01-13
107885,2026-01-14
107887,2026-01-29
107887,2026-01-30
107891,2026-01-31
107891,2026-01-31
107891,2026-02-03
107892,2026-02-07
107892,2026-02-08
107893,2026-01-08
107893,2026-01-08
107893,2026-01-08
107895,2026-01-12
107897,2026-02-09
107899,2026-01-12
107899,2026-01-13
107899,2026-01-15
107901,2026-01-22
107901,2026-01-22
107902,2026-02-04
107902,2026-02-04
107902,2026-02-06
107904,2026-01-08
107906,2026-01-21
107906,2026-01-22
107906,2026-01-25
107907,2026-03-10
107908,2026-02-13
107908,2026-02-14
107909,2026-01-27
107909,2026-02-15
107912,2026-01-07
107912,2026-01-08
107912,2026-01-09
107917,2026-02-02
107917,2026-02-02
107918,2026-02-04
107918,2026-02-05
107918,2026-02-05
107920,2026-02-20
107920,2026-02-21
107920,2026-02-21
107921,2026-01-26
107921,2026-01-28
107924,2026-02-06
107924,2026-02-06
107924,2026-02-08
107925,2026-01-11
107925,2026-01-11
107925,2026-01-11
107926,2026-01-20
107926,2026-01-20
107926,2026-01-24
107927,2026-02-23
107928,2026-01-08
107928,2026-01-08
107929,2026-01-31
107929,2026-02-02
107929,2026-02-04
107930,2026-01-31
107930,2026-02-02
107930,2026-02-04
107936,2026-02-03
107938,2026-01-30
107938,2026-01-31
107938,2026-01-31
107939,2026-01-16
107939,2026-01-17
107939,2026-01-20
107940,2026-01-20
107941,2026-01-21
107941,2026-01-23
107941,2026-01-23
107943,2026-01-30
107943,2026-01-31
107943,2026-02-01
107945,2026-02-27
107946,2026-02-07
107949,2026-01-23
107949,2026-01-24
107949,2026-01-26
107950,2026-02-07
107950,2026-02-07
107951,2026-03-25
107952,2026-02-19
107952,2026-02-20
107952,2026-02-22
107954,2026-01-23
107955,2026-01-15
107956,2026-03-25
107957,2026-01-29
107959,2026-01-31
107959,2026-02-02
107961,2026-02-09
107961,2026-02-11
107963,2026-01-24
107964,2026-02-27
107965,2026-01-20
107965,2026-02-07
107966,2026-01-24
107966,2026-01-25
107966,2026-01-26
107968,2026-03-27
107969,2026-02-12
107970,2026-02-26
107970,2026-03-01
107971,2026-01-15
107971,2026-01-17
107972,2026-01-03
107972,2026-01-06
107974,2026-02-27
107974,2026-02-27
107975,2026-01-15
107975,2026-01-15
107975,2026-01-17
107976,2026-01-04
107976,2026-01-07
107976,2026-01-08
107978,2026-02-24
107978,2026-02-25
107978,2026-02-28
107980,2026-02-05
107980,2026-02-06
107980,2026-02-06
107981,2026-01-08
107981,2026-01-10
107983,2026-01-29
107983,2026-01-31
107985,2026-02-24
107985,2026-02-25
107987,2026-01-30
107988,2026-02-28
107988,2026-03-01
107988,2026-03-02
107989,2026-02-05
107989,2026-02-07
107989,2026-02-07
107991,2026-02-11
107991,2026-02-13
107991,2026-02-14
107993,2026-01-22
107993,2026-02-13
107994,2026-02-18
107994,2026-02-20
107994,2026-02-22
107995,2026-01-29
107995,2026-02-01
107997,2026-01-23
107997,2026-01-23
107997,2026-01-27
107998,2026-01-04
107998,2026-01-06
200001,2026-04-27
200001,2026-04-27
200001,2026-04-29
200003,2026-03-07
200003,2026-03-08
200003,2026-03-08
200004,2026-04-08
200005,2026-03-31
200005,2026-04-01
200005,2026-04-02
200006,2026-03-18
200009,2026-03-21
200009,2026-03-22
200009,2026-03-25
200010,2026-04-08
200011,2026-03-08
200013,2026-04-13
200013,2026-04-13
200014,2026-04-16
200014,2026-04-18
200014,2026-04-18
200015,2026-03-05
200018,2026-03-28
200019,2026-04-04
200020,2026-04-19
200020,2026-04-21
200020,2026-04-22
200021,2026-04-18
200021,2026-04-19
200022,2026-03-22
200022,2026-03-23
200022,2026-03-24
200023,2026-03-08
200023,2026-03-09
200024,2026-04-02
200024,2026-04-02
200025,2026-03-28
200025,2026-04-05
200025,2026-04-23
200026,2026-04-06
200026,2026-04-07
200026,2026-04-07
200029,2026-03-08
200029,2026-03-09
200030,2026-04-03
200030,2026-04-04
200030,2026-04-05
200032,2026-04-16
200032,2026-04-19
200036,2026-04-15
200036,2026-04-15
200036,2026-04-16
200037,2026-03-13
200037,2026-04-06
200040,2026-03-30
200040,2026-03-30
200040,2026-04-01
200041,2026-03-18
200041,2026-03-19
200041,2026-04-10
200043,2026-04-08
200043,2026-04-09
200044,2026-04-15
200045,2026-03-12
200047,2026-04-20
200047,2026-04-22
200050,2026-03-25
200051,2026-03-08
200051,2026-04-10
200052,2026-03-28
200052,2026-03-28
200054,2026-04-30
200055,2026-03-31
200055,2026-04-02
200056,2026-03-31
200060,2026-04-06
200061,2026-03-26
200061,2026-03-27
200062,2026-03-21
200062,2026-03-23
200063,2026-03-28
200063,2026-03-29
200063,2026-03-31
200065,2026-03-31
200065,2026-04-01
200066,2026-04-26
200068,2026-04-08
200069,2026-04-03
200069,2026-04-04
200069,2026-04-04
200070,2026-04-18
200071,2026-04-29
200073,2026-04-16
200073,2026-04-19
200073,2026-04-20
200077,2026-04-17
200077,2026-04-19
200077,2026-04-20
200078,2026-04-11
200078,2026-04-13
200079,2026-04-01
200079,2026-04-03
200079,2026-04-03
200080,2026-03-21
200081,2026-03-19
200081,2026-04-04
200084,2026-05-02
200084,2026-05-03
200084,2026-05-28
200085,2026-03-06
200087,2026-03-30
200087,2026-04-01
200088,2026-03-13
200089,2026-04-21
200090,2026-03-10
200090,2026-04-07
200091,2026-04-04
200093,2026-04-02
200095,2026-04-09
200095,2026-04-11
200096,2026-04-12
200098,2026-03-17
200098,2026-03-19
200100,2026-03-17
200100,2026-03-19
200100,2026-03-20
200104,2026-03-24
200104,2026-03-27
200105,2026-03-09
200105,2026-03-10
200105,2026-03-12
200106,2026-03-16
200107,2026-04-05
200108,2026-04-25
200108,2026-04-26
200108,2026-04-27
200110,2026-03-10
200110,2026-03-11
200111,2026-03-07
200111,2026-03-28
200112,2026-04-22
200114,2026-04-23
200115,2026-03-27
200115,2026-03-28
200115,2026-03-29
200116,2026-03-14
200116,2026-03-14
200116,2026-03-14
200117,2026-04-02
200117,2026-04-03
200117,2026-04-03
200118,2026-05-02
200121,2026-04-15
200122,2026-04-13
200122,2026-05-05
200123,2026-04-10
200124,2026-03-25
200124,2026-03-26
200124,2026-03-29
200125,2026-03-14
200125,2026-03-15
200127,2026-04-05
200127,2026-04-05
200128,2026-03-26
200128,2026-03-27
200128,2026-03-27
200129,2026-04-04
200130,2026-03-27
200130,2026-03-27
200131,2026-04-09
200131,2026-04-10
200133,2026-04-26
200134,2026-04-14
200135,2026-05-04
200136,2026-04-12
200137,2026-04-09
200141,2026-03-23
200141,2026-03-26
200141,2026-03-26
200145,2026-03-13
200145,2026-03-13
200145,2026-03-14
200146,2026-04-27
200147,2026-03-19
200150,2026-03-09
200150,2026-03-13
200150,2026-03-13
200153,2026-03-16
200153,2026-03-19
200155,2026-04-15
200156,2026-03-20
200158,2026-03-06
200159,2026-04-10
200159,2026-04-13
200159,2026-04-13
200163,2026-03-03
200163,2026-03-06
200165,2026-04-02
200165,2026-04-03
200165,2026-04-04
200166,2026-04-12
200166,2026-04-16
200166,2026-05-05
200167,2026-04-13
200168,2026-04-02
200169,2026-04-01
200170,2026-04-25
200170,2026-04-26
200170,2026-04-28
200171,2026-03-21
200171,2026-03-21
200171,2026-03-22
200172,2026-04-05
200172,2026-04-06
200173,2026-04-23
200174,2026-04-27
200174,2026-04-27
200175,2026-04-28
200175,2026-04-28
200175,2026-04-28
200176,2026-05-14
200178,2026-03-19
200178,2026-03-19
200178,2026-03-20
200180,2026-03-16
200181,2026-03-23
200181,2026-03-25
200182,2026-04-23
200184,2026-04-26
200185,2026-03-27
200187,2026-04-05
200187,2026-04-05
200187,2026-04-06
200189,2026-04-13
200189,2026-04-16
200189,2026-04-17
200191,2026-03-15
200191,2026-03-16
200192,2026-04-09
200192,2026-04-09
200192,2026-04-10
200193,2026-04-06
200193,2026-04-09
200195,2026-03-16
200195,2026-03-17
200195,2026-03-18
200196,2026-03-31
200196,2026-04-01
200196,2026-04-01
200197,2026-04-24
200197,2026-04-26
200198,2026-03-10
200199,2026-04-15
200199,2026-04-19
200200,2026-03-06
200200,2026-03-08
200201,2026-04-26
200203,2026-03-13
200203,2026-03-16
200203,2026-03-16
200204,2026-05-23
200205,2026-04-01
200208,2026-03-15
200208,2026-03-18
200209,2026-03-26
200209,2026-03-28
200209,2026-03-29
200211,2026-05-17
200212,2026-03-23
200213,2026-03-18
200213,2026-03-19
200213,2026-03-20
200214,2026-03-07
200214,2026-03-09
200215,2026-04-18
200215,2026-04-19
200215,2026-04-21
200216,2026-04-21
200216,2026-04-21
200216,2026-04-23
200217,2026-05-16
200220,2026-04-16
200221,2026-03-14
200221,2026-04-05
200223,2026-04-08
200223,2026-04-08
200224,2026-03-08
200226,2026-03-29
200226,2026-03-29
200227,2026-04-01
200227,2026-04-01
200227,2026-04-03
200228,2026-04-11
200230,2026-03-30
200230,2026-03-30
200230,2026-04-02
200231,2026-04-04
200233,2026-03-24
200233,2026-03-26
200233,2026-03-27
200236,2026-03-09
200236,2026-04-01
200237,2026-03-21
200237,2026-03-22
200238,2026-04-25
200238,2026-04-27
200238,2026-04-28
200239,2026-03-12
200239,2026-03-13
200242,2026-03-12
200242,2026-03-13
200243,2026-04-20
200243,2026-04-28
200243,2026-05-15
200244,2026-03-16
200244,2026-03-16
200244,2026-03-18
200246,2026-04-23
200247,2026-04-02
200248,2026-04-26
200248,2026-04-26
200248,2026-04-29
200249,2026-03-31
200250,2026-04-24
200251,2026-03-16
200251,2026-03-16
200254,2026-04-14
200256,2026-03-10
200257,2026-04-12
200257,2026-04-13
200257,2026-04-15
200261,2026-03-17
200261,2026-03-19
200261,2026-03-19
200262,2026-04-12
200262,2026-04-13
200262,2026-04-14
200263,2026-03-28
200268,2026-04-15
200268,2026-04-15
200268,2026-04-17
200270,2026-03-24
200270,2026-03-27
200271,2026-04-14
200272,2026-03-04
200272,2026-03-28
200273,2026-03-18
200273,2026-03-19
200273,2026-03-20
200274,2026-04-14
200274,2026-04-15
200274,2026-04-18
200275,2026-03-08
200276,2026-03-12
200276,2026-03-14
200278,2026-03-23
200278,2026-03-24
200280,2026-03-04
200280,2026-03-05
200280,2026-03-05
200281,2026-04-17
200284,2026-04-15
200285,2026-03-13
200285,2026-03-14
200285,2026-03-16
200286,2026-03-30
200286,2026-03-31
200286,2026-04-03
200287,2026-03-19
200287,2026-03-20
200289,2026-03-17
200289,2026-03-18
200289,2026-03-19
200290,2026-04-19
200290,2026-04-20
200290,2026-04-20
200291,2026-04-18
200293,2026-04-29
200293,2026-04-30
200293,2026-04-30
200297,2026-05-10
200300,2026-03-15
200300,2026-03-16
200300,2026-03-18
200302,2026-04-05
200302,2026-04-06
200302,2026-04-09
200306,2026-03-30
200306,2026-04-01
200306,2026-04-03
200307,2026-04-26
200308,2026-03-30
200310,2026-04-06
200312,2026-04-17
200314,2026-05-10
200315,2026-04-07
200315,2026-04-07
200316,2026-04-15
200316,2026-04-16
200318,2026-03-14
200318,2026-03-15
200318,2026-03-15
200319,2026-03-21
200319,2026-03-21
200319,2026-03-22
200320,2026-03-22
200321,2026-04-05
200321,2026-04-07
200322,2026-04-26
200322,2026-04-27
200323,2026-04-27
200325,2026-03-28
200326,2026-03-25
200326,2026-03-27
200326,2026-03-28
200327,2026-03-18
200328,2026-04-03
200328,2026-04-05
200328,2026-04-05
200329,2026-04-14
200329,2026-04-17
200330,2026-04-12
200331,2026-03-11
200331,2026-03-12
200331,2026-03-14
200332,2026-04-25
200332,2026-04-28
200335,2026-03-07
200336,2026-04-16
200336,2026-04-18
200336,2026-04-20
200337,2026-04-21
200338,2026-04-26
200338,2026-04-28
200338,2026-04-28
200339,2026-04-08
200339,2026-04-08
200339,2026-04-08
200341,2026-03-27
200342,2026-04-07
200342,2026-04-08
200342,2026-04-08
200343,2026-05-19
200345,2026-03-10
200345,2026-03-11
200345,2026-03-13
200347,2026-03-17
200347,2026-03-17
200349,2026-05-09
200350,2026-03-22
200351,2026-03-18
200352,2026-04-19
200352,2026-04-20
200352,2026-05-06
200355,2026-03-14
200355,2026-03-14
200355,2026-03-16
200356,2026-04-19
200356,2026-04-19
200357,2026-03-13
200357,2026-03-13
200357,2026-03-13
200359,2026-04-25
200361,2026-03-08
200361,2026-03-11
200363,2026-04-05
200363,2026-04-05
200363,2026-04-07
200364,2026-04-25
200364,2026-04-26
200365,2026-04-17
200365,2026-04-18
200365,2026-04-20
200366,2026-03-11
200366,2026-03-11
200367,2026-03-19
200370,2026-04-08
200371,2026-05-19
200372,2026-04-02
200372,2026-04-03
200373,2026-04-04
200375,2026-03-23
200375,2026-03-27
200375,2026-04-21
200377,2026-03-19
200378,2026-04-23
200378,2026-04-23
200379,2026-03-17
200379,2026-03-19
200379,2026-03-19
200381,2026-04-18
200382,2026-04-26
200382,2026-04-29
200383,2026-04-22
200383,2026-04-22
200385,2026-04-05
200385,2026-04-06
200385,2026-04-09
200386,2026-04-27
200386,2026-04-28
200388,2026-03-30
200395,2026-04-25
200396,2026-03-27
200396,2026-03-28
200397,2026-04-05
200398,2026-05-21
200399,2026-04-18
200399,2026-04-18
200399,2026-04-18
200401,2026-03-27
200401,2026-04-22
200403,2026-03-15
200403,2026-03-15
200404,2026-03-27
200404,2026-03-28
200406,2026-05-06
200407,2026-04-19
200409,2026-04-03
200412,2026-04-03
200413,2026-04-23
200413,2026-04-26
200416,2026-04-25
200416,2026-04-26
200416,2026-04-27
200417,2026-04-14
200417,2026-04-17
200417,2026-04-17
200418,2026-03-09
200418,2026-03-10
200418,2026-03-11
200420,2026-03-29
200422,2026-05-01
200422,2026-05-23
200423,2026-04-16
200423,2026-04-19
200423,2026-04-19
200424,2026-03-06
200424,2026-03-07
200424,2026-03-08
200425,2026-05-01
200427,2026-03-11
200427,2026-03-13
200428,2026-04-09
200428,2026-05-03
200429,2026-03-26
200429,2026-03-27
200429,2026-03-27
200431,2026-03-11
200431,2026-03-12
200431,2026-03-13
200432,2026-03-17
200432,2026-03-17
200434,2026-03-19
200434,2026-03-19
200434,2026-03-19
200435,2026-04-13
200435,2026-04-16
200438,2026-04-15
200438,2026-04-16
200438,2026-04-17
200440,2026-03-16
200440,2026-03-16
200441,2026-04-13
200443,2026-04-24
200443,2026-04-24
200443,2026-04-28
200444,2026-03-26
200444,2026-03-26
200444,2026-04-13
200445,2026-04-08
200445,2026-05-06
200447,2026-03-17
200447,2026-03-17
200447,2026-03-21
200448,2026-03-09
200449,2026-03-31
200449,2026-03-31
200449,2026-04-03
200450,2026-03-16
200450,2026-03-16
200452,2026-04-02
200452,2026-04-02
200452,2026-04-05
200456,2026-03-27
200456,2026-03-28
200457,2026-03-18
200459,2026-04-05
200459,2026-04-05
200459,2026-04-08
200466,2026-03-27
200466,2026-03-30
200467,2026-04-05
200467,2026-04-06
200467,2026-04-06
200468,2026-03-06
200468,2026-03-08
200469,2026-03-25
200469,2026-03-27
200470,2026-04-10
200470,2026-04-11
200471,2026-04-25
200471,2026-04-28
200471,2026-05-22
200472,2026-03-14
200472,2026-03-15
200472,2026-03-18
200473,2026-03-18
200474,2026-04-25
200474,2026-04-28
200474,2026-04-28
200476,2026-04-02
200477,2026-03-25
200481,2026-03-05
200481,2026-03-06
200482,2026-03-21
200482,2026-03-21
200484,2026-03-26
200484,2026-03-28
200484,2026-03-30
200485,2026-04-28
200485,2026-05-20
200486,2026-04-04
200486,2026-04-07
200487,2026-03-03
200487,2026-03-07
200487,2026-03-07
200489,2026-04-10
200490,2026-05-11
200491,2026-03-24
200491,2026-04-20
200493,2026-05-19
200494,2026-05-19
200495,2026-03-31
200495,2026-04-01
200497,2026-04-25
200497,2026-04-26
200497,2026-05-27
200498,2026-03-29
200499,2026-04-19
200499,2026-04-21
200499,2026-04-22
200500,2026-04-04
200500,2026-04-11
200500,2026-05-04
200501,2026-04-17
200501,2026-04-18
200501,2026-04-18
200502,2026-04-04
200505,2026-04-08
200505,2026-04-09
200505,2026-04-09
200506,2026-04-12
200506,2026-04-13
200506,2026-04-14
200507,2026-03-19
200507,2026-03-22
200507,2026-03-23
200509,2026-04-05
200510,2026-03-31
200510,2026-04-03
200513,2026-05-19
200515,2026-03-16
200516,2026-03-18
200518,2026-04-11
200518,2026-04-11
200519,2026-03-27
200519,2026-03-30
200521,2026-04-24
200521,2026-04-25
200522,2026-03-23
200523,2026-03-26
200523,2026-03-28
200524,2026-04-16
200528,2026-04-01
200528,2026-04-03
200529,2026-03-19
200529,2026-03-20
200529,2026-03-22
200530,2026-03-18
200530,2026-03-19
200530,2026-03-20
200531,2026-03-16
200531,2026-03-18
200531,2026-03-18
200532,2026-04-11
200532,2026-04-13
200533,2026-04-07
200533,2026-04-07
200533,2026-04-07
200535,2026-04-13
200536,2026-04-17
200537,2026-04-14
200537,2026-04-17
200539,2026-03-13
200539,2026-03-15
200539,2026-03-17
200540,2026-04-06
200541,2026-04-08
200542,2026-04-03
200542,2026-04-04
200542,2026-04-06
200546,2026-04-23
200547,2026-03-16
200549,2026-04-26
200550,2026-04-04
200551,2026-04-10
200551,2026-04-10
200551,2026-04-11
200554,2026-04-12
200556,2026-04-11
200556,2026-04-12
200557,2026-03-20
200557,2026-03-23
200558,2026-04-15
200558,2026-04-17
200558,2026-04-17
200559,2026-04-15
200559,2026-04-16
200559,2026-04-16
200560,2026-03-07
200560,2026-03-09
200560,2026-03-11
200563,2026-04-22
200565,2026-04-24
200565,2026-04-25
200565,2026-04-27
200567,2026-04-20
200568,2026-03-04
200568,2026-03-06
200570,2026-04-01
200573,2026-03-19
200573,2026-03-20
200574,2026-04-25
200575,2026-03-29
200576,2026-04-24
200576,2026-04-26
200576,2026-04-26
200577,2026-03-30
200577,2026-04-02
200577,2026-04-02
200578,2026-04-11
200580,2026-04-12
200582,2026-04-26
200582,2026-04-26
200582,2026-04-26
200583,2026-04-09
200583,2026-04-11
200584,2026-04-29
200585,2026-03-06
200585,2026-03-06
200586,2026-03-24
200587,2026-04-06
200588,2026-03-13
200588,2026-03-14
200588,2026-03-14
200589,2026-03-12
200589,2026-04-12
200591,2026-04-10
200591,2026-04-13
200592,2026-04-04
200592,2026-04-04
200592,2026-04-04
200593,2026-03-20
200594,2026-04-11
200594,2026-04-13
200594,2026-04-14
200595,2026-04-09
200599,2026-04-06
200599,2026-04-06
200600,2026-03-03
200600,2026-03-04
200600,2026-03-04
200601,2026-03-28
200601,2026-03-29
200601,2026-03-31
200603,2026-04-04
200603,2026-04-05
200603,2026-04-06
200604,2026-03-18
200605,2026-03-23
200606,2026-03-10
200606,2026-03-10
200606,2026-03-12
200607,2026-03-12
200608,2026-04-22
200608,2026-04-25
200609,2026-03-05
200609,2026-03-07
200610,2026-04-08
200612,2026-04-01
200612,2026-04-02
200612,2026-04-03
200613,2026-03-24
200613,2026-03-24
200613,2026-03-26
200616,2026-04-01
200621,2026-03-11
200621,2026-03-11
200622,2026-03-26
200622,2026-03-27
200622,2026-03-29
200623,2026-03-28
200623,2026-03-30
200626,2026-03-24
200626,2026-03-25
200626,2026-03-28
200627,2026-04-09
200628,2026-04-10
200629,2026-04-12
200629,2026-04-13
200629,2026-04-14
200630,2026-03-15
200630,2026-03-18
200631,2026-04-09
200631,2026-04-09
200631,2026-04-12
200634,2026-03-26
200636,2026-05-16
200637,2026-03-21
200637,2026-03-21
200639,2026-03-18
200642,2026-03-24
200642,2026-03-26
200642,2026-03-28
200644,2026-04-22
200645,2026-03-24
200645,2026-03-25
200647,2026-03-12
200647,2026-03-12
200649,2026-04-13
200649,2026-04-13
200650,2026-03-29
200652,2026-04-17
200653,2026-03-31
200653,2026-03-31
200653,2026-04-01
200654,2026-04-04
200654,2026-04-05
200655,2026-04-10
200657,2026-04-14
200658,2026-03-25
200659,2026-03-05
200665,2026-03-21
200665,2026-03-23
200665,2026-03-23
200666,2026-03-18
200668,2026-04-21
200668,2026-04-24
200669,2026-03-08
200670,2026-04-24
200670,2026-04-25
200670,2026-04-26
200673,2026-04-26
200673,2026-04-27
200674,2026-04-19
200674,2026-04-21
200678,2026-04-19
200679,2026-04-12
200680,2026-04-09
200680,2026-04-09
200681,2026-03-24
200681,2026-03-24
200681,2026-03-25
200682,2026-04-16
200682,2026-04-16
200683,2026-03-08
200687,2026-04-03
200687,2026-04-04
200687,2026-04-05
200689,2026-03-02
200689,2026-03-02
200689,2026-03-06
200691,2026-04-22
200691,2026-04-26
200692,2026-03-06
200692,2026-03-06
200694,2026-04-02
200695,2026-03-24
200695,2026-03-25
200695,2026-03-25
200696,2026-05-04
200697,2026-04-17
200699,2026-03-13
200700,2026-04-10
200701,2026-04-16
200701,2026-04-18
200706,2026-03-22
200706,2026-03-23
200706,2026-03-24
200707,2026-04-05
200707,2026-04-05
200707,2026-04-08
200708,2026-03-05
200708,2026-03-05
200710,2026-04-11
200711,2026-05-10
200713,2026-03-19
200715,2026-03-30
200715,2026-03-31
200715,2026-04-03
200716,2026-03-23
200716,2026-03-23
200716,2026-03-27
200718,2026-03-24
200718,2026-03-26
200718,2026-03-28
200720,2026-03-04
200720,2026-03-05
200720,2026-03-06
200724,2026-04-27
200724,2026-04-29
200724,2026-05-26
200725,2026-04-26
200726,2026-03-02
200727,2026-03-12
200727,2026-03-13
200729,2026-04-25
200731,2026-03-28
200731,2026-03-30
200731,2026-03-30
200732,2026-04-05
200732,2026-04-06
200732,2026-04-07
200734,2026-04-03
200735,2026-03-22
200735,2026-03-24
200736,2026-03-10
200737,2026-04-10
200737,2026-04-11
200739,2026-03-03
200740,2026-03-25
200741,2026-03-10
200741,2026-03-12
200741,2026-03-13
200742,2026-03-29
200744,2026-03-21
200745,2026-03-12
200745,2026-03-13
200746,2026-05-08
200748,2026-04-29
200748,2026-04-29
200751,2026-04-01
200751,2026-04-03
200752,2026-03-12
200753,2026-05-13
200754,2026-04-21
200755,2026-04-24
200755,2026-05-27
200756,2026-03-24
200757,2026-04-01
200757,2026-04-01
200757,2026-04-02
200758,2026-03-18
200758,2026-03-19
200759,2026-04-24
200759,2026-04-24
200760,2026-04-22
200760,2026-04-23
200762,2026-03-08
200762,2026-03-08
200763,2026-04-25
200765,2026-04-26
200765,2026-04-28
200765,2026-04-28
200766,2026-04-12
200767,2026-04-01
200767,2026-04-04
200769,2026-04-16
200771,2026-04-15
200774,2026-04-17
200776,2026-03-02
200776,2026-03-02
200778,2026-03-19
200778,2026-03-20
200778,2026-03-21
200782,2026-05-12
200783,2026-04-24
200783,2026-04-24
200783,2026-04-25
200784,2026-04-12
200784,2026-04-15
200784,2026-04-15
200785,2026-03-07
200785,2026-03-10
200786,2026-03-15
200786,2026-03-17
200787,2026-03-29
200788,2026-04-09
200788,2026-04-11
200789,2026-04-13
200790,2026-04-06
200790,2026-04-08
200793,2026-04-16
200793,2026-04-17
200793,2026-04-17
200795,2026-04-15
200795,2026-04-16
200798,2026-03-20
200798,2026-03-23
200798,2026-03-24
200800,2026-03-21
200800,2026-03-21
200800,2026-03-21
200802,2026-04-06
200804,2026-03-15
200805,2026-03-21
200806,2026-03-13
200806,2026-03-15
200807,2026-03-16
200810,2026-03-07
200812,2026-04-08
200812,2026-04-30
200813,2026-04-24
200813,2026-04-25
200815,2026-04-16
200815,2026-04-18
200815,2026-04-18
200816,2026-03-23
200817,2026-04-16
200817,2026-04-17
200817,2026-04-17
200820,2026-03-12
200820,2026-03-12
200821,2026-04-19
200822,2026-05-02
200823,2026-04-12
200823,2026-04-15
200823,2026-05-05
200824,2026-05-07
200826,2026-03-10
200826,2026-04-05
200827,2026-04-27
200829,2026-04-24
200830,2026-04-24
200830,2026-04-26
200830,2026-04-28
200832,2026-03-17
200833,2026-03-25
200834,2026-03-14
200834,2026-04-03
200835,2026-03-29
200835,2026-03-30
200837,2026-04-08
200837,2026-04-11
200838,2026-03-19
200839,2026-04-10
200840,2026-03-21
200840,2026-03-23
200841,2026-03-29
200841,2026-03-30
200842,2026-04-13
200843,2026-03-08
200843,2026-03-12
200843,2026-04-08
200845,2026-03-20
200845,2026-03-22
200846,2026-04-29
200847,2026-03-29
200847,2026-04-01
200847,2026-04-01
200848,2026-04-08
200848,2026-04-08
200849,2026-04-25
200849,2026-04-27
200849,2026-04-27
200850,2026-04-06
200852,2026-03-10
200853,2026-03-12
200854,2026-03-29
200854,2026-03-29
200854,2026-03-31
200856,2026-04-04
200856,2026-04-06
200857,2026-04-25
200857,2026-04-26
200857,2026-04-27
200859,2026-04-24
200861,2026-04-12
200861,2026-04-20
200861,2026-05-12
200863,2026-04-06
200863,2026-04-09
200865,2026-03-16
200865,2026-04-03
200871,2026-03-21
200874,2026-04-20
200874,2026-04-20
200874,2026-04-21
200875,2026-04-16
200875,2026-04-17
200876,2026-03-04
200876,2026-03-05
200876,2026-03-05
200878,2026-04-06
200878,2026-04-06
200878,2026-04-09
200879,2026-03-27
200881,2026-04-04
200881,2026-04-04
200881,2026-04-05
200885,2026-03-27
200885,2026-03-28
200885,2026-03-29
200886,2026-03-15
200887,2026-03-23
200887,2026-03-25
200888,2026-04-14
200888,2026-04-16
200888,2026-04-16
200890,2026-04-19
200891,2026-03-12
200891,2026-03-14
200891,2026-03-14
200892,2026-04-03
200892,2026-04-06
200896,2026-04-21
200896,2026-04-24
200896,2026-04-25
200898,2026-03-13
200899,2026-03-19
200899,2026-03-20
200899,2026-03-20
200901,2026-03-07
200901,2026-03-09
200901,2026-03-10
200902,2026-03-18
200902,2026-03-22
200903,2026-04-18
200903,2026-04-18
200903,2026-04-18
200905,2026-04-20
200906,2026-03-10
200908,2026-03-03
200912,2026-03-25
200912,2026-03-28
200913,2026-04-08
200915,2026-04-10
200915,2026-04-10
200916,2026-03-20
200917,2026-03-28
200917,2026-04-01
200917,2026-04-25
200918,2026-03-25
200919,2026-04-27
200921,2026-03-27
200921,2026-03-28
200921,2026-04-22
200923,2026-04-19
200923,2026-04-20
200923,2026-04-22
200924,2026-03-09
200924,2026-03-11
200925,2026-04-01
200925,2026-04-03
200925,2026-04-03
200926,2026-04-26
200926,2026-04-28
200926,2026-04-29
200927,2026-04-10
200927,2026-04-11
200927,2026-04-14
200928,2026-03-19
200929,2026-03-25
200929,2026-03-28
200929,2026-03-29
200931,2026-04-07
200933,2026-04-10
200934,2026-03-27
200935,2026-05-02
200935,2026-05-21
200939,2026-03-08
200939,2026-03-11
200942,2026-05-09
200945,2026-03-04
200945,2026-03-06
200945,2026-03-06
200946,2026-05-05
200947,2026-04-13
200948,2026-03-06
200948,2026-03-09
200948,2026-03-09
200949,2026-04-04
200949,2026-04-06
200949,2026-05-04
200952,2026-04-13
200953,2026-03-31
200953,2026-04-02
200954,2026-03-21
200954,2026-03-21
200955,2026-03-27
200956,2026-04-29
200956,2026-04-30
200957,2026-03-15
200957,2026-03-15
200958,2026-03-11
200960,2026-04-09
200961,2026-04-04
200963,2026-03-11
200963,2026-03-11
200963,2026-03-12
200964,2026-03-17
200965,2026-04-04
200966,2026-04-06
200967,2026-03-19
200967,2026-03-22
200967,2026-03-22
200968,2026-04-16
200968,2026-04-17
200968,2026-04-19
200969,2026-03-19
200969,2026-03-20
200969,2026-04-10
200970,2026-03-21
200972,2026-04-04
200973,2026-04-15
200973,2026-04-15
200973,2026-04-16
200974,2026-03-21
200974,2026-03-23
200974,2026-03-25
200975,2026-03-04
200976,2026-04-17
200976,2026-04-20
200977,2026-03-27
200978,2026-03-27
200978,2026-03-28
200978,2026-03-29
200980,2026-04-29
200981,2026-03-26
200981,2026-03-27
200981,2026-03-29
200982,2026-04-17
200982,2026-04-17
200983,2026-03-04
200983,2026-03-05
200983,2026-03-07
200987,2026-04-02
200987,2026-04-04
200987,2026-04-05
200989,2026-03-13
200989,2026-03-14
200992,2026-03-15
200993,2026-04-30
200994,2026-03-06
200994,2026-03-09
200994,2026-03-09
200999,2026-04-01
201000,2026-04-03
201001,2026-05-21
201002,2026-04-03
201002,2026-04-05
201002,2026-04-06
201003,2026-03-17
201003,2026-03-18
201010,2026-04-15
201010,2026-05-07
201011,2026-04-17
201012,2026-03-13
201012,2026-03-13
201014,2026-04-21
201014,2026-04-24
201015,2026-03-18
201016,2026-05-11
201017,2026-03-05
201017,2026-03-06
201017,2026-03-07
201018,2026-04-22
201018,2026-04-24
201018,2026-04-24
201020,2026-03-24
201020,2026-03-27
201020,2026-03-28
201021,2026-04-05
201021,2026-04-05
201021,2026-04-06
201022,2026-03-16
201022,2026-03-17
201022,2026-03-20
201024,2026-04-24
201024,2026-04-26
201024,2026-04-26
201025,2026-04-12
201025,2026-04-14
201025,2026-05-12
201026,2026-04-23
201026,2026-04-25
201027,2026-04-07
201027,2026-04-08
201027,2026-04-09
201028,2026-03-06
201028,2026-03-07
201029,2026-03-27
201029,2026-03-28
201029,2026-03-29
201030,2026-04-02
201030,2026-04-03
201030,2026-04-03
201032,2026-03-15
201033,2026-04-25
201033,2026-04-28
201033,2026-04-29
201034,2026-04-08
201036,2026-03-24
201036,2026-03-25
201037,2026-03-26
201037,2026-03-28
201037,2026-03-29
201040,2026-03-25
201041,2026-03-07
201041,2026-03-08
201042,2026-05-23
201043,2026-03-31
201043,2026-04-01
201045,2026-03-30
201045,2026-04-28
201046,2026-03-21
201046,2026-03-21
201048,2026-03-29
201048,2026-04-01
201050,2026-04-18
201050,2026-04-20
201051,2026-04-17
201051,2026-04-17
201054,2026-03-06
201055,2026-04-16
201060,2026-04-11
201060,2026-04-13
201060,2026-04-13
201061,2026-04-24
201062,2026-03-07
201063,2026-03-23
201063,2026-03-23
201063,2026-03-24
201064,2026-03-09
201065,2026-03-06
201065,2026-03-09
201065,2026-04-07
201066,2026-04-15
201066,2026-05-08
201068,2026-04-23
201070,2026-05-16
201071,2026-03-04
201071,2026-03-05
201073,2026-03-27
201074,2026-04-22
201074,2026-04-23
201074,2026-05-16
201075,2026-03-26
201075,2026-04-20
201078,2026-04-10
201078,2026-04-10
201080,2026-04-16
201080,2026-04-17
201082,2026-03-14
201083,2026-05-18
201085,2026-04-17
201086,2026-04-23
201086,2026-04-25
201086,2026-04-26
201087,2026-03-31
201087,2026-04-03
201088,2026-04-05
201088,2026-04-07
201088,2026-04-27
201089,2026-04-01
201089,2026-04-02
201090,2026-03-07
201090,2026-03-08
201090,2026-03-08
201093,2026-05-21
201094,2026-05-27
201095,2026-04-11
201096,2026-03-12
201096,2026-03-12
201097,2026-04-08
201098,2026-03-14
201098,2026-03-18
201098,2026-03-18
201100,2026-04-10
201101,2026-04-09
201101,2026-04-15
201101,2026-05-04
201103,2026-03-17
201103,2026-03-19
201105,2026-04-17
201108,2026-04-10
201108,2026-04-11
201109,2026-04-19
201109,2026-04-19
201109,2026-04-20
201110,2026-04-07
201110,2026-04-09
201111,2026-03-17
201111,2026-03-17
201112,2026-03-06
201112,2026-03-06
201113,2026-04-06
201115,2026-03-31
201115,2026-03-31
201115,2026-04-04
201117,2026-04-20
201117,2026-04-23
201119,2026-03-22
201119,2026-04-12
201121,2026-04-09
201121,2026-04-12
201121,2026-04-13
201122,2026-03-12
201122,2026-03-13
201122,2026-03-16
201123,2026-03-15
201123,2026-03-16
201124,2026-05-01
201126,2026-04-08
201127,2026-05-24
201128,2026-04-27
201128,2026-05-25
201129,2026-03-05
201131,2026-03-07
201131,2026-03-08
201132,2026-03-15
201132,2026-03-15
201132,2026-03-17
201133,2026-03-31
201135,2026-04-10
201136,2026-04-09
201138,2026-03-18
201138,2026-03-21
201138,2026-04-09
201141,2026-05-14
201142,2026-03-20
201142,2026-03-25
201142,2026-04-20
201143,2026-04-25
201143,2026-04-27
201143,2026-04-29
201146,2026-04-26
201147,2026-04-24
201147,2026-04-26
201149,2026-03-19
201150,2026-04-03
201150,2026-04-03
201150,2026-04-04
201152,2026-03-18
201152,2026-03-20
201153,2026-04-10
201153,2026-04-11
201153,2026-04-11
201154,2026-03-12
201154,2026-03-14
201154,2026-03-15
201157,2026-05-10
201158,2026-03-12
201158,2026-03-15
201160,2026-04-25
201160,2026-04-25
201160,2026-04-26
201162,2026-03-30
201162,2026-04-07
201162,2026-04-29
201163,2026-04-21
201165,2026-03-12
201165,2026-03-15
201166,2026-03-24
201167,2026-03-27
201167,2026-03-28
201169,2026-03-15
201170,2026-03-19
201170,2026-03-20
201170,2026-03-23
201171,2026-04-03
201171,2026-04-24
201172,2026-04-09
201175,2026-04-15
201178,2026-04-04
201178,2026-04-07
201178,2026-04-08
201179,2026-04-26
201180,2026-04-01
201180,2026-04-01
201181,2026-03-29
201182,2026-03-21
201182,2026-03-24
201185,2026-04-09
201185,2026-04-10
201185,2026-04-10
201187,2026-04-27
201188,2026-03-05
201188,2026-03-05
201188,2026-03-07
201191,2026-04-03
201191,2026-04-06
201191,2026-04-06
201194,2026-03-07
201195,2026-03-11
201196,2026-03-21
201198,2026-04-16
201200,2026-03-17
201200,2026-03-21
201202,2026-04-27
201203,2026-04-23
201204,2026-03-18
201204,2026-03-21
201206,2026-04-05
201206,2026-04-08
201206,2026-04-09
201208,2026-04-22
201208,2026-04-22
201208,2026-04-25
201209,2026-03-16
201210,2026-03-23
201210,2026-03-26
201211,2026-03-07
201211,2026-03-08
201212,2026-04-21
201213,2026-04-11
201213,2026-04-12
201213,2026-04-14
201216,2026-03-21
201217,2026-03-22
201217,2026-03-24
201218,2026-04-17
201218,2026-04-18
201218,2026-04-18
201220,2026-03-19
201220,2026-03-19
201220,2026-03-21
201223,2026-04-11
201225,2026-03-26
201225,2026-03-27
201225,2026-03-28
201226,2026-03-20
201226,2026-03-22
201228,2026-03-21
201229,2026-03-10
201229,2026-03-13
201231,2026-05-13
201232,2026-04-09
201232,2026-04-15
201232,2026-05-06
201233,2026-05-17
201235,2026-03-09
201235,2026-03-10
201235,2026-04-07
201236,2026-04-12
201236,2026-04-12
201236,2026-05-11
201237,2026-03-27
201237,2026-03-28
201238,2026-04-05
201239,2026-04-19
201239,2026-04-21
201239,2026-04-22
201241,2026-03-29
201241,2026-04-02
201242,2026-03-22
201242,2026-03-23
201243,2026-05-02
201243,2026-05-28
201246,2026-04-16
201247,2026-04-14
201247,2026-04-15
201248,2026-04-14
201248,2026-05-04
201251,2026-04-10
201251,2026-04-12
201252,2026-04-26
201252,2026-04-26
201253,2026-03-09
201253,2026-03-11
201253,2026-03-11
201254,2026-04-17
201255,2026-05-18
201258,2026-03-31
201258,2026-04-29
201260,2026-03-25
201261,2026-03-19
201261,2026-04-16
201262,2026-04-06
201262,2026-04-06
201262,2026-04-24
201263,2026-04-18
201263,2026-04-20
201264,2026-04-02
201264,2026-04-04
201264,2026-04-04
201265,2026-04-26
201266,2026-04-15
201266,2026-04-18
201267,2026-04-26
201267,2026-04-27
201269,2026-03-14
201269,2026-04-10
201271,2026-05-08
201272,2026-03-17
201273,2026-03-28
201273,2026-03-30
201273,2026-04-01
201275,2026-04-25
201275,2026-04-29
201275,2026-05-20
201276,2026-03-30
201276,2026-04-01
201276,2026-04-03
201279,2026-04-17
201280,2026-04-27
201282,2026-03-05
201282,2026-03-05
201282,2026-03-08
201284,2026-03-11
201284,2026-03-11
201284,2026-03-11
201286,2026-04-11
201288,2026-03-07
201288,2026-04-03
201290,2026-03-30
201290,2026-04-01
201290,2026-04-21
201292,2026-04-15
201293,2026-04-10
201293,2026-04-12
201293,2026-04-14
201295,2026-03-11
201299,2026-03-24
201299,2026-03-24
201299,2026-03-24
201301,2026-04-03
201302,2026-03-14
201303,2026-04-21
201303,2026-04-25
201303,2026-04-25
201304,2026-04-09
201304,2026-04-12
201304,2026-04-13
201305,2026-04-15
201307,2026-03-19
201307,2026-03-23
201307,2026-04-14
201308,2026-03-05
201308,2026-03-05
201308,2026-03-06
201312,2026-03-13
201312,2026-03-14
201314,2026-04-03
201314,2026-04-03
201315,2026-04-26
201315,2026-04-27
201316,2026-04-28
201316,2026-04-28
201318,2026-03-15
201318,2026-03-15
201319,2026-04-18
201319,2026-04-19
201320,2026-03-31
201320,2026-04-03
201321,2026-04-05
201322,2026-04-24
201322,2026-04-24
201324,2026-04-10
201325,2026-04-11
201325,2026-04-13
201325,2026-04-15
201326,2026-03-18
201326,2026-03-20
201326,2026-03-21
201327,2026-04-04
201327,2026-04-04
201327,2026-04-05
201328,2026-03-22
201328,2026-03-24
201330,2026-03-04
201330,2026-03-07
201331,2026-04-13
201331,2026-04-13
201331,2026-05-09
201334,2026-03-27
201334,2026-03-30
201336,2026-04-12
201336,2026-04-13
201336,2026-04-14
201341,2026-04-28
201342,2026-04-10
201344,2026-04-21
201346,2026-04-10
201346,2026-04-12
201347,2026-04-21
201347,2026-04-25
201348,2026-04-10
201348,2026-04-10
201349,2026-04-23
201350,2026-03-15
201350,2026-04-04
201352,2026-03-12
201352,2026-04-01
201354,2026-04-15
201354,2026-04-16
201355,2026-03-15
201355,2026-03-15
201355,2026-03-18
201357,2026-04-25
201357,2026-04-26
201357,2026-04-29
201358,2026-03-21
201358,2026-04-10
201359,2026-03-16
201361,2026-04-06
201361,2026-04-07
201361,2026-04-09
201362,2026-03-25
201362,2026-03-27
201364,2026-04-20
201364,2026-04-20
201364,2026-04-23
201365,2026-03-06
201366,2026-03-17
201366,2026-03-17
201366,2026-03-19
201367,2026-03-25
201367,2026-03-28
201367,2026-03-28
201369,2026-03-20
201370,2026-04-27
201373,2026-03-18
201373,2026-03-19
201374,2026-04-01
201374,2026-04-02
201374,2026-04-04
201375,2026-05-01
201376,2026-04-23
201377,2026-03-24
201377,2026-03-26
201379,2026-03-16
201380,2026-03-29
201384,2026-04-06
201386,2026-04-16
201388,2026-04-13
201388,2026-04-13
201391,2026-04-05
201392,2026-04-03
201392,2026-04-05
201392,2026-04-05
201393,2026-03-04
201393,2026-03-05
201393,2026-03-08
201394,2026-03-24
201394,2026-03-25
201395,2026-04-24
201397,2026-04-05
201397,2026-04-05
201397,2026-04-05
201398,2026-03-31
201398,2026-04-27
201400,2026-03-23
201400,2026-03-26
201401,2026-03-31
201403,2026-03-07
201403,2026-03-08
201403,2026-03-09
201404,2026-04-15
201404,2026-04-15
201408,2026-03-05
201408,2026-03-06
201410,2026-04-18
201410,2026-04-20
201410,2026-04-22
201412,2026-04-23
201413,2026-04-14
201413,2026-04-15
201413,2026-04-15
201416,2026-03-27
201416,2026-03-28
201417,2026-04-23
201417,2026-04-26
201418,2026-04-07
201418,2026-04-09
201419,2026-04-23
201420,2026-04-05
201420,2026-04-05
201420,2026-04-08
201423,2026-03-25
201423,2026-03-26
201424,2026-03-08
201425,2026-03-30
201425,2026-03-30
201427,2026-04-10
201427,2026-04-11
201427,2026-04-12
201428,2026-04-13
201428,2026-04-15
201428,2026-04-16
201429,2026-04-25
201429,2026-04-26
201429,2026-04-27
201430,2026-03-20
201430,2026-03-20
201430,2026-03-22
201431,2026-03-14
201431,2026-03-16
201432,2026-03-10
201432,2026-04-11
201433,2026-03-07
201433,2026-03-08
201433,2026-03-08
201434,2026-04-01
201437,2026-04-16
201437,2026-04-19
201439,2026-04-05
201439,2026-04-05
201439,2026-04-07
201440,2026-03-06
201442,2026-03-20
201442,2026-03-21
201442,2026-03-22
201445,2026-03-07
201445,2026-03-08
201445,2026-03-08
201447,2026-03-06
201447,2026-03-10
201448,2026-04-02
201450,2026-04-17
201451,2026-03-26
201451,2026-03-30
201452,2026-05-17
201453,2026-04-02
201453,2026-04-02
201453,2026-04-04
201454,2026-03-18
201456,2026-04-22
201456,2026-04-24
201457,2026-03-15
201458,2026-05-11
201460,2026-03-27
201460,2026-03-27
201460,2026-04-23
201461,2026-04-19
201461,2026-04-20
201462,2026-03-13
201462,2026-03-14
201462,2026-03-14
201463,2026-03-31
201463,2026-03-31
201465,2026-03-28
201465,2026-03-28
201465,2026-03-31
201468,2026-04-08
201469,2026-04-23
201469,2026-04-27
201471,2026-03-15
201472,2026-03-13
201472,2026-03-18
201472,2026-04-03
201473,2026-04-16
201475,2026-04-07
201475,2026-05-03
201477,2026-03-10
201477,2026-03-11
201477,2026-03-29
201479,2026-03-07
201480,2026-04-20
201480,2026-04-20
201480,2026-04-23
201481,2026-04-15
201481,2026-04-16
201482,2026-04-14
201482,2026-04-17
201482,2026-05-03
201484,2026-04-01
201485,2026-03-25
201486,2026-03-18
201486,2026-03-19
201488,2026-03-27
201488,2026-03-27
201488,2026-03-29
201489,2026-03-09
201489,2026-03-10
201489,2026-03-11
201494,2026-05-22
201497,2026-04-07
201499,2026-03-12
201499,2026-04-01
201500,2026-04-10
201500,2026-04-11
201500,2026-04-11
201501,2026-05-19
201502,2026-04-02
201502,2026-04-03
201502,2026-04-03
201505,2026-03-07
201505,2026-03-08
201506,2026-04-22
201506,2026-04-24
201506,2026-04-25
201507,2026-03-07
201507,2026-03-10
201508,2026-03-14
201508,2026-03-16
201508,2026-03-16
201512,2026-04-05
201512,2026-04-07
201512,2026-04-07
201513,2026-03-13
201513,2026-03-15
201514,2026-04-17
201517,2026-04-26
201517,2026-04-29
201518,2026-03-24
201520,2026-03-20
201520,2026-03-21
201520,2026-03-22
201521,2026-03-25
201521,2026-03-26
201521,2026-03-26
201523,2026-03-26
201523,2026-03-27
201523,2026-03-30
201524,2026-04-24
201524,2026-04-25
201525,2026-04-21
201526,2026-04-09
201526,2026-04-09
201526,2026-04-10
201527,2026-05-12
201528,2026-04-15
201529,2026-03-31
201529,2026-03-31
201529,2026-04-01
201530,2026-03-11
201530,2026-03-13
201531,2026-04-12
201531,2026-04-15
201531,2026-04-15
201532,2026-03-21
201532,2026-03-21
201533,2026-03-25
201533,2026-03-25
201533,2026-03-25
201534,2026-03-23
201534,2026-03-23
201534,2026-03-26
201537,2026-04-21
201540,2026-04-01
201541,2026-04-22
201541,2026-04-22
201542,2026-04-12
201542,2026-04-13
201542,2026-04-13
201544,2026-04-16
201544,2026-04-20
201545,2026-04-16
201546,2026-04-21
201546,2026-04-21
201547,2026-03-20
201547,2026-03-20
201548,2026-05-07
201550,2026-03-23
201553,2026-03-22
201553,2026-03-24
201553,2026-03-25
201555,2026-04-10
201555,2026-04-10
201555,2026-04-11
201556,2026-04-22
201556,2026-04-22
201557,2026-03-10
201557,2026-03-12
201557,2026-03-12
201561,2026-04-26
201561,2026-04-27
201563,2026-04-03
201564,2026-03-04
201564,2026-03-05
201564,2026-03-06
201571,2026-03-25
201571,2026-03-28
201575,2026-03-05
201575,2026-03-06
201575,2026-03-07
201579,2026-03-17
201581,2026-04-14
201583,2026-04-20
201583,2026-04-20
201584,2026-04-16
201585,2026-03-19
201585,2026-03-23
201586,2026-03-23
201586,2026-03-23
201587,2026-04-22
201587,2026-04-23
201589,2026-04-07
201590,2026-03-27
201590,2026-03-29
201591,2026-04-10
201591,2026-04-10
201593,2026-03-16
201596,2026-03-14
201596,2026-03-16
201597,2026-04-22
201598,2026-03-19
201598,2026-03-20
201600,2026-03-08
201600,2026-03-09
201601,2026-03-30
201601,2026-03-31
201601,2026-03-31
201604,2026-04-21
201604,2026-04-24
201604,2026-05-17
201605,2026-04-14
201605,2026-04-15
201605,2026-04-15
201606,2026-04-19
201606,2026-05-13
201607,2026-04-11
201608,2026-03-09
201609,2026-03-24
201609,2026-03-25
201609,2026-03-26
201610,2026-03-26
201611,2026-04-09
201611,2026-04-09
201612,2026-04-23
201612,2026-04-26
201612,2026-04-27
201615,2026-03-21
201616,2026-04-14
201616,2026-04-15
201616,2026-04-15
201617,2026-03-27
201618,2026-03-05
201618,2026-03-07
201618,2026-03-07
201621,2026-04-19
201621,2026-04-22
201622,2026-04-06
201623,2026-03-30
201623,2026-04-23
201625,2026-03-31
201625,2026-03-31
201625,2026-04-02
201627,2026-04-04
201627,2026-04-07
201627,2026-04-08
201628,2026-03-07
201629,2026-04-11
201629,2026-04-12
201629,2026-04-13
201632,2026-03-18
201632,2026-03-19
201632,2026-03-20
201633,2026-03-26
201633,2026-03-27
201635,2026-03-31
201635,2026-04-02
201636,2026-05-09
201638,2026-03-03
201638,2026-03-04
201638,2026-03-05
201641,2026-03-22
201643,2026-04-03
201644,2026-03-12
201644,2026-03-13
201645,2026-04-25
201645,2026-04-28
201647,2026-04-04
201648,2026-03-22
201648,2026-03-23
201648,2026-04-16
201649,2026-03-08
201649,2026-03-10
201649,2026-04-02
201652,2026-04-01
201652,2026-04-10
201652,2026-04-27
201653,2026-04-16
201654,2026-03-31
201655,2026-04-25
201655,2026-04-26
201655,2026-04-26
201657,2026-04-21
201657,2026-04-25
201660,2026-04-16
201660,2026-04-17
201661,2026-04-13
201661,2026-04-30
201663,2026-04-09
201663,2026-04-12
201663,2026-05-09
201664,2026-03-07
201664,2026-03-08
201664,2026-03-09
201666,2026-03-26
201668,2026-04-12
201671,2026-04-16
201672,2026-04-29
201672,2026-04-29
201673,2026-03-24
201673,2026-03-24
201673,2026-03-26
201674,2026-04-07
201674,2026-04-07
201677,2026-04-10
201678,2026-03-11
201678,2026-03-12
201678,2026-03-13
201679,2026-04-04
201679,2026-04-06
201680,2026-04-12
201682,2026-03-25
201682,2026-04-18
201683,2026-03-07
201683,2026-03-08
201686,2026-04-03
201687,2026-04-03
201688,2026-04-13
201689,2026-03-21
201689,2026-03-21
201689,2026-03-23
201691,2026-04-11
201693,2026-04-18
201693,2026-04-19
201693,2026-04-19
201695,2026-03-29
201699,2026-03-30
201701,2026-04-08
201701,2026-04-10
201701,2026-04-10
201702,2026-03-13
201703,2026-04-18
201703,2026-04-19
201704,2026-04-20
201704,2026-04-21
201704,2026-05-14
201705,2026-04-15
201707,2026-04-03
201707,2026-04-05
201707,2026-04-06
201709,2026-04-12
201709,2026-04-12
201710,2026-04-20
201710,2026-04-22
201710,2026-04-22
201711,2026-03-14
201712,2026-03-29
201712,2026-03-29
201712,2026-03-31
201714,2026-04-21
201714,2026-04-23
201715,2026-03-27
201715,2026-03-28
201715,2026-03-30
201717,2026-04-19
201717,2026-04-20
201719,2026-04-09
201719,2026-04-11
201722,2026-04-26
201722,2026-04-27
201722,2026-04-28
201723,2026-03-08
201723,2026-03-09
201729,2026-03-09
201731,2026-04-05
201731,2026-04-06
201731,2026-04-07
201733,2026-03-14
201733,2026-04-10
201737,2026-04-07
201737,2026-04-08
201738,2026-04-11
201738,2026-04-11
201738,2026-04-14
201740,2026-03-10
201740,2026-03-10
201741,2026-04-09
201741,2026-04-10
201741,2026-04-11
201743,2026-04-01
201747,2026-03-29
201747,2026-03-30
201748,2026-03-16
201748,2026-03-18
201750,2026-03-03
201750,2026-03-03
201751,2026-04-13
201751,2026-04-14
201754,2026-04-15
201754,2026-04-16
201755,2026-04-20
201758,2026-03-21
201758,2026-03-21
201759,2026-05-12
201761,2026-04-01
201764,2026-04-24
201765,2026-04-07
201765,2026-04-09
201765,2026-04-09
201766,2026-03-19
201766,2026-03-19
201767,2026-03-28
201767,2026-04-24
201770,2026-04-27
201772,2026-03-02
201772,2026-03-05
201778,2026-04-16
201780,2026-03-06
201782,2026-04-13
201783,2026-05-13
201784,2026-03-06
201784,2026-03-08
201785,2026-05-25
201786,2026-03-21
201787,2026-03-24
201788,2026-04-26
201788,2026-04-26
201788,2026-04-28
201789,2026-03-12
201789,2026-03-15
201789,2026-03-16
201790,2026-03-27
201790,2026-03-28
201790,2026-03-28
201791,2026-03-29
201791,2026-03-29
201793,2026-03-08
201794,2026-04-01
201795,2026-04-28
201797,2026-04-25
201797,2026-04-29
201797,2026-04-29
201798,2026-03-06
201800,2026-03-27
201801,2026-03-22
201804,2026-04-30
201804,2026-04-30
201805,2026-04-19
201808,2026-04-11
201809,2026-03-08
201809,2026-03-11
201809,2026-03-11
201810,2026-03-13
201814,2026-04-19
201817,2026-03-21
201817,2026-03-24
201817,2026-03-24
201819,2026-05-19
201820,2026-03-05
201821,2026-04-23
201822,2026-04-19
201822,2026-04-20
201822,2026-04-23
201823,2026-03-05
201823,2026-03-06
201824,2026-04-20
201826,2026-04-20
201826,2026-04-24
201827,2026-03-28
201827,2026-03-31
201827,2026-04-01
201830,2026-04-21
201830,2026-04-21
201830,2026-04-24
201831,2026-04-21
201831,2026-04-25
201832,2026-03-31
201832,2026-04-03
201833,2026-04-29
201834,2026-04-25
201834,2026-04-26
201835,2026-04-13
201836,2026-03-03
201836,2026-03-06
201836,2026-03-06
201839,2026-03-13
201839,2026-03-14
201841,2026-03-27
201841,2026-03-30
201842,2026-05-25
201843,2026-04-06
201843,2026-04-08
201843,2026-04-09
201845,2026-04-07
201845,2026-04-09
201848,2026-03-10
201850,2026-04-18
201850,2026-04-22
201851,2026-03-11
201852,2026-04-24
201852,2026-04-25
201856,2026-04-25
201856,2026-05-23
201857,2026-03-16
201857,2026-03-17
201860,2026-03-25
201860,2026-03-26
201860,2026-03-27
201861,2026-03-31
201863,2026-04-11
201865,2026-04-07
201866,2026-03-08
201866,2026-03-09
201869,2026-03-22
201870,2026-03-03
201870,2026-03-04
201870,2026-03-05
201871,2026-03-08
201872,2026-03-10
201873,2026-04-28
201874,2026-03-13
201874,2026-03-20
201874,2026-04-16
201875,2026-04-25
201875,2026-04-28
201876,2026-03-03
201876,2026-03-06
201876,2026-03-06
201879,2026-03-15
201879,2026-03-16
201879,2026-03-16
201882,2026-03-18
201882,2026-03-19
201882,2026-03-20
201884,2026-04-20
201887,2026-03-26
201887,2026-03-27
201889,2026-03-27
201889,2026-03-28
201891,2026-04-03
201893,2026-03-05
201893,2026-03-07
201893,2026-03-09
201895,2026-04-23
201895,2026-04-24
201895,2026-05-15
201897,2026-03-27
201897,2026-03-27
201897,2026-03-29
201898,2026-04-18
201898,2026-04-22
201898,2026-04-22
201899,2026-04-06
201901,2026-03-14
201901,2026-03-15
201903,2026-04-26
201905,2026-04-02
201905,2026-04-06
201906,2026-04-07
201907,2026-04-20
201907,2026-04-22
201907,2026-04-22
201908,2026-03-26
201908,2026-03-28
201908,2026-03-28
201909,2026-04-06
201909,2026-04-07
201911,2026-05-28
201912,2026-03-16
201912,2026-03-16
201912,2026-03-17
201914,2026-04-12
201917,2026-03-08
201918,2026-04-07
201919,2026-04-04
201919,2026-05-01
201920,2026-04-21
201920,2026-04-22
201920,2026-04-24
201923,2026-03-24
201923,2026-03-27
201926,2026-03-24
201926,2026-03-24
201927,2026-04-17
201927,2026-04-18
201927,2026-04-19
201928,2026-03-25
201928,2026-04-24
201930,2026-03-25
201930,2026-03-25
201933,2026-05-16
201934,2026-04-25
201935,2026-04-24
201936,2026-04-15
201936,2026-04-15
201936,2026-04-17
201938,2026-03-14
201938,2026-03-17
201938,2026-03-18
201939,2026-03-22
201939,2026-03-23
201940,2026-03-06
201940,2026-03-07
201941,2026-03-31
201942,2026-04-18
201942,2026-05-16
201944,2026-04-09
201945,2026-03-04
201945,2026-03-07
201945,2026-03-07
201948,2026-03-30
201949,2026-04-21
201949,2026-04-23
201949,2026-04-24
201950,2026-04-13
201950,2026-04-15
201952,2026-03-19
201952,2026-03-20
201952,2026-03-22
201956,2026-04-11
201956,2026-04-11
201956,2026-04-13
201957,2026-04-12
201957,2026-04-12
201957,2026-04-14
201958,2026-03-31
201958,2026-04-01
201960,2026-04-24
201960,2026-04-25
201961,2026-03-25
201961,2026-03-26
201961,2026-03-26
201962,2026-03-16
201962,2026-03-16
201962,2026-03-20
201966,2026-03-25
201966,2026-04-25
201967,2026-04-11
201968,2026-04-11
201970,2026-03-26
201971,2026-04-20
201972,2026-04-23
201972,2026-04-27
201973,2026-04-01
201973,2026-04-23
201974,2026-03-28
201974,2026-03-29
201975,2026-03-27
201975,2026-03-31
201975,2026-04-20
201977,2026-03-22
201977,2026-03-22
201977,2026-03-24
201978,2026-03-29
201980,2026-03-19
201980,2026-03-19
201980,2026-03-21
201984,2026-03-22
201985,2026-03-14
201985,2026-03-17
201989,2026-03-10
201990,2026-03-06
201990,2026-03-07
201992,2026-03-19
201992,2026-03-21
201993,2026-04-22
201993,2026-04-23
201994,2026-05-13
201996,2026-03-29
201996,2026-04-21
201997,2026-03-14
201997,2026-03-15
201997,2026-03-15
202004,2026-03-17
202008,2026-04-20
202008,2026-04-23
202009,2026-03-26
202013,2026-04-14
202013,2026-04-18
202014,2026-03-03
202016,2026-03-30
202018,2026-03-12
202022,2026-05-19
202024,2026-03-09
202025,2026-04-25
202025,2026-04-26
202025,2026-05-27
202027,2026-04-02
202027,2026-04-04
202029,2026-03-05
202029,2026-03-06
202029,2026-03-07
202030,2026-04-28
202031,2026-04-07
202031,2026-04-10
202032,2026-04-23
202032,2026-04-24
202033,2026-04-23
202033,2026-04-25
202033,2026-04-26
202034,2026-03-07
202035,2026-04-18
202036,2026-03-05
202036,2026-03-08
202036,2026-03-09
202037,2026-03-18
202039,2026-04-09
202040,2026-03-23
202041,2026-04-24
202041,2026-04-25
202041,2026-04-25
202042,2026-04-21
202047,2026-04-08
202047,2026-04-08
202047,2026-04-11
202048,2026-03-11
202048,2026-03-13
202049,2026-04-10
202049,2026-04-13
202049,2026-04-13
202052,2026-03-04
202053,2026-04-19
202053,2026-04-21
202053,2026-04-22
202054,2026-03-14
202054,2026-03-14
202054,2026-03-16
202057,2026-03-23
202060,2026-04-12
202060,2026-04-15
202060,2026-04-16
202061,2026-03-27
202063,2026-04-18
202063,2026-04-18
202063,2026-04-20
202064,2026-04-11
202064,2026-04-12
202064,2026-04-12
202069,2026-04-22
202069,2026-05-21
202072,2026-03-06
202073,2026-03-29
202073,2026-04-01
202073,2026-04-01
202075,2026-04-06
202078,2026-04-22
202080,2026-04-14
202081,2026-03-20
202081,2026-03-21
202081,2026-03-23
202084,2026-04-11
202086,2026-04-12
202087,2026-03-27
202087,2026-03-28
202088,2026-04-21
202089,2026-03-11
202091,2026-03-19
202091,2026-04-10
202093,2026-03-31
202094,2026-04-08
202094,2026-04-09
202094,2026-04-10
202098,2026-04-01
202098,2026-04-03
202098,2026-04-05
202099,2026-04-07
202100,2026-03-31
202100,2026-03-31
202100,2026-04-01
202101,2026-04-01
202102,2026-04-24
202102,2026-04-25
202103,2026-03-21
202104,2026-04-25
202106,2026-04-14
202107,2026-04-10
202108,2026-04-14
202109,2026-04-18
202111,2026-03-18
202111,2026-04-05
202112,2026-03-06
202113,2026-04-20
202114,2026-03-28
202116,2026-04-18
202116,2026-04-19
202116,2026-04-19
202117,2026-03-16
202117,2026-03-16
202118,2026-04-13
202118,2026-04-17
202119,2026-03-22
202121,2026-04-15
202121,2026-04-17
202121,2026-04-18
202122,2026-04-15
202122,2026-04-17
202123,2026-04-18
202124,2026-04-27
202124,2026-05-19
202127,2026-04-19
202128,2026-03-04
202128,2026-03-06
202129,2026-03-21
202129,2026-03-22
202130,2026-04-01
202133,2026-03-23
202133,2026-03-26
202137,2026-03-23
202137,2026-03-25
202138,2026-04-22
202138,2026-04-23
202138,2026-04-24
202140,2026-04-08
202141,2026-04-29
202141,2026-04-29
202141,2026-04-29
202143,2026-04-24
202143,2026-05-15
202144,2026-04-10
202146,2026-03-18
202146,2026-03-20
202147,2026-04-04
202147,2026-04-04
202147,2026-04-05
202148,2026-04-08
202148,2026-05-08
202149,2026-04-03
202150,2026-04-10
202150,2026-04-10
202150,2026-04-12
202151,2026-04-22
202152,2026-04-14
202152,2026-04-15
202153,2026-04-13
202154,2026-04-19
202154,2026-05-17
202155,2026-03-31
202155,2026-04-24
202156,2026-04-28
202157,2026-03-31
202159,2026-04-22
202159,2026-04-23
202164,2026-04-14
202165,2026-05-18
202166,2026-03-07
202167,2026-04-03
202167,2026-04-04
202167,2026-04-06
202168,2026-03-21
202169,2026-03-12
202170,2026-03-26
202171,2026-04-11
202172,2026-03-15
202172,2026-03-16
202172,2026-03-18
202173,2026-03-12
202173,2026-03-13
202173,2026-03-13
202174,2026-04-15
202174,2026-04-18
202175,2026-03-25
202175,2026-03-27
202175,2026-03-28
202178,2026-03-18
202178,2026-03-19
202178,2026-03-20
202179,2026-03-10
202179,2026-03-11
202179,2026-03-13
202180,2026-04-20
202183,2026-04-12
202183,2026-04-14
202183,2026-04-16
202184,2026-04-19
202185,2026-03-10
202185,2026-03-10
202186,2026-03-14
202186,2026-03-15
202186,2026-03-16
202187,2026-04-14
202189,2026-04-12
202190,2026-03-29
202190,2026-03-29
202193,2026-03-07
202193,2026-03-07
202193,2026-03-07
202194,2026-05-06
202195,2026-03-22
202195,2026-03-22
202195,2026-03-22
202197,2026-04-23
202197,2026-04-24
202200,2026-03-29
202200,2026-03-29
202201,2026-05-25
202203,2026-03-22
202205,2026-04-23
202205,2026-04-24
202206,2026-05-07
202210,2026-03-04
202212,2026-04-24
202212,2026-04-24
202214,2026-03-05
202214,2026-03-07
202216,2026-04-23
202217,2026-03-20
202218,2026-04-05
202218,2026-04-05
202219,2026-04-17
202220,2026-04-17
202222,2026-04-24
202222,2026-04-28
202222,2026-04-28
202223,2026-04-09
202224,2026-04-12
202224,2026-04-14
202225,2026-04-18
202225,2026-04-19
202225,2026-04-20
202227,2026-03-11
202227,2026-03-11
202227,2026-03-11
202231,2026-03-22
202231,2026-03-23
202237,2026-03-04
202237,2026-03-06
202237,2026-03-07
202238,2026-03-03
202238,2026-03-04
202238,2026-03-06
202239,2026-04-02
202239,2026-04-04
202240,2026-04-10
202240,2026-05-02
202241,2026-03-26
202244,2026-04-15
202244,2026-04-15
202244,2026-04-19
202245,2026-04-29
202245,2026-04-30
202245,2026-05-26
202248,2026-03-05
202248,2026-03-08
202248,2026-04-05
202249,2026-04-24
202249,2026-04-25
202249,2026-04-26
202250,2026-04-19
202250,2026-04-19
202250,2026-04-20
202253,2026-03-24
202253,2026-03-26
202253,2026-03-27
202254,2026-04-09
202254,2026-04-12
202255,2026-03-02
202255,2026-03-02
202255,2026-03-04
202257,2026-04-19
202257,2026-04-21
202257,2026-05-20
202259,2026-04-25
202260,2026-04-20
202260,2026-04-22
202260,2026-04-23
202261,2026-03-28
202261,2026-03-30
202261,2026-03-30
202263,2026-03-23
202264,2026-04-27
202265,2026-05-21
202268,2026-05-04
202269,2026-03-18
202269,2026-03-19
202269,2026-03-20
202270,2026-03-05
202270,2026-03-06
202270,2026-03-09
202271,2026-03-19
202271,2026-04-13
202274,2026-04-20
202275,2026-03-10
202276,2026-04-12
202276,2026-04-13
202276,2026-04-16
202277,2026-03-14
202278,2026-04-09
202278,2026-04-11
202278,2026-04-12
202279,2026-04-27
202279,2026-04-28
202280,2026-03-04
202280,2026-03-06
202281,2026-04-17
202281,2026-04-17
202281,2026-04-18
202282,2026-04-16
202282,2026-04-18
202284,2026-04-05
202286,2026-04-20
202288,2026-03-29
202288,2026-03-29
202288,2026-03-30
202289,2026-04-02
202289,2026-04-27
202290,2026-03-11
202293,2026-03-29
202294,2026-04-07
202294,2026-04-08
202294,2026-04-08
202295,2026-04-21
202295,2026-04-23
202297,2026-03-14
202297,2026-03-14
202297,2026-03-16
202298,2026-03-22
202298,2026-03-25
202298,2026-03-25
202300,2026-04-11
202301,2026-04-22
202302,2026-04-11
202302,2026-04-12
202302,2026-04-14
202303,2026-04-24
202304,2026-03-14
202304,2026-03-18
202307,2026-04-27
202309,2026-04-10
202309,2026-04-13
202311,2026-03-11
202311,2026-03-12
202314,2026-04-15
202317,2026-03-04
202317,2026-03-04
202318,2026-03-16
202318,2026-03-20
202319,2026-03-14
202320,2026-03-22
202320,2026-03-25
202321,2026-03-12
202321,2026-03-13
202322,2026-03-23
202322,2026-03-25
202322,2026-03-27
202323,2026-04-22
202323,2026-04-24
202323,2026-04-26
202325,2026-03-24
202325,2026-03-26
202326,2026-03-21
202326,2026-03-23
202327,2026-04-05
202328,2026-04-16
202328,2026-04-17
202329,2026-03-08
202329,2026-03-11
202332,2026-04-07
202332,2026-04-09
202332,2026-04-10
202333,2026-03-23
202333,2026-03-24
202333,2026-03-25
202334,2026-04-01
202335,2026-04-14
202335,2026-04-17
202336,2026-04-28
202337,2026-04-09
202337,2026-04-10
202339,2026-03-09
202343,2026-03-05
202343,2026-03-05
202344,2026-04-22
202344,2026-04-26
202347,2026-04-10
202347,2026-04-10
202348,2026-04-11
202348,2026-04-11
202348,2026-04-13
202349,2026-04-12
202349,2026-04-16
202351,2026-03-29
202351,2026-03-31
202351,2026-04-01
202352,2026-04-23
202352,2026-05-11
202354,2026-04-10
202354,2026-04-10
202354,2026-04-11
202356,2026-04-19
202356,2026-04-20
202356,2026-04-22
202358,2026-04-01
202358,2026-04-03
202358,2026-04-03
202359,2026-04-10
202359,2026-04-12
202361,2026-03-24
202361,2026-03-26
202362,2026-03-24
202362,2026-03-27
202362,2026-04-22
202363,2026-03-13
202363,2026-03-14
202364,2026-04-04
202364,2026-04-07
202366,2026-03-25
202366,2026-04-23
202368,2026-04-06
202368,2026-04-07
202368,2026-04-09
202371,2026-04-04
202371,2026-04-05
202373,2026-03-30
202373,2026-03-30
202373,2026-04-02
202376,2026-03-18
202378,2026-04-26
202379,2026-04-19
202379,2026-04-20
202380,2026-04-29
202382,2026-03-21
202384,2026-03-03
202384,2026-03-05
202384,2026-03-06
202386,2026-04-02
202386,2026-04-04
202387,2026-03-25
202387,2026-03-27
202388,2026-04-23
202388,2026-04-25
202388,2026-04-27
202389,2026-03-20
202389,2026-03-21
202390,2026-03-16
202390,2026-03-16
202392,2026-04-26
202392,2026-04-27
202392,2026-04-30
202393,2026-04-16
202394,2026-03-31
202394,2026-04-03
202394,2026-04-27
202396,2026-03-15
202396,2026-03-16
202397,2026-03-19
202397,2026-03-20
202398,2026-03-30
202398,2026-03-31
202398,2026-03-31
202399,2026-03-19
202399,2026-03-20
202399,2026-03-23
202400,2026-04-13
202400,2026-04-15
202401,2026-04-14
202402,2026-04-25
202402,2026-04-28
202402,2026-04-29
202404,2026-04-17
202404,2026-04-18
202405,2026-03-28
202407,2026-04-13
202407,2026-04-16
202407,2026-04-17
202408,2026-04-03
202408,2026-04-03
202410,2026-04-01
202411,2026-03-18
202412,2026-03-08
202412,2026-03-08
202412,2026-03-12
202414,2026-03-07
202416,2026-04-30
202416,2026-05-23
202417,2026-04-13
202417,2026-04-14
202417,2026-04-16
202418,2026-04-04
202418,2026-04-08
202421,2026-04-03
202421,2026-04-06
202422,2026-03-14
202424,2026-04-08
202424,2026-04-08
202424,2026-04-11
202426,2026-05-01
202426,2026-05-04
202426,2026-05-20
202427,2026-04-20
202427,2026-04-21
202427,2026-04-21
202428,2026-03-30
202428,2026-04-01
202428,2026-04-02
202429,2026-03-27
202430,2026-03-17
202431,2026-04-02
202432,2026-03-11
202432,2026-03-12
202432,2026-03-12
202434,2026-04-11
202434,2026-04-14
202434,2026-04-14
202435,2026-04-12
202435,2026-04-15
202436,2026-04-21
202436,2026-05-17
202438,2026-03-12
202438,2026-04-06
202439,2026-04-25
202441,2026-03-31
202441,2026-04-02
202442,2026-03-31
202442,2026-04-02
202442,2026-04-03
202443,2026-04-07
202444,2026-03-24
202444,2026-03-24
202444,2026-03-27
202445,2026-04-21
202446,2026-04-01
202446,2026-04-04
202450,2026-04-08
202452,2026-03-25
202452,2026-03-26
202452,2026-03-29
202453,2026-03-23
202453,2026-03-23
202454,2026-03-05
202457,2026-03-04
202457,2026-03-05
202457,2026-03-07
202460,2026-04-23
202460,2026-04-23
202461,2026-04-22
202461,2026-04-22
202461,2026-04-24
202463,2026-04-15
202466,2026-04-10
202467,2026-03-16
202467,2026-03-16
202469,2026-03-25
202469,2026-03-27
202469,2026-03-27
202470,2026-03-09
202471,2026-04-20
202471,2026-04-21
202472,2026-03-24
202472,2026-03-25
202472,2026-03-26
202473,2026-04-07
202473,2026-04-09
202474,2026-04-12
202476,2026-03-07
202476,2026-03-08
202480,2026-04-11
202480,2026-04-12
202480,2026-04-15
202482,2026-03-13
202482,2026-03-15
202482,2026-03-15
202484,2026-04-05
202485,2026-03-13
202486,2026-03-12
202486,2026-03-21
202486,2026-04-13
202488,2026-04-09
202488,2026-04-12
202489,2026-03-07
202489,2026-03-07
202489,2026-03-09
202490,2026-03-04
202490,2026-03-05
202491,2026-03-31
202492,2026-03-06
202492,2026-03-07
202495,2026-03-06
202495,2026-04-03
202496,2026-04-18
202496,2026-04-21
202496,2026-04-22
202498,2026-04-30
202499,2026-04-08
202499,2026-04-10
202499,2026-04-11
202503,2026-04-03
202503,2026-04-04
202504,2026-03-25
202504,2026-03-26
202505,2026-03-21
202505,2026-03-22
202508,2026-03-14
202508,2026-03-16
202509,2026-04-25
202510,2026-03-28
202510,2026-03-29
202510,2026-03-31
202514,2026-03-16
202515,2026-03-14
202515,2026-03-15
202516,2026-03-11
202516,2026-03-12
202518,2026-04-05
202518,2026-04-05
202518,2026-04-05
202521,2026-04-05
202521,2026-04-08
202521,2026-04-09
202522,2026-05-09
202523,2026-04-01
202523,2026-04-01
202523,2026-04-26
202524,2026-04-26
202524,2026-04-27
202524,2026-04-30
202525,2026-04-02
202525,2026-04-03
202528,2026-04-10
202530,2026-05-04
202531,2026-04-03
202533,2026-04-13
202533,2026-04-16
202535,2026-03-04
202535,2026-04-01
202536,2026-04-27
202539,2026-03-22
202539,2026-03-24
202541,2026-03-13
202541,2026-03-14
202541,2026-03-15
202543,2026-04-03
202543,2026-04-05
202543,2026-04-06
202544,2026-04-09
202545,2026-03-20
202545,2026-03-22
202545,2026-03-22
202546,2026-04-19
202547,2026-04-20
202547,2026-04-21
202547,2026-04-23
202550,2026-03-16
202550,2026-03-17
202550,2026-03-18
202552,2026-03-11
202552,2026-03-17
202552,2026-04-06
202553,2026-04-19
202553,2026-04-22
202556,2026-03-06
202556,2026-03-07
202556,2026-03-10
202557,2026-03-20
202557,2026-03-20
202557,2026-03-23
202558,2026-04-13
202558,2026-04-30
202559,2026-03-13
202559,2026-03-16
202559,2026-03-17
202560,2026-04-16
202560,2026-04-19
202561,2026-03-05
202561,2026-03-06
202562,2026-03-18
202562,2026-03-22
202562,2026-03-22
202563,2026-04-09
202563,2026-04-10
202563,2026-04-11
202564,2026-03-10
202564,2026-03-10
202564,2026-03-10
202568,2026-04-13
202568,2026-04-13
202568,2026-04-15
202569,2026-03-20
202569,2026-03-23
202570,2026-03-03
202570,2026-03-05
202570,2026-03-07
202571,2026-04-07
202571,2026-04-09
202571,2026-05-01
202572,2026-04-14
202572,2026-04-16
202572,2026-04-16
202574,2026-04-07
202574,2026-04-16
202574,2026-05-04
202575,2026-03-22
202575,2026-03-23
202576,2026-03-25
202576,2026-03-25
202576,2026-03-26
202577,2026-03-25
202577,2026-03-26
202577,2026-03-26
202579,2026-03-23
202580,2026-04-22
202583,2026-05-12
202585,2026-04-21
202585,2026-04-23
202585,2026-04-23
202586,2026-03-27
202586,2026-03-29
202590,2026-03-13
202590,2026-03-16
202591,2026-03-30
202592,2026-03-18
202593,2026-04-24
202593,2026-04-24
202594,2026-04-18
202594,2026-04-20
202598,2026-03-17
202598,2026-03-17
202603,2026-04-19
202603,2026-04-22
202603,2026-05-12
202605,2026-04-03
202606,2026-04-26
202606,2026-04-26
202606,2026-04-27
202607,2026-03-27
202608,2026-04-24
202608,2026-04-27
202609,2026-04-12
202609,2026-04-13
202610,2026-03-27
202610,2026-03-28
202610,2026-03-30
202612,2026-03-10
202612,2026-03-11
202612,2026-03-11
202614,2026-03-12
202614,2026-03-13
202614,2026-03-13
202616,2026-04-21
202616,2026-04-22
202616,2026-04-22
202617,2026-03-11
202617,2026-03-14
202621,2026-04-03
202621,2026-04-04
202621,2026-05-01
202622,2026-04-14
202622,2026-04-14
202624,2026-04-23
202624,2026-04-25
202625,2026-04-06
202625,2026-04-06
202625,2026-04-09
202626,2026-04-16
202628,2026-03-06
202628,2026-03-07
202631,2026-03-08
202632,2026-04-25
202632,2026-05-19
202633,2026-03-09
202633,2026-03-10
202634,2026-03-28
202634,2026-03-28
202636,2026-04-26
202636,2026-04-26
202636,2026-04-27
202637,2026-04-24
202638,2026-04-16
202639,2026-03-24
202639,2026-03-28
202641,2026-04-22
202642,2026-04-03
202642,2026-04-03
202642,2026-04-03
202644,2026-03-08
202644,2026-03-10
202646,2026-03-28
202646,2026-03-28
202646,2026-03-30
202648,2026-04-12
202648,2026-04-15
202649,2026-04-18
202651,2026-03-18
202651,2026-03-19
202651,2026-03-19
202652,2026-03-22
202652,2026-03-22
202652,2026-03-23
202653,2026-04-01
202653,2026-04-01
202654,2026-03-28
202659,2026-04-23
202659,2026-04-25
202659,2026-04-27
202660,2026-03-22
202660,2026-03-22
202660,2026-03-23
202662,2026-03-16
202663,2026-03-23
202664,2026-04-02
202664,2026-04-03
202664,2026-04-05
202665,2026-05-08
202668,2026-03-10
202669,2026-03-31
202669,2026-04-02
202669,2026-04-03
202671,2026-03-29
202671,2026-03-30
202671,2026-03-30
202672,2026-03-16
202672,2026-03-18
202672,2026-03-18
202673,2026-03-06
202674,2026-03-28
202674,2026-03-29
202674,2026-03-31
202675,2026-04-16
202676,2026-03-18
202676,2026-03-21
202676,2026-04-12
202677,2026-03-27
202677,2026-03-27
202678,2026-04-04
202678,2026-04-05
202679,2026-03-05
202679,2026-03-06
202679,2026-03-08
202681,2026-03-10
202681,2026-03-11
202683,2026-05-22
202684,2026-04-26
202684,2026-04-28
202684,2026-04-29
202685,2026-04-13
202685,2026-04-13
202686,2026-04-23
202686,2026-05-19
202688,2026-03-22
202690,2026-03-11
202690,2026-03-15
202692,2026-03-17
202692,2026-03-18
202692,2026-03-21
202693,2026-04-20
202694,2026-04-22
202694,2026-04-25
202694,2026-04-25
202696,2026-03-09
202697,2026-03-27
202697,2026-03-27
202698,2026-03-25
202698,2026-03-29
202699,2026-03-20
202699,2026-03-21
202699,2026-03-24
202700,2026-04-24
202702,2026-05-12
202703,2026-04-15
202703,2026-04-15
202703,2026-04-18
202704,2026-03-03
202704,2026-03-05
202704,2026-03-05
202705,2026-04-08
202705,2026-04-09
202707,2026-04-03
202707,2026-04-04
202707,2026-04-05
202708,2026-04-02
202708,2026-04-05
202708,2026-04-06
202709,2026-03-28
202709,2026-03-29
202709,2026-03-30
202711,2026-03-23
202711,2026-03-24
202711,2026-03-25
202712,2026-04-12
202712,2026-04-13
202712,2026-04-13
202713,2026-04-26
202713,2026-04-27
202714,2026-04-11
202714,2026-04-12
202714,2026-04-14
202715,2026-04-14
202715,2026-04-14
202717,2026-04-02
202717,2026-04-02
202717,2026-04-02
202718,2026-03-11
202720,2026-04-06
202721,2026-04-24
202721,2026-04-25
202722,2026-05-25
202723,2026-05-01
202723,2026-05-19
202724,2026-03-05
202725,2026-04-08
202725,2026-04-09
202726,2026-03-19
202726,2026-03-21
202726,2026-03-23
202727,2026-04-12
202727,2026-04-13
202727,2026-04-15
202728,2026-03-09
202728,2026-03-10
202728,2026-03-10
202729,2026-03-11
202729,2026-03-12
202729,2026-03-12
202730,2026-03-11
202730,2026-03-13
202731,2026-04-08
202731,2026-04-09
202732,2026-03-14
202732,2026-03-15
202732,2026-03-17
202734,2026-03-16
202737,2026-04-02
202738,2026-04-20
202738,2026-04-21
202739,2026-03-31
202742,2026-03-21
202744,2026-03-07
202744,2026-03-08
202747,2026-04-24
202748,2026-04-03
202748,2026-04-06
202749,2026-03-18
202753,2026-03-04
202758,2026-05-22
202761,2026-03-24
202761,2026-03-24
202761,2026-04-19
202762,2026-04-28
202762,2026-04-29
202763,2026-04-18
202771,2026-03-11
202771,2026-03-12
202772,2026-04-25
202772,2026-04-26
202772,2026-04-27
202773,2026-04-08
202774,2026-03-15
202774,2026-03-18
202774,2026-03-19
202775,2026-03-23
202776,2026-04-20
202777,2026-04-08
202777,2026-04-10
202777,2026-04-12
202779,2026-03-08
202780,2026-04-29
202781,2026-03-17
202782,2026-04-08
202782,2026-04-08
202783,2026-03-24
202783,2026-03-28
202784,2026-04-23
202784,2026-05-19
202785,2026-04-24
202785,2026-04-27
202785,2026-04-28
202786,2026-04-14
202787,2026-03-11
202787,2026-03-11
202789,2026-03-14
202792,2026-03-18
202792,2026-03-18
202792,2026-03-20
202794,2026-03-22
202794,2026-03-25
202795,2026-03-22
202795,2026-03-23
202795,2026-03-25
202796,2026-04-19
202797,2026-03-04
202797,2026-03-04
202800,2026-03-19
202800,2026-03-23
202802,2026-03-10
202802,2026-03-14
202805,2026-04-26
202807,2026-04-17
202808,2026-04-29
202808,2026-05-25
202810,2026-03-10
202810,2026-03-11
202810,2026-04-13
202811,2026-03-11
202811,2026-03-14
202812,2026-03-02
202812,2026-03-06
202813,2026-03-24
202814,2026-04-25
202815,2026-04-27
202815,2026-04-29
202815,2026-04-29
202816,2026-03-22
202816,2026-03-26
202817,2026-03-10
202817,2026-03-10
202817,2026-03-10
202819,2026-04-08
202821,2026-04-15
202821,2026-05-06
202822,2026-04-24
202823,2026-04-23
202823,2026-04-24
202823,2026-04-26
202824,2026-04-21
202825,2026-03-10
202826,2026-03-07
202826,2026-03-07
202827,2026-04-12
202827,2026-04-15
202827,2026-04-15
202828,2026-04-04
202828,2026-04-25
202829,2026-04-23
202830,2026-04-10
202831,2026-04-07
202831,2026-04-08
202832,2026-04-14
202836,2026-04-08
202836,2026-04-09
202837,2026-04-08
202838,2026-03-26
202838,2026-03-27
202838,2026-03-28
202840,2026-03-14
202840,2026-03-20
202840,2026-04-13
202842,2026-03-29
202842,2026-03-29
202842,2026-04-29
202844,2026-04-07
202845,2026-04-08
202845,2026-04-08
202845,2026-04-08
202847,2026-04-11
202847,2026-04-14
202850,2026-03-23
202850,2026-03-23
202850,2026-03-23
202852,2026-04-06
202852,2026-04-07
202853,2026-03-10
202855,2026-04-18
202855,2026-04-18
202856,2026-03-24
202856,2026-03-25
202856,2026-03-25
202860,2026-03-08
202863,2026-04-17
202864,2026-03-26
202864,2026-03-29
202864,2026-04-22
202865,2026-03-29
202865,2026-03-30
202867,2026-05-03
202869,2026-04-06
202870,2026-04-17
202870,2026-04-17
202872,2026-03-16
202872,2026-03-17
202876,2026-05-04
202877,2026-04-22
202878,2026-03-07
202879,2026-03-11
202881,2026-04-03
202881,2026-04-03
202881,2026-04-04
202885,2026-03-30
202885,2026-04-01
202887,2026-04-24
202888,2026-05-01
202889,2026-04-23
202889,2026-05-12
202890,2026-03-31
202891,2026-04-21
202891,2026-04-21
202891,2026-04-23
202892,2026-03-15
202892,2026-03-15
202892,2026-03-17
202893,2026-05-24
202897,2026-05-10
202898,2026-03-12
202898,2026-03-12
202898,2026-03-13
202899,2026-04-09
202899,2026-04-16
202899,2026-05-07
202900,2026-03-12
202900,2026-03-12
202901,2026-04-12
202901,2026-04-12
202901,2026-04-13
202902,2026-04-15
202903,2026-03-16
202903,2026-04-11
202906,2026-04-06
202906,2026-04-06
202908,2026-03-08
202909,2026-04-09
202910,2026-03-25
202912,2026-04-24
202912,2026-04-25
202915,2026-04-13
202916,2026-03-17
202917,2026-03-22
202918,2026-03-04
202918,2026-03-06
202919,2026-03-09
202920,2026-03-30
202920,2026-03-30
202920,2026-04-25
202921,2026-03-13
202921,2026-04-09
202922,2026-03-08
202923,2026-04-07
202923,2026-04-09
202923,2026-04-11
202924,2026-04-18
202924,2026-04-21
202924,2026-04-22
202925,2026-03-10
202925,2026-03-14
202925,2026-03-14
202926,2026-04-27
202926,2026-04-28
202927,2026-03-18
202927,2026-03-20
202928,2026-05-02
202930,2026-03-26
202930,2026-03-26
202930,2026-03-29
202931,2026-04-11
202932,2026-04-02
202933,2026-03-06
202933,2026-03-08
202933,2026-03-08
202934,2026-03-25
202934,2026-03-25
202934,2026-03-25
202935,2026-04-27
202935,2026-04-27
202935,2026-04-28
202937,2026-04-21
202938,2026-04-20
202938,2026-04-21
202938,2026-04-22
202940,2026-04-03
202941,2026-03-10
202941,2026-03-11
202943,2026-03-23
202943,2026-03-24
202945,2026-03-02
202945,2026-03-03
202946,2026-04-13
202947,2026-03-21
202949,2026-04-21
202950,2026-03-24
202950,2026-03-25
202950,2026-03-27
202952,2026-05-04
202953,2026-03-22
202953,2026-03-23
202953,2026-03-23
202954,2026-03-27
202955,2026-03-15
202955,2026-03-18
202956,2026-04-04
202957,2026-04-22
202957,2026-04-23
202958,2026-03-15
202959,2026-04-01
202961,2026-03-31
202962,2026-04-12
202962,2026-05-08
202963,2026-03-22
202963,2026-03-22
202965,2026-04-30
202965,2026-04-30
202965,2026-04-30
202966,2026-04-14
202966,2026-04-18
202967,2026-03-10
202968,2026-03-18
202968,2026-03-21
202970,2026-04-19
202970,2026-04-19
202970,2026-04-20
202971,2026-03-30
202971,2026-04-08
202971,2026-04-29
202972,2026-04-25
202973,2026-03-17
202976,2026-03-25
202976,2026-04-01
202976,2026-04-19
202977,2026-04-17
202977,2026-04-19
202978,2026-04-04
202979,2026-05-24
202982,2026-04-09
202982,2026-04-10
202982,2026-04-13
202983,2026-04-20
202983,2026-04-21
202983,2026-04-21
202984,2026-03-31
202984,2026-03-31
202989,2026-03-09
202990,2026-04-13
202990,2026-04-14
202990,2026-04-17
202992,2026-04-25
202992,2026-05-12
202998,2026-04-19
203001,2026-03-26
203002,2026-04-24
203002,2026-05-21
203003,2026-03-16
203003,2026-03-18
203003,2026-03-20
203004,2026-04-03
203005,2026-04-15
203005,2026-04-16
203006,2026-05-10
203007,2026-04-12
203008,2026-03-23
203008,2026-03-26
203009,2026-03-16
203010,2026-04-29
203010,2026-05-24
203011,2026-04-18
203013,2026-04-13
203013,2026-04-15
203013,2026-05-12
203016,2026-03-16
203016,2026-03-17
203017,2026-04-17
203018,2026-03-04
203018,2026-03-04
203018,2026-04-05
203020,2026-04-25
203023,2026-03-18
203023,2026-03-18
203023,2026-03-19
203028,2026-04-09
203031,2026-03-13
203031,2026-03-15
203032,2026-03-13
203032,2026-03-14
203032,2026-03-17
203033,2026-04-11
203034,2026-03-12
203034,2026-03-13
203034,2026-03-13
203035,2026-03-03
203035,2026-03-03
203035,2026-03-06
203037,2026-04-22
203037,2026-05-21
203038,2026-05-14
203040,2026-04-04
203042,2026-03-18
203042,2026-03-18
203042,2026-03-20
203043,2026-03-29
203044,2026-03-23
203045,2026-04-16
203045,2026-04-18
203046,2026-04-26
203047,2026-03-03
203047,2026-03-05
203048,2026-04-19
203049,2026-04-06
203050,2026-04-24
203051,2026-03-12
203051,2026-03-12
203052,2026-04-15
203052,2026-04-15
203053,2026-04-16
203053,2026-04-17
203053,2026-04-18
203054,2026-05-15
203056,2026-04-21
203056,2026-04-21
203057,2026-03-29
203058,2026-03-05
203058,2026-03-08
203059,2026-04-24
203059,2026-04-24
203059,2026-04-26
203060,2026-03-13
203060,2026-03-15
203061,2026-03-06
203062,2026-04-07
203062,2026-04-15
203062,2026-05-07
203063,2026-04-27
203063,2026-04-28
203063,2026-04-30
203064,2026-03-04
203064,2026-03-05
203066,2026-04-17
203066,2026-04-19
203068,2026-04-14
203068,2026-04-16
203068,2026-04-18
203070,2026-04-25
203070,2026-04-28
203071,2026-03-20
203071,2026-03-20
203071,2026-03-21
203072,2026-03-20
203073,2026-04-11
203073,2026-04-13
203076,2026-03-24
203077,2026-03-27
203077,2026-03-28
203077,2026-03-28
203078,2026-04-19
203078,2026-04-20
203078,2026-04-20
203080,2026-04-11
203080,2026-04-11
203080,2026-04-12
203081,2026-04-06
203084,2026-03-13
203084,2026-03-13
203084,2026-03-14
203085,2026-03-26
203086,2026-04-10
203087,2026-03-30
203087,2026-03-30
203087,2026-04-02
203088,2026-03-06
203088,2026-03-07
203091,2026-04-26
203092,2026-03-10
203092,2026-03-12
203093,2026-03-15
203095,2026-04-20
203095,2026-04-20
203095,2026-04-21
203096,2026-03-27
203096,2026-03-28
203096,2026-03-28
203097,2026-04-17
203097,2026-04-17
203097,2026-04-18
203100,2026-04-12
203100,2026-05-03
203101,2026-04-07
203103,2026-03-17
203103,2026-04-19
203104,2026-04-29
203104,2026-05-18
203105,2026-04-17
203106,2026-04-14
203107,2026-04-15
203109,2026-04-09
203109,2026-04-10
203109,2026-04-11
203114,2026-04-16
203114,2026-05-10
203115,2026-04-12
203115,2026-04-13
203115,2026-04-14
203116,2026-04-18
203116,2026-04-19
203118,2026-04-01
203119,2026-03-13
203120,2026-03-27
203120,2026-03-28
203123,2026-04-23
203123,2026-04-23
203123,2026-05-25
203124,2026-04-24
203126,2026-04-22
203126,2026-04-27
203126,2026-05-17
203127,2026-04-13
203131,2026-03-16
203131,2026-03-16
203132,2026-03-13
203134,2026-03-24
203136,2026-04-19
203136,2026-04-20
203137,2026-04-26
203137,2026-04-26
203137,2026-04-28
203138,2026-03-06
203138,2026-03-06
203138,2026-03-07
203139,2026-04-10
203139,2026-04-11
203139,2026-04-13
203140,2026-04-09
203140,2026-04-10
203140,2026-04-11
203141,2026-04-12
203141,2026-04-16
203141,2026-05-09
203142,2026-03-22
203142,2026-03-24
203142,2026-03-24
203143,2026-03-14
203145,2026-04-22
203146,2026-04-02
203146,2026-04-02
203146,2026-04-03
203147,2026-03-31
203150,2026-03-24
203150,2026-03-25
203152,2026-04-21
203152,2026-04-22
203155,2026-04-25
203155,2026-04-26
203155,2026-04-27
203156,2026-03-07
203157,2026-03-29
203158,2026-04-14
203159,2026-03-09
203159,2026-03-11
203159,2026-04-11
203162,2026-03-04
203163,2026-03-23
203165,2026-05-13
203168,2026-04-14
203169,2026-04-20
203171,2026-03-21
203171,2026-03-22
203172,2026-04-26
203173,2026-04-12
203176,2026-03-09
203177,2026-03-30
203178,2026-03-29
203181,2026-04-05
203182,2026-04-02
203183,2026-03-09
203183,2026-03-09
203183,2026-03-09
203185,2026-03-28
203185,2026-03-28
203186,2026-04-16
203186,2026-04-16
203186,2026-04-18
203187,2026-04-16
203188,2026-04-06
203188,2026-04-09
203190,2026-04-24
203191,2026-04-23
203192,2026-03-16
203192,2026-03-18
203195,2026-04-06
203195,2026-04-07
203196,2026-03-30
203198,2026-04-19
203198,2026-04-19
203199,2026-04-17
203199,2026-04-20
203199,2026-04-20
203200,2026-03-31
203200,2026-04-02
203201,2026-04-19
203202,2026-04-07
203202,2026-04-09
203202,2026-04-10
203204,2026-03-09
203204,2026-03-13
203206,2026-03-20
203206,2026-03-20
203209,2026-05-14
203210,2026-03-26
203210,2026-03-27
203210,2026-03-27
203213,2026-04-19
203213,2026-05-04
203215,2026-04-14
203215,2026-04-14
203215,2026-04-16
203216,2026-03-11
203216,2026-03-15
203216,2026-04-02
203217,2026-03-09
203217,2026-04-01
203221,2026-04-09
203221,2026-04-10
203221,2026-04-10
203222,2026-04-06
203222,2026-04-07
203222,2026-04-09
203225,2026-03-05
203225,2026-03-06
203227,2026-04-13
203227,2026-04-13
203227,2026-04-13
203229,2026-03-15
203229,2026-03-16
203230,2026-04-12
203231,2026-04-11
203231,2026-04-13
203231,2026-04-29
203233,2026-04-20
203233,2026-05-13
203234,2026-03-22
203234,2026-03-23
203234,2026-03-24
203235,2026-03-13
203236,2026-04-05
203236,2026-04-09
203238,2026-03-23
203238,2026-04-15
203240,2026-03-28
203241,2026-04-05
203243,2026-04-20
203243,2026-04-21
203245,2026-04-20
203246,2026-04-05
203246,2026-05-03
203247,2026-03-21
203247,2026-03-24
203247,2026-04-18
203248,2026-04-17
203249,2026-03-23
203249,2026-03-24
203249,2026-03-26
203250,2026-04-06
203250,2026-04-07
203251,2026-05-13
203252,2026-04-06
203252,2026-04-09
203254,2026-03-08
203254,2026-03-09
203254,2026-03-10
203255,2026-03-28
203255,2026-04-01
203255,2026-05-01
203257,2026-03-05
203257,2026-03-05
203257,2026-03-06
203258,2026-03-25
203258,2026-04-19
203259,2026-03-08
203259,2026-03-09
203259,2026-03-10
203260,2026-04-15
203260,2026-04-16
203261,2026-04-17
203263,2026-04-06
203263,2026-04-07
203265,2026-03-05
203265,2026-03-06
203265,2026-03-07
203266,2026-03-02
203266,2026-03-03
203266,2026-03-06
203267,2026-04-05
203267,2026-04-06
203268,2026-04-10
203268,2026-04-11
203269,2026-03-29
203269,2026-03-30
203269,2026-04-01
203271,2026-03-17
203271,2026-03-20
203271,2026-04-10
203272,2026-04-06
203272,2026-04-06
203272,2026-04-07
203275,2026-03-13
203275,2026-03-13
203278,2026-03-08
203278,2026-03-08
203278,2026-03-08
203280,2026-04-01
203281,2026-03-15
203281,2026-03-17
203284,2026-03-18
203285,2026-03-17
203285,2026-03-17
203288,2026-03-13
203288,2026-03-17
203289,2026-04-21
203290,2026-03-10
203290,2026-03-11
203290,2026-03-11
203291,2026-03-29
203291,2026-03-30
203293,2026-03-29
203293,2026-03-29
203294,2026-03-31
203294,2026-03-31
203295,2026-04-21
203295,2026-04-25
203297,2026-03-27
203298,2026-04-03
203298,2026-04-04
203298,2026-04-07
203300,2026-04-08
203300,2026-04-11
203302,2026-03-11
203302,2026-03-14
203303,2026-03-20
203304,2026-04-13
203304,2026-04-14
203304,2026-04-16
203306,2026-04-08
203307,2026-03-24
203307,2026-03-24
203307,2026-03-26
203309,2026-04-19
203309,2026-04-20
203309,2026-05-18
203310,2026-03-06
203310,2026-03-06
203310,2026-03-07
203311,2026-03-30
203312,2026-03-15
203312,2026-03-15
203312,2026-03-16
203313,2026-03-19
203314,2026-03-30
203314,2026-03-31
203314,2026-03-31
203315,2026-03-31
203318,2026-03-27
203319,2026-04-04
203319,2026-04-05
203319,2026-04-05
203321,2026-04-09
203322,2026-04-07
203322,2026-04-10
203325,2026-04-23
203328,2026-03-03
203330,2026-04-10
203330,2026-05-08
203332,2026-04-21
203332,2026-04-24
203333,2026-03-04
203336,2026-04-11
203336,2026-04-12
203337,2026-04-14
203337,2026-04-14
203337,2026-04-16
203338,2026-04-21
203338,2026-04-23
203339,2026-03-06
203341,2026-04-07
203342,2026-03-27
203343,2026-04-22
203343,2026-04-23
203345,2026-03-07
203345,2026-03-07
203345,2026-03-11
203346,2026-04-26
203347,2026-04-17
203347,2026-04-20
203347,2026-05-12
203348,2026-03-05
203348,2026-03-10
203348,2026-04-03
203351,2026-04-17
203352,2026-04-03
203353,2026-04-21
203354,2026-03-07
203354,2026-03-09
203354,2026-03-31
203355,2026-03-13
203355,2026-03-14
203355,2026-03-15
203356,2026-04-16
203356,2026-04-17
203358,2026-03-20
203358,2026-03-20
203359,2026-03-03
203359,2026-03-06
203359,2026-03-07
203360,2026-03-12
203360,2026-03-14
203361,2026-03-27
203362,2026-03-09
203363,2026-04-25
203363,2026-04-27
203364,2026-05-20
203366,2026-04-29
203366,2026-04-30
203366,2026-04-30
203369,2026-04-02
203369,2026-04-06
203371,2026-04-22
203371,2026-04-23
203371,2026-04-24
203372,2026-03-28
203374,2026-04-01
203374,2026-04-03
203374,2026-04-03
203375,2026-03-20
203376,2026-04-12
203376,2026-04-13
203377,2026-04-19
203377,2026-04-21
203377,2026-04-21
203379,2026-04-04
203379,2026-04-24
203380,2026-04-26
203381,2026-04-24
203381,2026-04-25
203381,2026-04-26
203382,2026-04-22
203382,2026-04-23
203382,2026-04-23
203385,2026-03-12
203385,2026-03-14
203385,2026-03-16
203387,2026-03-13
203387,2026-03-13
203388,2026-04-10
203388,2026-04-11
203388,2026-04-13
203389,2026-04-22
203390,2026-03-21
203391,2026-04-21
203391,2026-04-21
203391,2026-04-23
203393,2026-03-06
203394,2026-04-23
203395,2026-05-10
203396,2026-03-29
203396,2026-04-01
203397,2026-03-27
203397,2026-03-28
203397,2026-03-28
203398,2026-04-23
203398,2026-04-25
203398,2026-04-26
203400,2026-03-05
203400,2026-03-06
203400,2026-03-07
203401,2026-04-18
203403,2026-04-26
203403,2026-04-28
203404,2026-03-30
203405,2026-04-11
203406,2026-04-14
203407,2026-04-19
203408,2026-03-20
203408,2026-03-22
203408,2026-03-22
203409,2026-04-14
203409,2026-05-16
203410,2026-04-24
203412,2026-04-25
203413,2026-03-10
203413,2026-03-14
203413,2026-04-03
203418,2026-04-02
203418,2026-04-04
203418,2026-04-05
203420,2026-04-11
203420,2026-04-12
203426,2026-04-05
203427,2026-04-04
203427,2026-04-08
203429,2026-03-08
203429,2026-03-08
203429,2026-04-08
203430,2026-03-11
203430,2026-03-14
203431,2026-04-13
203431,2026-04-17
203431,2026-05-06
203432,2026-03-31
203432,2026-04-03
203433,2026-04-18
203433,2026-04-19
203433,2026-04-21
203434,2026-04-14
203434,2026-04-15
203434,2026-04-16
203437,2026-04-15
203438,2026-04-18
203438,2026-04-18
203438,2026-04-20
203439,2026-04-24
203440,2026-03-16
203440,2026-03-16
203441,2026-04-22
203441,2026-04-26
203441,2026-04-26
203442,2026-03-25
203443,2026-04-17
203443,2026-04-17
203443,2026-04-21
203444,2026-03-29
203444,2026-03-31
203445,2026-05-01
203445,2026-05-20
203448,2026-04-08
203450,2026-04-05
203451,2026-03-05
203451,2026-03-08
203451,2026-03-09
203452,2026-04-27
203452,2026-04-28
203452,2026-04-28
203453,2026-03-09
203457,2026-04-19
203458,2026-04-01
203459,2026-04-14
203459,2026-04-16
203462,2026-03-21
203462,2026-03-23
203462,2026-03-25
203464,2026-04-06
203465,2026-04-17
203465,2026-04-20
203466,2026-04-02
203466,2026-04-04
203466,2026-04-05
203467,2026-04-10
203469,2026-04-19
203469,2026-05-18
203470,2026-03-29
203471,2026-04-17
203471,2026-04-17
203472,2026-04-04
203472,2026-04-06
203472,2026-04-07
203473,2026-03-23
203473,2026-03-25
203474,2026-04-11
203476,2026-03-09
203476,2026-03-09
203476,2026-03-10
203481,2026-04-03
203481,2026-04-03
203482,2026-03-13
203482,2026-03-16
203485,2026-04-18
203485,2026-04-21
203485,2026-05-21
203489,2026-03-10
203490,2026-04-27
203490,2026-04-28
203491,2026-03-30
203492,2026-04-03
203492,2026-04-10
203492,2026-05-05
203493,2026-04-01
203494,2026-04-20
203494,2026-04-24
203494,2026-05-14
203495,2026-04-12
203496,2026-03-18
203496,2026-03-18
203497,2026-03-14
203499,2026-04-20
203499,2026-04-24
203500,2026-03-07
203500,2026-03-09
203500,2026-03-10
203501,2026-03-21
203501,2026-03-22
203501,2026-03-23
203502,2026-04-12
203503,2026-03-19
203503,2026-03-20
203503,2026-03-22
203505,2026-03-03
203506,2026-03-23
203506,2026-03-26
203506,2026-03-26
203507,2026-05-10
203508,2026-04-10
203509,2026-03-10
203509,2026-03-11
203511,2026-04-21
203511,2026-04-21
203512,2026-04-10
203512,2026-04-11
203512,2026-04-14
203514,2026-03-17
203514,2026-03-18
203514,2026-03-21
203515,2026-04-08
203515,2026-04-15
203515,2026-05-03
203516,2026-04-08
203516,2026-04-09
203516,2026-04-09
203517,2026-04-21
203517,2026-05-21
203519,2026-04-03
203519,2026-04-04
203519,2026-04-06
203520,2026-04-11
203520,2026-04-11
203520,2026-04-11
203521,2026-04-17
203523,2026-03-05
203528,2026-03-31
203528,2026-04-01
203528,2026-04-01
203529,2026-04-11
203529,2026-04-13
203529,2026-04-15
203533,2026-04-15
203533,2026-04-16
203533,2026-04-17
203535,2026-03-22
203535,2026-03-24
203535,2026-03-26
203536,2026-04-06
203536,2026-04-08
203536,2026-04-09
203538,2026-05-17
203539,2026-04-23
203539,2026-04-24
203539,2026-04-24
203540,2026-03-31
203542,2026-05-12
203546,2026-03-19
203547,2026-03-20
203547,2026-03-21
203547,2026-03-23
203548,2026-04-11
203549,2026-04-15
203549,2026-04-17
203549,2026-04-18
203550,2026-04-03
203550,2026-04-05
203553,2026-03-22
203553,2026-03-23
203553,2026-04-12
203554,2026-04-07
203555,2026-04-02
203556,2026-03-24
203556,2026-03-25
203556,2026-04-17
203557,2026-03-13
203558,2026-04-17
203558,2026-04-19
203559,2026-04-16
203560,2026-03-11
203560,2026-03-12
203561,2026-04-20
203562,2026-04-26
203563,2026-04-17
203564,2026-04-10
203564,2026-04-25
203567,2026-04-12
203568,2026-03-05
203569,2026-04-15
203569,2026-04-17
203569,2026-04-18
203570,2026-04-25
203571,2026-03-24
203571,2026-03-26
203572,2026-03-12
203572,2026-03-13
203573,2026-04-17
203573,2026-04-18
203574,2026-04-07
203574,2026-04-14
203574,2026-05-10
203575,2026-03-08
203575,2026-03-10
203576,2026-04-05
203577,2026-03-09
203577,2026-03-30
203578,2026-03-12
203578,2026-03-12
203578,2026-03-14
203580,2026-03-25
203580,2026-03-25
203581,2026-04-18
203582,2026-03-11
203583,2026-04-25
203583,2026-04-28
203584,2026-03-18
203584,2026-03-21
203585,2026-03-24
203587,2026-03-13
203587,2026-03-16
203587,2026-03-16
203588,2026-04-15
203588,2026-04-18
203590,2026-03-09
203590,2026-03-15
203590,2026-04-06
203591,2026-05-01
203591,2026-05-24
203594,2026-03-13
203594,2026-03-15
203594,2026-03-16
203595,2026-03-20
203597,2026-03-04
203597,2026-03-05
203597,2026-04-04
203598,2026-04-22
203598,2026-04-22
203598,2026-04-22
203601,2026-04-15
203603,2026-04-08
203603,2026-04-10
203604,2026-03-22
203604,2026-03-23
203606,2026-04-15
203606,2026-04-16
203609,2026-03-14
203609,2026-03-18
203609,2026-03-18
203610,2026-03-25
203610,2026-03-26
203610,2026-04-14
203611,2026-04-07
203611,2026-04-07
203611,2026-04-08
203612,2026-03-18
203612,2026-03-18
203614,2026-03-24
203615,2026-03-21
203617,2026-04-17
203617,2026-04-18
203617,2026-04-18
203618,2026-04-17
203620,2026-04-19
203621,2026-03-16
203623,2026-03-18
203623,2026-03-19
203626,2026-04-12
203626,2026-04-15
203626,2026-04-15
203627,2026-04-15
203627,2026-04-15
203627,2026-04-17
203628,2026-04-01
203628,2026-04-03
203628,2026-04-04
203630,2026-03-26
203631,2026-04-17
203631,2026-04-19
203632,2026-04-07
203632,2026-04-07
203632,2026-04-11
203633,2026-03-11
203634,2026-03-31
203634,2026-04-02
203635,2026-04-12
203636,2026-04-08
203636,2026-04-10
203636,2026-04-10
203637,2026-04-23
203638,2026-04-20
203638,2026-04-22
203638,2026-04-22
203639,2026-04-11
203642,2026-04-20
203642,2026-04-20
203644,2026-03-10
203645,2026-03-06
203647,2026-03-27
203647,2026-03-29
203648,2026-04-01
203648,2026-04-01
203648,2026-04-18
203649,2026-03-25
203649,2026-03-27
203650,2026-04-28
203651,2026-03-26
203651,2026-03-28
203651,2026-03-29
203653,2026-03-04
203653,2026-03-05
203655,2026-04-05
203655,2026-04-08
203657,2026-03-05
203657,2026-03-05
203657,2026-03-06
203658,2026-04-11
203658,2026-04-14
203659,2026-03-18
203660,2026-05-08
203661,2026-03-19
203661,2026-04-09
203662,2026-03-10
203662,2026-03-12
203667,2026-04-17
203667,2026-04-17
203667,2026-04-19
203668,2026-03-10
203668,2026-03-13
203668,2026-03-13
203669,2026-04-03
203669,2026-04-04
203669,2026-04-05
203670,2026-04-08
203670,2026-04-10
203674,2026-04-13
203674,2026-04-14
203675,2026-04-12
203676,2026-04-03
203676,2026-04-04
203676,2026-04-05
203677,2026-04-22
203677,2026-04-23
203677,2026-04-24
203678,2026-05-12
203680,2026-04-27
203682,2026-04-09
203682,2026-04-12
203684,2026-04-18
203685,2026-03-26
203685,2026-03-27
203686,2026-03-08
203686,2026-03-09
203688,2026-03-10
203688,2026-04-02
203690,2026-05-15
203691,2026-03-18
203692,2026-04-17
203692,2026-04-18
203692,2026-05-16
203695,2026-04-11
203695,2026-04-12
203695,2026-04-14
203696,2026-04-11
203697,2026-03-15
203697,2026-03-19
203700,2026-03-28
203700,2026-03-29
203701,2026-04-17
203702,2026-04-02
203704,2026-04-25
203705,2026-04-17
203706,2026-04-08
203706,2026-04-09
203707,2026-04-17
203708,2026-04-18
203708,2026-04-19
203708,2026-04-19
203714,2026-03-12
203714,2026-03-12
203714,2026-03-14
203716,2026-03-04
203717,2026-04-05
203717,2026-04-05
203717,2026-04-07
203720,2026-04-20
203720,2026-04-21
203720,2026-04-21
203721,2026-04-03
203721,2026-04-06
203721,2026-04-06
203723,2026-04-05
203723,2026-04-06
203723,2026-04-08
203724,2026-03-18
203725,2026-03-06
203726,2026-04-12
203726,2026-04-13
203727,2026-03-31
203727,2026-04-02
203727,2026-04-02
203729,2026-04-18
203732,2026-04-23
203734,2026-04-22
203738,2026-04-03
203741,2026-03-19
203741,2026-03-21
203743,2026-05-09
203744,2026-04-21
203744,2026-04-24
203746,2026-03-09
203746,2026-03-11
203747,2026-04-18
203747,2026-04-22
203747,2026-04-22
203748,2026-04-05
203752,2026-03-19
203752,2026-03-20
203756,2026-04-01
203756,2026-04-03
203756,2026-04-21
203757,2026-03-12
203758,2026-04-03
203758,2026-04-03
203758,2026-04-04
203760,2026-04-20
203760,2026-04-20
203760,2026-04-21
203761,2026-04-14
203761,2026-04-17
203762,2026-04-20
203763,2026-03-20
203764,2026-04-02
203764,2026-04-05
203765,2026-03-15
203765,2026-03-17
203766,2026-04-04
203768,2026-03-16
203768,2026-03-17
203768,2026-03-18
203769,2026-03-24
203769,2026-03-25
203769,2026-03-26
203771,2026-03-16
203773,2026-04-16
203776,2026-03-02
203776,2026-03-03
203777,2026-03-05
203777,2026-04-02
203778,2026-03-29
203778,2026-03-30
203780,2026-04-23
203780,2026-04-24
203780,2026-04-25
203782,2026-03-19
203782,2026-03-21
203783,2026-03-09
203783,2026-03-10
203784,2026-03-14
203784,2026-03-16
203784,2026-03-17
203785,2026-03-14
203785,2026-03-15
203785,2026-03-18
203788,2026-04-20
203788,2026-04-22
203788,2026-04-24
203790,2026-03-13
203793,2026-04-14
203793,2026-04-14
203794,2026-04-10
203794,2026-04-12
203794,2026-04-12
203795,2026-03-26
203795,2026-04-25
203796,2026-03-17
203796,2026-03-17
203796,2026-04-18
203797,2026-05-23
203798,2026-04-25
203798,2026-04-28
203798,2026-05-15
203799,2026-03-10
203800,2026-03-30
203800,2026-03-31
203800,2026-04-02
203802,2026-05-11
203803,2026-04-10
203803,2026-05-02
203805,2026-04-11
203806,2026-04-05
203806,2026-04-07
203810,2026-04-07
203810,2026-05-05
203812,2026-03-30
203813,2026-04-12
203815,2026-04-02
203815,2026-04-03
203815,2026-04-04
203818,2026-03-18
203818,2026-03-18
203818,2026-03-19
203819,2026-03-28
203819,2026-03-28
203819,2026-03-28
203820,2026-03-28
203820,2026-03-30
203821,2026-04-21
203821,2026-04-22
203822,2026-04-04
203823,2026-03-13
203823,2026-03-16
203823,2026-03-16
203825,2026-04-01
203825,2026-04-06
203825,2026-05-02
203826,2026-03-31
203827,2026-03-12
203827,2026-03-15
203828,2026-04-04
203828,2026-04-05
203828,2026-04-06
203829,2026-04-24
203829,2026-04-25
203829,2026-05-18
203831,2026-04-18
203834,2026-04-09
203834,2026-04-12
203835,2026-03-28
203836,2026-03-21
203836,2026-03-21
203838,2026-04-19
203838,2026-04-19
203838,2026-04-22
203841,2026-04-09
203841,2026-04-09
203843,2026-03-11
203843,2026-03-12
203845,2026-04-07
203847,2026-04-27
203848,2026-03-29
203848,2026-03-30
203848,2026-04-01
203849,2026-04-27
203851,2026-03-24
203852,2026-05-08
203853,2026-04-13
203854,2026-04-05
203856,2026-04-12
203856,2026-04-13
203856,2026-05-14
203859,2026-03-12
203859,2026-03-12
203861,2026-04-15
203862,2026-04-06
203862,2026-04-28
203863,2026-03-07
203863,2026-03-08
203863,2026-04-05
203864,2026-04-08
203864,2026-04-09
203865,2026-04-11
203866,2026-05-21
203868,2026-04-02
203868,2026-04-03
203869,2026-03-07
203869,2026-03-09
203869,2026-03-09
203870,2026-04-30
203874,2026-04-18
203874,2026-04-19
203874,2026-04-20
203875,2026-04-10
203875,2026-04-11
203875,2026-04-14
203876,2026-04-04
203878,2026-04-22
203878,2026-04-25
203879,2026-04-29
203882,2026-04-17
203882,2026-04-19
203883,2026-03-11
203884,2026-03-31
203884,2026-03-31
203885,2026-05-01
203885,2026-05-17
203886,2026-03-29
203886,2026-03-31
203888,2026-04-09
203888,2026-04-11
203890,2026-03-27
203890,2026-03-28
203890,2026-03-30
203892,2026-05-12
203893,2026-04-06
203893,2026-04-09
203894,2026-04-22
203894,2026-04-24
203894,2026-04-24
203896,2026-03-03
203896,2026-03-05
203897,2026-04-12
203898,2026-03-09
203898,2026-03-09
203898,2026-03-10
203899,2026-04-22
203899,2026-04-23
203900,2026-04-05
203900,2026-04-07
203901,2026-04-15
203901,2026-04-17
203903,2026-03-18
203904,2026-03-17
203904,2026-03-18
203904,2026-03-19
203905,2026-04-03
203906,2026-04-05
203908,2026-03-23
203908,2026-03-26
203909,2026-03-22
203909,2026-03-23
203909,2026-03-24
203910,2026-03-14
203910,2026-03-15
203911,2026-04-22
203911,2026-04-22
203911,2026-04-24
203912,2026-03-24
203912,2026-03-25
203912,2026-03-28
203914,2026-03-22
203914,2026-03-23
203917,2026-03-23
203917,2026-03-25
203918,2026-03-20
203919,2026-04-13
203923,2026-04-14
203923,2026-04-15
203923,2026-04-16
203926,2026-03-15
203926,2026-03-15
203926,2026-03-17
203927,2026-04-09
203929,2026-03-15
203929,2026-03-18
203930,2026-04-05
203933,2026-04-16
203933,2026-05-08
203934,2026-04-15
203935,2026-03-06
203935,2026-03-08
203935,2026-03-09
203936,2026-03-30
203940,2026-03-17
203942,2026-03-21
203942,2026-03-23
203947,2026-04-07
203947,2026-04-07
203947,2026-04-07
203948,2026-03-05
203948,2026-03-05
203949,2026-03-25
203949,2026-03-27
203949,2026-04-19
203950,2026-03-09
203951,2026-03-18
203951,2026-03-21
203951,2026-03-22
203952,2026-04-02
203952,2026-04-06
203953,2026-04-05
203953,2026-04-05
203953,2026-04-06
203954,2026-03-09
203955,2026-04-23
203955,2026-04-26
203957,2026-03-08
203958,2026-03-04
203958,2026-03-05
203959,2026-04-09
203959,2026-05-02
203961,2026-04-24
203961,2026-04-25
203961,2026-04-27
203962,2026-03-08
203962,2026-03-11
203964,2026-04-02
203966,2026-04-24
203966,2026-04-25
203967,2026-04-12
203967,2026-04-13
203967,2026-04-13
203968,2026-03-15
203968,2026-03-18
203969,2026-04-16
203972,2026-04-06
203973,2026-04-07
203973,2026-04-08
203973,2026-04-09
203975,2026-03-19
203975,2026-03-21
203975,2026-03-21
203976,2026-04-07
203976,2026-04-09
203977,2026-03-14
203977,2026-03-15
203977,2026-03-16
203978,2026-04-05
203978,2026-04-06
203978,2026-04-06
203979,2026-04-26
203979,2026-04-28
203980,2026-03-19
203980,2026-03-22
203981,2026-04-10
203983,2026-04-24
203986,2026-04-24
203987,2026-04-10
203990,2026-03-25
203990,2026-03-25
203990,2026-03-29
203991,2026-04-19
203991,2026-04-21
203992,2026-04-19
203994,2026-03-15
203995,2026-03-14
203995,2026-03-16
203995,2026-03-16
203996,2026-04-16
203996,2026-04-16
203996,2026-04-17
203997,2026-03-15
203997,2026-03-17
203998,2026-04-05
203998,2026-04-06
203998,2026-04-07
203999,2026-04-08
204001,2026-03-12
204001,2026-03-14
204002,2026-03-24
204002,2026-03-24
204003,2026-04-06
204003,2026-04-09
204003,2026-04-10
204004,2026-03-20
204004,2026-03-24
204007,2026-03-02
204007,2026-03-03
204009,2026-04-18
204009,2026-04-19
204009,2026-04-21
204011,2026-04-02
204014,2026-04-13
204015,2026-03-11
204016,2026-03-07
204016,2026-03-08
204018,2026-04-03
204019,2026-04-22
204021,2026-03-14
204021,2026-03-15
204024,2026-04-23
204024,2026-05-19
204025,2026-04-01
204025,2026-04-03
204025,2026-04-04
204026,2026-05-14
204028,2026-03-11
204030,2026-03-21
204030,2026-03-24
204030,2026-03-24
204033,2026-04-27
204034,2026-04-13
204034,2026-04-13
204034,2026-04-14
204035,2026-04-10
204035,2026-04-14
204035,2026-04-14
204036,2026-04-19
204038,2026-03-13
204038,2026-03-14
204038,2026-04-12
204039,2026-04-16
204042,2026-04-16
204043,2026-03-21
204043,2026-03-21
204045,2026-03-07
204046,2026-03-26
204046,2026-03-26
204046,2026-03-29
204047,2026-03-26
204047,2026-03-29
204047,2026-03-29
204050,2026-03-21
204052,2026-03-04
204052,2026-03-05
204052,2026-03-07
204054,2026-03-13
204054,2026-03-13
204054,2026-03-15
204055,2026-03-14
204056,2026-04-19
204056,2026-04-24
204056,2026-05-16
204057,2026-03-14
204058,2026-05-06
204059,2026-03-08
204059,2026-03-08
204060,2026-03-20
204060,2026-03-21
204060,2026-03-23
204061,2026-03-13
204061,2026-03-13
204061,2026-03-16
204062,2026-03-27
204065,2026-03-29
204065,2026-03-30
204065,2026-04-01
204067,2026-03-11
204067,2026-03-13
204068,2026-03-08
204069,2026-04-22
204069,2026-04-22
204069,2026-05-25
204072,2026-03-21
204074,2026-03-14
204075,2026-03-25
204075,2026-03-25
204076,2026-04-01
204076,2026-04-01
204076,2026-04-03
204078,2026-04-16
204078,2026-04-17
204079,2026-04-11
204079,2026-04-11
204079,2026-04-15
204080,2026-04-02
204081,2026-03-08
204081,2026-03-10
204081,2026-03-11
204082,2026-04-22
204082,2026-04-22
204084,2026-04-02
204085,2026-03-28
204085,2026-03-31
204087,2026-04-01
204087,2026-04-02
204087,2026-04-03
204089,2026-04-01
204091,2026-04-25
204091,2026-04-25
204093,2026-03-08
204093,2026-03-10
204093,2026-03-10
204094,2026-04-26
204094,2026-04-27
204094,2026-04-30
204095,2026-03-11
204095,2026-04-01
204096,2026-03-09
204100,2026-03-27
204100,2026-03-28
204100,2026-03-28
204102,2026-04-19
204103,2026-03-13
204103,2026-04-06
204105,2026-04-21
204106,2026-04-25
204107,2026-04-12
204107,2026-04-13
204107,2026-04-15
204108,2026-04-01
204108,2026-04-05
204110,2026-04-02
204110,2026-04-26
204111,2026-04-26
204111,2026-04-26
204111,2026-04-28
204112,2026-03-10
204114,2026-04-27
204114,2026-04-28
204115,2026-04-06
204116,2026-04-30
204117,2026-04-01
204117,2026-04-04
204121,2026-03-12
204121,2026-03-12
204122,2026-04-17
204123,2026-04-21
204123,2026-04-23
204124,2026-03-06
204125,2026-04-15
204125,2026-04-15
204125,2026-04-17
204126,2026-04-13
204126,2026-05-03
204128,2026-04-17
204129,2026-03-20
204129,2026-03-21
204130,2026-03-23
204131,2026-03-09
204135,2026-05-17
204137,2026-03-05
204138,2026-04-28
204139,2026-05-13
204141,2026-04-14
204141,2026-04-14
204141,2026-04-18
204143,2026-04-08
204146,2026-04-13
204146,2026-04-15
204146,2026-04-16
204150,2026-04-13
204150,2026-04-14
204151,2026-03-31
204153,2026-04-15
204153,2026-04-24
204153,2026-05-18
204157,2026-04-17
204158,2026-04-24
204158,2026-04-24
204159,2026-04-26
204161,2026-04-01
204161,2026-04-05
204163,2026-03-30
204163,2026-03-31
204164,2026-03-16
204165,2026-03-11
204166,2026-03-14
204166,2026-03-15
204166,2026-03-18
204169,2026-03-10
204169,2026-03-13
204169,2026-03-13
204171,2026-04-14
204172,2026-03-23
204172,2026-03-24
204173,2026-03-08
204173,2026-03-09
204176,2026-03-13
204177,2026-03-11
204178,2026-03-02
204178,2026-03-06
204180,2026-04-12
204180,2026-04-12
204180,2026-05-07
204184,2026-04-15
204184,2026-04-19
204185,2026-03-07
204185,2026-03-08
204186,2026-04-06
204188,2026-04-10
204190,2026-03-16
204190,2026-03-16
204190,2026-03-19
204193,2026-03-09
204196,2026-04-16
204196,2026-04-17
204196,2026-04-18
204198,2026-04-01
204199,2026-04-20
204199,2026-04-21
204199,2026-04-22
204201,2026-04-17
204201,2026-04-18
204201,2026-04-19
204205,2026-03-22
204207,2026-03-08
204207,2026-03-08
204207,2026-03-08
204209,2026-04-20
204209,2026-04-23
204209,2026-04-24
204210,2026-04-14
204212,2026-04-10
204213,2026-03-09
204214,2026-04-30
204216,2026-04-11
204217,2026-03-18
204217,2026-03-21
204217,2026-03-21
204218,2026-04-14
204218,2026-04-15
204219,2026-03-26
204222,2026-04-08
204224,2026-03-26
204224,2026-03-28
204228,2026-04-19
204228,2026-04-19
204228,2026-04-19
204229,2026-04-02
204230,2026-03-22
204230,2026-03-24
204232,2026-03-24
204232,2026-03-27
204233,2026-05-01
204234,2026-03-21
204234,2026-03-22
204235,2026-03-03
204236,2026-04-17
204236,2026-04-17
204236,2026-05-09
204240,2026-04-02
204240,2026-04-04
204240,2026-04-04
204241,2026-04-03
204241,2026-04-04
204241,2026-04-05
204243,2026-03-15
204243,2026-03-17
204243,2026-03-18
204244,2026-04-25
204244,2026-04-27
204245,2026-03-29
204245,2026-04-01
204247,2026-03-18
204247,2026-03-20
204249,2026-04-01
204249,2026-04-02
204250,2026-04-20
204250,2026-04-21
204250,2026-04-21
204251,2026-04-07
204251,2026-05-04
204252,2026-03-25
204253,2026-03-15
204253,2026-03-15
204254,2026-03-16
204255,2026-03-25
204255,2026-03-27
204255,2026-03-27
204256,2026-04-05
204257,2026-04-08
204257,2026-04-08
204260,2026-04-11
204261,2026-05-21
204263,2026-03-14
204263,2026-03-15
204266,2026-03-24
204266,2026-03-30
204266,2026-04-18
204267,2026-04-02
204267,2026-04-05
204267,2026-04-25
204269,2026-03-26
204269,2026-03-30
204270,2026-04-06
204273,2026-03-29
204274,2026-03-25
204274,2026-03-26
204274,2026-03-29
204275,2026-04-26
204276,2026-04-20
204278,2026-04-21
204279,2026-04-23
204279,2026-04-24
204282,2026-03-21
204282,2026-03-24
204282,2026-04-12
204283,2026-03-29
204286,2026-04-19
204286,2026-04-20
204286,2026-04-21
204287,2026-03-24
204287,2026-03-24
204288,2026-04-23
204289,2026-03-11
204289,2026-04-05
204291,2026-03-08
204292,2026-03-20
204292,2026-03-22
204292,2026-03-22
204293,2026-03-15
204293,2026-03-17
204295,2026-04-07
204295,2026-04-10
204295,2026-04-10
204297,2026-04-25
204297,2026-04-26
204298,2026-03-30
204298,2026-03-31
204299,2026-03-23
204299,2026-03-24
204299,2026-03-26
204302,2026-03-06
204303,2026-03-19
204305,2026-04-26
204305,2026-04-26
204305,2026-05-16
204306,2026-03-06
204306,2026-03-07
204306,2026-03-08
204308,2026-05-03
204308,2026-05-24
204309,2026-04-11
204309,2026-04-12
204309,2026-04-15
204310,2026-03-05
204312,2026-03-15
204315,2026-03-05
204316,2026-03-27
204317,2026-03-12
204318,2026-03-20
204319,2026-04-17
204319,2026-04-19
204319,2026-05-16
204320,2026-04-19
204320,2026-04-26
204320,2026-05-20
204321,2026-03-28
204321,2026-03-30
204321,2026-03-31
204323,2026-04-25
204323,2026-04-29
204329,2026-03-21
204329,2026-03-30
204329,2026-04-18
204331,2026-03-18
204331,2026-03-18
204332,2026-04-13
204332,2026-04-13
204332,2026-04-15
204333,2026-03-29
204333,2026-03-30
204333,2026-03-31
204334,2026-03-08
204334,2026-03-09
204335,2026-03-07
204335,2026-03-07
204335,2026-03-09
204336,2026-03-11
204336,2026-03-11
204336,2026-03-14
204337,2026-04-16
204339,2026-04-15
204339,2026-04-15
204339,2026-04-18
204340,2026-04-25
204340,2026-04-25
204342,2026-03-18
204342,2026-03-19
204342,2026-03-19
204343,2026-03-20
204347,2026-04-30
204348,2026-03-27
204349,2026-03-19
204349,2026-03-22
204349,2026-03-23
204350,2026-04-07
204352,2026-03-27
204354,2026-04-24
204354,2026-04-27
204355,2026-04-15
204355,2026-04-16
204356,2026-03-05
204356,2026-03-07
204357,2026-04-23
204360,2026-04-10
204361,2026-03-25
204365,2026-03-24
204365,2026-03-24
204365,2026-03-28
204366,2026-04-13
204369,2026-04-21
204369,2026-04-24
204370,2026-03-22
204370,2026-03-22
204370,2026-03-26
204372,2026-04-07
204374,2026-04-06
204374,2026-04-06
204376,2026-03-25
204377,2026-03-03
204377,2026-03-05
204377,2026-03-06
204378,2026-04-01
204378,2026-04-05
204378,2026-04-05
204379,2026-03-20
204379,2026-03-21
204380,2026-04-20
204380,2026-04-22
204384,2026-04-01
204384,2026-04-03
204384,2026-04-30
204386,2026-04-24
204386,2026-04-25
204387,2026-04-05
204387,2026-04-09
204387,2026-05-05
204388,2026-04-01
204388,2026-04-01
204388,2026-04-02
204389,2026-03-23
204390,2026-04-07
204392,2026-05-22
204393,2026-04-01
204394,2026-03-15
204394,2026-04-07
204395,2026-04-05
204395,2026-04-05
204395,2026-04-07
204396,2026-03-03
204396,2026-03-05
204396,2026-03-06
204397,2026-03-13
204399,2026-04-18
204399,2026-04-19
204399,2026-04-20
204402,2026-03-21
204402,2026-03-24
204403,2026-04-04
204404,2026-03-25
204404,2026-03-25
204405,2026-04-01
204405,2026-04-02
204406,2026-03-26
204406,2026-03-26
204407,2026-03-20
204408,2026-04-21
204408,2026-04-22
204409,2026-04-21
204409,2026-05-11
204410,2026-03-22
204411,2026-04-07
204412,2026-04-26
204415,2026-03-14
204415,2026-03-14
204415,2026-03-15
204416,2026-04-30
204416,2026-04-30
204417,2026-03-08
204417,2026-03-09
204417,2026-03-10
204418,2026-04-11
204418,2026-04-11
204418,2026-04-11
204420,2026-03-03
204420,2026-03-04
204422,2026-04-23
204422,2026-04-24
204422,2026-04-25
204425,2026-03-06
204425,2026-03-08
204425,2026-03-10
204426,2026-04-21
204426,2026-04-21
204426,2026-04-22
204427,2026-03-31
204427,2026-04-03
204427,2026-04-03
204428,2026-03-06
204428,2026-03-06
204428,2026-03-08
204429,2026-04-09
204429,2026-04-10
204430,2026-04-08
204430,2026-04-10
204430,2026-04-11
204432,2026-05-13
204435,2026-03-07
204436,2026-04-20
204437,2026-03-22
204437,2026-03-23
204439,2026-03-25
204439,2026-03-28
204440,2026-03-09
204440,2026-03-11
204440,2026-03-13
204441,2026-05-15
204443,2026-04-02
204443,2026-04-04
204444,2026-04-08
204444,2026-04-09
204446,2026-04-08
204447,2026-03-15
204449,2026-03-06
204449,2026-03-09
204449,2026-03-09
204450,2026-04-02
204450,2026-04-05
204452,2026-04-20
204453,2026-03-07
204453,2026-03-09
204454,2026-03-10
204454,2026-03-12
204455,2026-04-16
204455,2026-04-16
204456,2026-04-07
204457,2026-04-21
204457,2026-04-23
204458,2026-04-06
204458,2026-04-06
204460,2026-04-04
204460,2026-04-05
204460,2026-04-07
204461,2026-03-28
204461,2026-03-30
204461,2026-03-30
204464,2026-04-24
204466,2026-04-17
204466,2026-04-19
204466,2026-05-10
204467,2026-04-24
204467,2026-04-24
204467,2026-04-25
204469,2026-03-16
204469,2026-03-16
204470,2026-04-10
204470,2026-04-11
204471,2026-04-19
204472,2026-04-22
204472,2026-04-23
204473,2026-04-16
204473,2026-04-17
204475,2026-04-16
204475,2026-04-16
204475,2026-04-19
204477,2026-03-19
204479,2026-05-09
204480,2026-03-09
204480,2026-03-09
204481,2026-03-11
204482,2026-04-23
204485,2026-04-02
204485,2026-04-02
204489,2026-03-19
204489,2026-03-19
204489,2026-03-20
204491,2026-04-19
204494,2026-03-22
204496,2026-04-21
204497,2026-03-06
204497,2026-03-06
204498,2026-05-16
204499,2026-03-31
204499,2026-03-31
204499,2026-04-21
204501,2026-03-23
204504,2026-04-20
204505,2026-03-19
204505,2026-04-18
204506,2026-04-23
204507,2026-03-07
204509,2026-04-18
204509,2026-05-19
204510,2026-03-31
204510,2026-04-02
204510,2026-04-03
204511,2026-03-08
204511,2026-03-08
204511,2026-03-10
204512,2026-04-17
204512,2026-04-17
204513,2026-03-16
204514,2026-04-17
204515,2026-04-15
204516,2026-04-09
204518,2026-04-04
204520,2026-04-02
204520,2026-04-03
204520,2026-04-04
204521,2026-04-06
204523,2026-04-19
204523,2026-04-22
204523,2026-04-23
204524,2026-04-17
204524,2026-04-21
204524,2026-04-21
204525,2026-03-26
204525,2026-03-26
204526,2026-04-15
204527,2026-04-10
204529,2026-03-27
204531,2026-03-07
204531,2026-03-07
204531,2026-03-08
204532,2026-04-02
204534,2026-03-09
204534,2026-03-09
204534,2026-03-10
204537,2026-04-03
204537,2026-04-04
204538,2026-03-05
204538,2026-03-07
204539,2026-03-20
204539,2026-03-20
204539,2026-03-21
204541,2026-04-02
204541,2026-04-03
204542,2026-04-04
204542,2026-04-06
204542,2026-04-07
204543,2026-04-24
204544,2026-04-18
204544,2026-05-12
204545,2026-03-18
204545,2026-03-21
204545,2026-03-22
204547,2026-04-14
204547,2026-04-15
204547,2026-04-15
204548,2026-03-30
204548,2026-04-01
204548,2026-04-02
204550,2026-04-18
204550,2026-04-19
204551,2026-03-30
204552,2026-04-09
204553,2026-03-10
204554,2026-04-08
204555,2026-03-05
204557,2026-03-10
204557,2026-03-12
204559,2026-04-24
204560,2026-04-14
204562,2026-04-04
204562,2026-04-07
204562,2026-04-30
204564,2026-03-06
204564,2026-03-08
204564,2026-03-09
204569,2026-04-07
204570,2026-04-28
204571,2026-03-29
204571,2026-03-29
204572,2026-04-20
204575,2026-03-10
204575,2026-03-12
204576,2026-04-09
204577,2026-03-29
204580,2026-03-06
204580,2026-03-06
204581,2026-03-20
204581,2026-03-22
204581,2026-03-23
204584,2026-04-21
204584,2026-04-21
204584,2026-04-22
204585,2026-03-24
204585,2026-04-25
204586,2026-04-01
204586,2026-04-03
204587,2026-03-10
204587,2026-03-10
204588,2026-04-06
204589,2026-04-12
204590,2026-04-23
204590,2026-04-24
204590,2026-04-25
204591,2026-04-12
204591,2026-04-15
204591,2026-04-15
204592,2026-05-22
204593,2026-03-24
204593,2026-03-29
204593,2026-04-17
204595,2026-03-26
204597,2026-04-24
204597,2026-04-27
204598,2026-03-31
204598,2026-04-03
204599,2026-03-28
204603,2026-04-27
204604,2026-03-14
204604,2026-03-15
204605,2026-04-08
204605,2026-04-10
204606,2026-04-06
204606,2026-04-06
204606,2026-04-07
204608,2026-03-04
204610,2026-03-21
204610,2026-03-22
204614,2026-04-26
204614,2026-04-27
204614,2026-04-30
204615,2026-05-02
204616,2026-03-04
204616,2026-03-10
204616,2026-04-05
204618,2026-03-26
204618,2026-03-28
204618,2026-03-29
204619,2026-04-05
204619,2026-04-06
204620,2026-03-16
204620,2026-03-18
204622,2026-03-29
204624,2026-04-26
204624,2026-04-28
204624,2026-04-28
204625,2026-04-04
204625,2026-04-29
204626,2026-03-06
204626,2026-03-09
204627,2026-04-21
204627,2026-04-23
204629,2026-04-14
204630,2026-03-02
204630,2026-03-04
204632,2026-05-04
204633,2026-03-03
204633,2026-03-04
204638,2026-04-20
204638,2026-04-23
204638,2026-05-11
204639,2026-03-29
204641,2026-04-27
204641,2026-04-27
204642,2026-04-22
204642,2026-05-14
204643,2026-03-31
204646,2026-03-25
204648,2026-03-25
204648,2026-03-26
204649,2026-04-24
204649,2026-04-24
204649,2026-04-25
204656,2026-04-13
204656,2026-04-13
204658,2026-04-17
204658,2026-04-18
204660,2026-03-09
204662,2026-03-04
204662,2026-03-05
204662,2026-03-07
204663,2026-04-15
204663,2026-04-15
204664,2026-03-11
204664,2026-03-12
204664,2026-03-15
204665,2026-03-17
204665,2026-03-17
204667,2026-05-25
204669,2026-04-03
204669,2026-04-22
204670,2026-04-20
204671,2026-04-22
204673,2026-04-23
204673,2026-04-24
204675,2026-04-04
204675,2026-04-05
204675,2026-04-08
204676,2026-03-30
204676,2026-04-02
204676,2026-04-03
204677,2026-04-07
204678,2026-03-29
204678,2026-03-31
204678,2026-03-31
204680,2026-03-26
204682,2026-04-18
204682,2026-04-21
204684,2026-03-18
204684,2026-03-18
204685,2026-04-05
204685,2026-04-05
204686,2026-03-16
204687,2026-03-05
204688,2026-04-28
204688,2026-04-28
204690,2026-04-10
204692,2026-03-29
204692,2026-03-30
204694,2026-04-17
204700,2026-04-24
204700,2026-04-27
204701,2026-03-24
204702,2026-03-14
204703,2026-04-29
204703,2026-04-29
204704,2026-03-26
204704,2026-03-27
204705,2026-04-15
204707,2026-04-06
204707,2026-04-08
204708,2026-04-16
204708,2026-04-20
204713,2026-04-10
204713,2026-04-11
204716,2026-04-28
204716,2026-04-29
204716,2026-05-23
204717,2026-04-20
204719,2026-03-29
204719,2026-03-29
204719,2026-04-01
204720,2026-03-19
204720,2026-03-22
204720,2026-03-23
204722,2026-05-05
204723,2026-03-26
204724,2026-04-21
204726,2026-04-14
204726,2026-04-18
204727,2026-05-19
204728,2026-04-14
204730,2026-03-12
204730,2026-03-12
204731,2026-05-22
204732,2026-04-19
204732,2026-04-21
204733,2026-03-05
204733,2026-03-07
204734,2026-03-18
204734,2026-03-19
204736,2026-03-06
204736,2026-03-08
204737,2026-04-14
204738,2026-04-22
204738,2026-04-24
204738,2026-04-25
204740,2026-04-06
204740,2026-04-07
204740,2026-04-08
204741,2026-04-19
204741,2026-04-20
204741,2026-04-21
204742,2026-04-20
204742,2026-04-21
204743,2026-04-18
204743,2026-04-20
204744,2026-05-20
204746,2026-03-15
204747,2026-04-16
204747,2026-04-19
204748,2026-04-27
204752,2026-03-18
204753,2026-04-08
204754,2026-04-15
204754,2026-04-16
204755,2026-04-29
204761,2026-04-10
204764,2026-04-01
204766,2026-04-14
204766,2026-04-17
204767,2026-03-19
204767,2026-03-20
204767,2026-03-22
204768,2026-04-26
204769,2026-03-15
204769,2026-03-16
204770,2026-03-17
204770,2026-03-17
204770,2026-03-18
204771,2026-04-09
204773,2026-04-26
204773,2026-04-27
204773,2026-04-30
204774,2026-03-06
204774,2026-03-10
204775,2026-03-27
204776,2026-04-24
204776,2026-04-28
204777,2026-03-14
204779,2026-04-04
204779,2026-04-07
204779,2026-05-02
204780,2026-04-22
204780,2026-04-23
204780,2026-04-25
204781,2026-04-23
204781,2026-04-25
204781,2026-04-26
204782,2026-04-10
204784,2026-03-30
204784,2026-05-01
204785,2026-03-17
204785,2026-03-20
204785,2026-03-20
204786,2026-03-31
204786,2026-04-01
204786,2026-04-02
204787,2026-04-01
204788,2026-04-10
204788,2026-04-12
204789,2026-04-26
204790,2026-05-24
204791,2026-03-05
204791,2026-03-06
204793,2026-03-29
204793,2026-04-01
204795,2026-04-23
204795,2026-05-09
204797,2026-03-13
204797,2026-03-14
204797,2026-03-15
204798,2026-04-05
204798,2026-04-07
204798,2026-04-09
204800,2026-03-17
204801,2026-04-08
204801,2026-04-10
204801,2026-04-12
204802,2026-03-02
204802,2026-03-03
204802,2026-03-06
204803,2026-04-24
204804,2026-03-19
204804,2026-03-19
204804,2026-03-21
204805,2026-04-10
204805,2026-04-12
204806,2026-05-16
204807,2026-04-25
204807,2026-04-27
204807,2026-04-28
204809,2026-05-16
204811,2026-04-02
204811,2026-04-04
204811,2026-04-04
204812,2026-05-10
204814,2026-03-23
204814,2026-03-23
204815,2026-05-25
204816,2026-03-24
204818,2026-04-30
204818,2026-04-30
204820,2026-04-21
204821,2026-03-20
204821,2026-03-21
204821,2026-03-22
204822,2026-03-15
204823,2026-03-19
204823,2026-04-16
204825,2026-03-12
204825,2026-03-12
204826,2026-03-07
204827,2026-03-20
204827,2026-03-21
204829,2026-04-22
204832,2026-04-26
204833,2026-03-21
204833,2026-03-22
204833,2026-03-23
204835,2026-03-26
204835,2026-03-29
204837,2026-04-06
204837,2026-04-06
204837,2026-04-08
204838,2026-04-03
204838,2026-04-06
204839,2026-03-04
204839,2026-03-08
204840,2026-04-26
204841,2026-04-13
204841,2026-04-13
204842,2026-04-13
204844,2026-03-23
204844,2026-03-25
204848,2026-04-08
204848,2026-04-09
204848,2026-04-12
204850,2026-03-09
204850,2026-03-10
204850,2026-03-11
204851,2026-04-06
204851,2026-04-08
204852,2026-04-08
204853,2026-04-28
204853,2026-04-29
204854,2026-04-20
204854,2026-04-20
204856,2026-03-21
204860,2026-04-20
204862,2026-04-25
204862,2026-04-28
204865,2026-03-07
204865,2026-03-09
204866,2026-03-21
204867,2026-03-22
204869,2026-05-19
204874,2026-04-11
204874,2026-04-13
204874,2026-04-13
204875,2026-04-25
204875,2026-04-26
204875,2026-04-28
204877,2026-04-29
204877,2026-05-21
204879,2026-04-15
204879,2026-04-16
204879,2026-04-16
204880,2026-03-16
204880,2026-03-18
204880,2026-03-20
204881,2026-03-21
204882,2026-03-06
204882,2026-03-06
204883,2026-04-21
204883,2026-04-22
204883,2026-04-23
204884,2026-03-19
204884,2026-03-20
204884,2026-03-21
204885,2026-04-06
204885,2026-04-06
204885,2026-04-07
204886,2026-03-30
204888,2026-03-19
204888,2026-03-20
204888,2026-03-23
204889,2026-03-15
204889,2026-03-16
204889,2026-03-19
204890,2026-05-19
204891,2026-04-26
204891,2026-04-27
204891,2026-05-26
204893,2026-03-28
204894,2026-03-02
204896,2026-03-25
204897,2026-04-01
204897,2026-04-03
204899,2026-03-19
204900,2026-04-23
204901,2026-03-04
204901,2026-03-05
204901,2026-03-06
204902,2026-03-19
204903,2026-04-03
204904,2026-04-11
204904,2026-04-11
204904,2026-04-11
204905,2026-03-22
204905,2026-04-14
204906,2026-04-18
204906,2026-04-24
204906,2026-05-13
204907,2026-03-05
204907,2026-03-06
204909,2026-04-15
204909,2026-04-16
204911,2026-03-07
204912,2026-03-21
204913,2026-04-13
204913,2026-04-30
204917,2026-03-05
204918,2026-03-18
204918,2026-03-20
204919,2026-03-02
204919,2026-03-06
204920,2026-03-27
204921,2026-03-08
204921,2026-04-05
204922,2026-03-18
204923,2026-04-05
204925,2026-04-06
204925,2026-04-10
204930,2026-04-02
204930,2026-04-02
204930,2026-04-02
204931,2026-04-12
204931,2026-04-13
204931,2026-04-15
204932,2026-03-29
204932,2026-03-29
204932,2026-03-29
204936,2026-03-09
204937,2026-04-15
204937,2026-04-15
204937,2026-04-17
204938,2026-03-25
204940,2026-04-25
204940,2026-04-25
204940,2026-04-28
204941,2026-03-20
204941,2026-03-21
204942,2026-03-13
204942,2026-03-15
204943,2026-04-15
204945,2026-03-03
204945,2026-03-06
204946,2026-04-05
204947,2026-04-08
204947,2026-04-09
204947,2026-04-12
204949,2026-03-22
204949,2026-03-24
204950,2026-03-14
204950,2026-03-16
204951,2026-03-22
204953,2026-04-25
204954,2026-03-13
204954,2026-03-14
204955,2026-03-30
204955,2026-04-25
204958,2026-04-01
204958,2026-04-03
204958,2026-04-30
204960,2026-04-10
204960,2026-04-11
204960,2026-04-11
204962,2026-03-17
204963,2026-03-23
204963,2026-03-23
204963,2026-03-25
204964,2026-04-04
204964,2026-04-05
204964,2026-04-08
204965,2026-04-19
204965,2026-04-21
204967,2026-04-12
204967,2026-04-13
204968,2026-03-03
204968,2026-03-04
204968,2026-04-01
204972,2026-04-20
204972,2026-04-24
204974,2026-04-03
204974,2026-04-08
204974,2026-05-06
204975,2026-04-26
204980,2026-04-08
204980,2026-05-01
204981,2026-04-01
204983,2026-03-31
204985,2026-04-22
204985,2026-04-23
204985,2026-04-24
204986,2026-03-02
204988,2026-04-19
204989,2026-04-17
204989,2026-04-20
204991,2026-03-16
204991,2026-03-18
204991,2026-03-20
204992,2026-03-31
204992,2026-04-22
204993,2026-04-24
204994,2026-03-27
204994,2026-04-26
204997,2026-04-13
204997,2026-04-15
204999,2026-03-23
204999,2026-03-24
205002,2026-05-21
205005,2026-03-14
205006,2026-03-06
205006,2026-03-07
205006,2026-03-08
205009,2026-03-04
205009,2026-03-04
205010,2026-04-07
205010,2026-04-09
205010,2026-04-09
205011,2026-03-27
205013,2026-04-25
205013,2026-04-27
205014,2026-04-02
205014,2026-04-03
205014,2026-04-04
205016,2026-03-21
205017,2026-03-28
205017,2026-03-28
205019,2026-03-06
205020,2026-03-19
205020,2026-03-19
205021,2026-04-21
205021,2026-04-21
205021,2026-04-23
205022,2026-05-01
205023,2026-04-30
205026,2026-04-05
205028,2026-03-19
205028,2026-03-20
205029,2026-04-08
205029,2026-04-10
205030,2026-04-06
205031,2026-03-07
205032,2026-03-07
205032,2026-03-07
205033,2026-03-18
205033,2026-03-19
205034,2026-04-18
205034,2026-04-18
205034,2026-04-18
205035,2026-04-02
205035,2026-05-01
205036,2026-03-21
205039,2026-03-02
205039,2026-03-05
205041,2026-03-23
205041,2026-03-26
205041,2026-03-27
205042,2026-03-14
205042,2026-03-15
205042,2026-03-15
205043,2026-03-18
205044,2026-03-31
205044,2026-04-04
205045,2026-04-01
205045,2026-04-01
205048,2026-03-31
205048,2026-04-05
205048,2026-05-03
205051,2026-04-06
205051,2026-04-07
205052,2026-04-08
205052,2026-04-08
205052,2026-04-10
205053,2026-04-20
205054,2026-03-06
205054,2026-03-06
205055,2026-03-29
205055,2026-04-01
205055,2026-04-02
205056,2026-04-09
205059,2026-03-15
205059,2026-03-15
205061,2026-04-08
205061,2026-04-08
205064,2026-04-29
205064,2026-04-29
205064,2026-04-30
205066,2026-04-22
205067,2026-03-17
205068,2026-03-19
205069,2026-04-02
205069,2026-04-04
205070,2026-03-28
205073,2026-04-28
205074,2026-03-31
205075,2026-04-08
205075,2026-04-08
205075,2026-04-10
205076,2026-04-02
205076,2026-05-06
205077,2026-04-12
205077,2026-04-14
205077,2026-04-15
205081,2026-03-23
205081,2026-03-24
205081,2026-03-27
205082,2026-03-24
205082,2026-03-24
205082,2026-03-25
205083,2026-04-05
205083,2026-04-06
205084,2026-03-24
205085,2026-03-20
205085,2026-03-22
205085,2026-03-22
205088,2026-04-06
205088,2026-04-07
205089,2026-03-07
205089,2026-03-08
205093,2026-03-25
205093,2026-03-26
205093,2026-03-27
205094,2026-03-03
205095,2026-04-09
205095,2026-04-09
205096,2026-04-27
205098,2026-04-10
205098,2026-04-13
205098,2026-04-13
205100,2026-03-16
205101,2026-03-24
205102,2026-03-14
205102,2026-04-06
205103,2026-04-28
205104,2026-04-18
205107,2026-04-23
205108,2026-05-08
205109,2026-03-25
205109,2026-03-25
205109,2026-03-25
205112,2026-03-22
205113,2026-04-03
205113,2026-04-04
205113,2026-04-05
205114,2026-04-26
205114,2026-05-19
205115,2026-03-30
205115,2026-04-02
205115,2026-04-02
205116,2026-04-06
205116,2026-04-09
205116,2026-04-09
205117,2026-04-18
205117,2026-04-21
205117,2026-04-21
205118,2026-04-16
205119,2026-03-15
205120,2026-03-22
205121,2026-03-22
205121,2026-03-26
205123,2026-04-19
205123,2026-04-22
205126,2026-03-11
205126,2026-03-13
205128,2026-04-24
205128,2026-04-25
205128,2026-04-28
205129,2026-03-05
205130,2026-03-15
205132,2026-05-03
205133,2026-04-21
205133,2026-04-22
205133,2026-04-25
205135,2026-04-17
205139,2026-04-10
205140,2026-04-22
205140,2026-04-22
205142,2026-04-05
205142,2026-04-05
205144,2026-03-13
205144,2026-03-13
205146,2026-03-10
205147,2026-03-21
205147,2026-03-23
205149,2026-03-27
205149,2026-03-28
205150,2026-04-09
205150,2026-04-09
205151,2026-04-12
205151,2026-04-13
205153,2026-03-23
205153,2026-03-26
205154,2026-03-07
205154,2026-03-09
205155,2026-04-16
205158,2026-04-01
205160,2026-03-08
205160,2026-03-15
205160,2026-04-04
205161,2026-03-23
205161,2026-03-24
205161,2026-03-25
205164,2026-03-06
205164,2026-03-09
205164,2026-04-03
205165,2026-04-18
205165,2026-04-21
205166,2026-03-19
205170,2026-04-07
205170,2026-04-09
205170,2026-04-10
205172,2026-03-17
205174,2026-04-05
205174,2026-04-06
205174,2026-04-07
205176,2026-03-09
205176,2026-04-03
205177,2026-04-18
205177,2026-04-21
205178,2026-03-09
205178,2026-03-11
205178,2026-03-12
205180,2026-04-22
205182,2026-04-07
205182,2026-04-07
205183,2026-03-30
205184,2026-03-19
205184,2026-03-21
205185,2026-04-01
205185,2026-04-01
205187,2026-04-14
205187,2026-04-17
205188,2026-03-10
205190,2026-04-28
205192,2026-03-03
205193,2026-04-05
205194,2026-03-29
205197,2026-04-10
205199,2026-03-25
205200,2026-03-22
205200,2026-03-25
205201,2026-04-02
205201,2026-04-03
205202,2026-04-18
205202,2026-04-19
205202,2026-04-20
205203,2026-04-08
205203,2026-04-09
205205,2026-04-04
205209,2026-04-14
205211,2026-03-24
205212,2026-04-04
205213,2026-04-13
205213,2026-04-13
205213,2026-04-14
205215,2026-04-20
205215,2026-04-21
205217,2026-05-01
205219,2026-04-18
205219,2026-04-18
205221,2026-04-28
205221,2026-04-29
205221,2026-04-29
205223,2026-03-10
205223,2026-03-11
205223,2026-03-13
205225,2026-03-07
205225,2026-03-11
205225,2026-04-02
205226,2026-04-22
205226,2026-04-23
205226,2026-04-24
205228,2026-04-14
205228,2026-04-15
205229,2026-04-16
205229,2026-04-18
205230,2026-03-08
205232,2026-03-17
205232,2026-03-17
205232,2026-03-19
205233,2026-04-09
205233,2026-04-12
205234,2026-03-08
205234,2026-03-09
205235,2026-05-09
205236,2026-03-04
205236,2026-03-04
205236,2026-03-05
205238,2026-04-12
205238,2026-04-13
205238,2026-04-14
205240,2026-04-05
205241,2026-03-19
205241,2026-03-20
205242,2026-03-24
205244,2026-03-08
205244,2026-03-12
205245,2026-04-08
205246,2026-03-26
205246,2026-03-26
205248,2026-03-13
205248,2026-03-13
205248,2026-03-13
205250,2026-04-03
205252,2026-03-29
205252,2026-03-29
205255,2026-03-12
205255,2026-03-12
205255,2026-03-14
205256,2026-03-11
205256,2026-03-11
205256,2026-03-11
205257,2026-04-18
205258,2026-03-26
205258,2026-03-26
205258,2026-03-27
205259,2026-04-16
205262,2026-03-06
205262,2026-03-06
205262,2026-03-06
205263,2026-04-12
205264,2026-03-21
205264,2026-03-24
205264,2026-03-25
205265,2026-03-10
205265,2026-03-12
205266,2026-04-02
205267,2026-04-13
205267,2026-04-15
205269,2026-04-09
205270,2026-03-29
205271,2026-04-19
205272,2026-03-07
205273,2026-04-23
205273,2026-04-25
205274,2026-03-28
205274,2026-03-28
205274,2026-03-30
205275,2026-03-21
205276,2026-03-14
205276,2026-03-15
205278,2026-03-15
205278,2026-03-15
205280,2026-03-03
205280,2026-03-03
205285,2026-04-20
205285,2026-04-24
205286,2026-03-14
205286,2026-03-15
205286,2026-03-15
205287,2026-04-08
205287,2026-04-08
205287,2026-04-09
205288,2026-04-13
205288,2026-04-16
205288,2026-04-16
205289,2026-04-02
205289,2026-04-06
205291,2026-03-27
205291,2026-03-31
205291,2026-03-31
205293,2026-04-15
205294,2026-03-29
205296,2026-04-26
205297,2026-03-24
205298,2026-04-14
205298,2026-04-15
205300,2026-03-17
205301,2026-03-22
205301,2026-04-15
205303,2026-04-10
205304,2026-03-05
205304,2026-03-07
205305,2026-03-18
205305,2026-03-19
205305,2026-03-22
205306,2026-03-07
205306,2026-03-09
205306,2026-03-11
205309,2026-04-25
205310,2026-04-01
205310,2026-04-05
205313,2026-04-14
205314,2026-04-13
205314,2026-04-19
205314,2026-05-10
205315,2026-04-09
205315,2026-04-11
205319,2026-04-03
205319,2026-04-04
205319,2026-04-06
205322,2026-03-31
205322,2026-04-01
205325,2026-04-03
205325,2026-04-03
205326,2026-03-28
205326,2026-03-29
205326,2026-03-31
205328,2026-04-23
205328,2026-04-25
205328,2026-05-23
205331,2026-04-03
205331,2026-04-07
205332,2026-04-16
205332,2026-04-19
205333,2026-03-22
205335,2026-04-13
205335,2026-05-03
205336,2026-04-07
205336,2026-04-08
205337,2026-03-27
205337,2026-03-27
205338,2026-04-08
205338,2026-04-10
205338,2026-04-11
205339,2026-03-17
205339,2026-03-18
205339,2026-03-20
205341,2026-04-16
205341,2026-04-18
205341,2026-04-18
205345,2026-03-26
205345,2026-03-28
205345,2026-03-30
205347,2026-04-05
205351,2026-03-31
205353,2026-04-26
205353,2026-04-27
205353,2026-04-27
205357,2026-04-09
205358,2026-03-31
205358,2026-04-01
205359,2026-03-13
205359,2026-03-15
205361,2026-03-27
205364,2026-04-17
205364,2026-04-18
205364,2026-05-13
205365,2026-04-25
205365,2026-04-26
205365,2026-04-28
205366,2026-04-12
205366,2026-04-13
205366,2026-04-13
205367,2026-04-16
205367,2026-04-17
205368,2026-03-12
205368,2026-03-18
205368,2026-04-11
205371,2026-04-30
205372,2026-03-13
205373,2026-04-07
205373,2026-04-07
205374,2026-04-05
205374,2026-04-06
205374,2026-04-07
205375,2026-04-06
205375,2026-04-07
205376,2026-05-17
205377,2026-04-12
205379,2026-04-05
205379,2026-04-09
205380,2026-04-02
205380,2026-04-03
205380,2026-04-03
205381,2026-03-26
205381,2026-03-28
205381,2026-03-29
205383,2026-03-10
205383,2026-03-12
205385,2026-03-31
205385,2026-04-01
205386,2026-04-03
205386,2026-04-04
205387,2026-04-10
205388,2026-03-18
205388,2026-03-22
205388,2026-04-18
205389,2026-03-26
205389,2026-03-27
205389,2026-03-27
205391,2026-03-04
205394,2026-03-04
205395,2026-05-04
205396,2026-04-04
205397,2026-03-19
205397,2026-03-22
205402,2026-03-17
205403,2026-03-31
205404,2026-03-25
205404,2026-04-26
205405,2026-03-06
205405,2026-03-07
205405,2026-03-08
205406,2026-03-21
205406,2026-03-21
205407,2026-04-02
205408,2026-03-17
205409,2026-03-25
205409,2026-03-26
205409,2026-03-26
205410,2026-04-12
205410,2026-04-12
205411,2026-04-18
205411,2026-04-19
205412,2026-03-31
205412,2026-04-01
205414,2026-03-11
205414,2026-03-12
205414,2026-03-14
205415,2026-03-15
205415,2026-03-16
205415,2026-03-18
205416,2026-04-22
205416,2026-04-26
205416,2026-05-15
205419,2026-03-09
205419,2026-04-05
205420,2026-03-12
205420,2026-03-13
205421,2026-03-24
205421,2026-03-25
205422,2026-03-03
205424,2026-04-11
205425,2026-04-06
205426,2026-04-17
205428,2026-04-07
205430,2026-03-22
205430,2026-03-22
205430,2026-03-24
205432,2026-04-04
205432,2026-04-07
205432,2026-04-08
205433,2026-03-13
205433,2026-04-01
205435,2026-04-18
205437,2026-04-28
205438,2026-03-09
205438,2026-03-09
205438,2026-03-10
205440,2026-03-31
205441,2026-03-27
205441,2026-03-27
205442,2026-04-17
205442,2026-04-20
205442,2026-05-16
205444,2026-04-10
205444,2026-04-11
205444,2026-04-12
205445,2026-04-18
205445,2026-04-18
205448,2026-04-03
205449,2026-04-19
205449,2026-04-20
205449,2026-04-22
205450,2026-04-19
205451,2026-04-18
205451,2026-04-18
205451,2026-04-19
205452,2026-03-22
205453,2026-03-15
205454,2026-04-11
205455,2026-03-30
205455,2026-04-01
205456,2026-04-01
205457,2026-05-05
205458,2026-04-15
205458,2026-04-15
205458,2026-04-18
205460,2026-03-03
205462,2026-03-31
205463,2026-03-02
205463,2026-03-03
205466,2026-04-18
205466,2026-04-22
205466,2026-04-22
205467,2026-03-13
205467,2026-03-15
205467,2026-03-17
205469,2026-03-25
205472,2026-03-15
205472,2026-03-21
205472,2026-04-14
205473,2026-04-15
205474,2026-03-20
205474,2026-03-21
205474,2026-03-23
205475,2026-04-02
205476,2026-04-14
205477,2026-05-04
205479,2026-03-24
205479,2026-03-24
205481,2026-03-31
205481,2026-04-02
205481,2026-04-02
205482,2026-03-24
205482,2026-03-25
205483,2026-03-05
205483,2026-04-07
205484,2026-04-13
205484,2026-04-16
205485,2026-03-17
205485,2026-03-18
205486,2026-03-30
205486,2026-04-01
205487,2026-04-02
205489,2026-04-13
205489,2026-04-15
205489,2026-04-16
205490,2026-04-23
205491,2026-03-24
205491,2026-03-27
205492,2026-03-29
205493,2026-03-12
205493,2026-03-14
205493,2026-03-16
205494,2026-03-06
205495,2026-05-19
205498,2026-03-05
205498,2026-03-06
205498,2026-03-07
205501,2026-04-07
205501,2026-04-11
205501,2026-04-11
205502,2026-03-27
205502,2026-03-28
205502,2026-03-29
205503,2026-03-29
205503,2026-04-01
205503,2026-04-02
205505,2026-04-27
205508,2026-04-24
205508,2026-04-28
205509,2026-04-22
205509,2026-04-22
205509,2026-04-24
205510,2026-04-03
205510,2026-04-06
205511,2026-03-08
205511,2026-03-12
205513,2026-05-24
205514,2026-05-23
205516,2026-04-10
205516,2026-04-10
205516,2026-04-11
205517,2026-03-14
205517,2026-03-14
205517,2026-03-14
205518,2026-04-21
205518,2026-04-23
205520,2026-03-11
205521,2026-04-28
205524,2026-04-21
205524,2026-04-25
205524,2026-04-25
205525,2026-03-04
205525,2026-03-07
205526,2026-04-09
205527,2026-03-25
205527,2026-03-25
205527,2026-04-19
205531,2026-04-18
205531,2026-04-19
205531,2026-04-19
205533,2026-04-08
205533,2026-04-09
205534,2026-03-20
205534,2026-03-24
205535,2026-03-17
205535,2026-03-18
205535,2026-03-19
205538,2026-03-30
205538,2026-04-01
205538,2026-04-03
205539,2026-03-15
205539,2026-03-15
205540,2026-03-22
205541,2026-04-05
205543,2026-03-18
205543,2026-03-19
205543,2026-04-19
205544,2026-04-18
205545,2026-03-20
205545,2026-03-22
205548,2026-03-14
205549,2026-03-14
205549,2026-03-15
205549,2026-03-15
205552,2026-03-31
205553,2026-03-08
205554,2026-03-29
205555,2026-04-06
205555,2026-04-08
205555,2026-04-09
205556,2026-04-02
205558,2026-03-14
205560,2026-03-24
205560,2026-03-24
205560,2026-03-28
205561,2026-04-03
205561,2026-04-05
205561,2026-04-05
205564,2026-04-29
205566,2026-04-23
205566,2026-04-23
205566,2026-04-24
205567,2026-04-07
205567,2026-04-08
205567,2026-04-08
205568,2026-05-24
205571,2026-03-20
205571,2026-03-22
205572,2026-03-23
205574,2026-03-06
205574,2026-03-08
205574,2026-03-10
205575,2026-04-01
205575,2026-04-03
205576,2026-04-05
205576,2026-04-06
205576,2026-04-08
205580,2026-04-04
205581,2026-04-11
205581,2026-05-07
205582,2026-04-08
205582,2026-05-03
205584,2026-03-09
205584,2026-03-09
205584,2026-03-13
205585,2026-04-10
205585,2026-04-10
205585,2026-04-13
205586,2026-04-23
205586,2026-04-26
205588,2026-03-03
205588,2026-03-07
205592,2026-03-05
205592,2026-03-06
205592,2026-03-07
205595,2026-04-05
205597,2026-03-15
205597,2026-03-18
205598,2026-04-30
205601,2026-03-21
205601,2026-04-19
205605,2026-05-19
205606,2026-04-08
205607,2026-03-30
205608,2026-04-20
205609,2026-04-17
205610,2026-04-15
205610,2026-04-17
205611,2026-03-24
205611,2026-03-26
205611,2026-03-27
205612,2026-04-22
205612,2026-04-26
205613,2026-03-06
205613,2026-03-09
205614,2026-03-16
205615,2026-04-12
205615,2026-04-13
205615,2026-04-13
205617,2026-04-29
205617,2026-05-01
205617,2026-05-22
205620,2026-04-26
205621,2026-04-27
205622,2026-03-08
205622,2026-03-10
205622,2026-03-10
205629,2026-04-15
205629,2026-04-17
205630,2026-04-08
205630,2026-04-10
205630,2026-04-11
205631,2026-03-13
205631,2026-03-15
205632,2026-03-06
205632,2026-03-06
205632,2026-04-07
205636,2026-03-19
205636,2026-03-20
205636,2026-03-20
205637,2026-03-11
205637,2026-03-14
205637,2026-03-15
205638,2026-03-18
205638,2026-03-20
205638,2026-03-21
205639,2026-03-19
205639,2026-03-22
205640,2026-04-24
205640,2026-04-24
205642,2026-03-17
205642,2026-03-19
205644,2026-03-23
205644,2026-03-24
205644,2026-03-25
205646,2026-03-16
205647,2026-03-09
205648,2026-04-05
205648,2026-04-06
205648,2026-04-08
205649,2026-04-15
205649,2026-04-17
205649,2026-04-18
205650,2026-04-11
205651,2026-03-05
205651,2026-03-06
205651,2026-03-07
205652,2026-04-04
205653,2026-04-10
205653,2026-04-13
205654,2026-04-17
205654,2026-05-06
205656,2026-04-25
205657,2026-04-20
205657,2026-04-22
205657,2026-04-23
205661,2026-03-07
205662,2026-04-04
205662,2026-04-06
205662,2026-04-06
205663,2026-04-15
205663,2026-04-18
205664,2026-05-10
205667,2026-03-22
205667,2026-03-26
205667,2026-03-26
205668,2026-04-16
205668,2026-04-19
205669,2026-04-09
205669,2026-04-11
205669,2026-04-12
205671,2026-03-18
205672,2026-04-05
205672,2026-04-09
205675,2026-04-14
205676,2026-03-29
205676,2026-03-30
205676,2026-03-31
205677,2026-03-24
205677,2026-03-26
205677,2026-03-28
205679,2026-03-22
205679,2026-03-26
205680,2026-03-08
205680,2026-03-09
205680,2026-03-11
205681,2026-04-21
205681,2026-04-21
205681,2026-04-21
205684,2026-04-17
205684,2026-04-17
205686,2026-03-10
205686,2026-03-10
205686,2026-03-12
205688,2026-04-18
205688,2026-04-18
205688,2026-04-19
205689,2026-03-14
205689,2026-03-16
205690,2026-03-05
205693,2026-04-25
205694,2026-03-24
205695,2026-03-23
205695,2026-03-24
205695,2026-03-25
205697,2026-03-11
205697,2026-03-11
205697,2026-03-11
205699,2026-03-26
205700,2026-04-20
205700,2026-04-22
205700,2026-04-22
205701,2026-04-22
205703,2026-03-09
205706,2026-04-13
205706,2026-04-14
205707,2026-05-08
205708,2026-03-15
205708,2026-03-17
205708,2026-03-19
205710,2026-04-12
205711,2026-03-09
205711,2026-03-11
205711,2026-03-11
205712,2026-03-07
205712,2026-03-09
205713,2026-04-07
205714,2026-03-18
205716,2026-03-30
205717,2026-03-17
205717,2026-03-21
205718,2026-04-09
205718,2026-04-13
205719,2026-05-02
205720,2026-04-18
205722,2026-04-05
205722,2026-04-05
205724,2026-04-19
205724,2026-04-23
205724,2026-05-17
205725,2026-04-07
205727,2026-04-03
205728,2026-03-08
205728,2026-03-09
205730,2026-03-22
205730,2026-03-26
205731,2026-03-31
205731,2026-03-31
205733,2026-03-20
205734,2026-03-15
205735,2026-03-29
205737,2026-04-18
205738,2026-03-23
205738,2026-03-23
205739,2026-04-10
205740,2026-04-18
205740,2026-04-20
205740,2026-04-20
205741,2026-03-13
205741,2026-03-14
205741,2026-03-17
205742,2026-03-06
205744,2026-03-21
205744,2026-03-24
205745,2026-04-02
205746,2026-03-14
205746,2026-03-17
205747,2026-04-19
205747,2026-04-23
205747,2026-05-14
205748,2026-04-04
205748,2026-04-06
205748,2026-04-07
205750,2026-03-20
205752,2026-03-19
205752,2026-03-21
205753,2026-04-12
205753,2026-04-14
205753,2026-04-15
205757,2026-03-30
205758,2026-03-18
205758,2026-03-19
205759,2026-03-05
205759,2026-03-07
205760,2026-03-27
205760,2026-03-30
205761,2026-04-10
205762,2026-04-12
205762,2026-04-13
205764,2026-03-30
205766,2026-03-18
205766,2026-03-21
205766,2026-03-21
205767,2026-04-04
205769,2026-04-13
205769,2026-04-14
205769,2026-04-15
205770,2026-04-12
205770,2026-04-12
205770,2026-04-12
205772,2026-04-04
205772,2026-04-04
205772,2026-04-05
205773,2026-04-13
205775,2026-04-08
205777,2026-04-27
205778,2026-04-12
205779,2026-05-11
205780,2026-03-06
205780,2026-04-04
205781,2026-05-14
205782,2026-04-14
205782,2026-04-16
205782,2026-04-17
205783,2026-04-05
205784,2026-04-26
205784,2026-04-28
205785,2026-04-18
205786,2026-04-15
205786,2026-04-16
205786,2026-04-18
205787,2026-03-30
205787,2026-04-02
205789,2026-03-29
205790,2026-04-17
205790,2026-04-19
205791,2026-04-07
205791,2026-04-09
205791,2026-04-09
205793,2026-05-01
205793,2026-05-02
205793,2026-05-28
205795,2026-03-16
205795,2026-03-18
205797,2026-04-23
205797,2026-04-24
205798,2026-03-22
205798,2026-03-29
205798,2026-04-16
205800,2026-04-07
205804,2026-03-07
205804,2026-03-07
205805,2026-04-02
205805,2026-04-20
205806,2026-04-26
205807,2026-04-22
205809,2026-03-16
205809,2026-03-17
205810,2026-03-09
205810,2026-03-10
205810,2026-03-10
205811,2026-04-24
205812,2026-03-16
205812,2026-03-16
205812,2026-03-19
205814,2026-03-25
205814,2026-03-27
205814,2026-03-29
205815,2026-03-05
205815,2026-03-07
205815,2026-03-08
205816,2026-03-07
205816,2026-03-10
205817,2026-04-28
205818,2026-04-10
205818,2026-04-11
205818,2026-04-14
205819,2026-04-19
205819,2026-05-19
205820,2026-04-04
205820,2026-04-07
205820,2026-04-08
205823,2026-05-23
205824,2026-04-13
205825,2026-05-23
205826,2026-03-05
205827,2026-03-16
205827,2026-03-16
205827,2026-03-18
205828,2026-04-08
205828,2026-04-10
205828,2026-05-10
205829,2026-04-04
205829,2026-04-04
205830,2026-04-24
205831,2026-03-28
205831,2026-03-29
205832,2026-04-26
205832,2026-05-03
205832,2026-05-23
205833,2026-04-03
205833,2026-04-05
205835,2026-03-29
205835,2026-04-01
205836,2026-04-02
205837,2026-04-21
205837,2026-04-21
205837,2026-04-24
205838,2026-04-14
205842,2026-04-22
205843,2026-03-28
205844,2026-03-24
205846,2026-04-29
205848,2026-03-23
205848,2026-03-24
205848,2026-03-26
205849,2026-03-02
205849,2026-03-08
205849,2026-03-28
205850,2026-04-09
205850,2026-04-09
205853,2026-03-15
205853,2026-03-16
205853,2026-03-18
205854,2026-03-07
205854,2026-03-09
205854,2026-03-10
205856,2026-03-06
205856,2026-03-08
205856,2026-03-09
205857,2026-04-01
205857,2026-05-03
205858,2026-04-10
205858,2026-04-17
205858,2026-05-13
205859,2026-03-19
205859,2026-03-22
205859,2026-03-23
205860,2026-04-29
205861,2026-05-10
205863,2026-04-07
205863,2026-04-10
205864,2026-04-08
205866,2026-04-09
205868,2026-04-05
205868,2026-04-05
205868,2026-04-09
205870,2026-03-06
205870,2026-03-08
205871,2026-04-23
205871,2026-04-24
205873,2026-03-19
205873,2026-03-21
205875,2026-03-23
205880,2026-04-10
205880,2026-04-11
205880,2026-04-12
205881,2026-04-15
205881,2026-04-19
205882,2026-04-23
205882,2026-04-23
205882,2026-04-27
205883,2026-04-28
205883,2026-05-20
205884,2026-03-12
205884,2026-03-14
205884,2026-03-15
205885,2026-03-27
205885,2026-03-31
205886,2026-04-13
205887,2026-04-23
205887,2026-04-23
205887,2026-04-25
205888,2026-05-04
205889,2026-03-29
205889,2026-03-30
205890,2026-04-23
205895,2026-03-19
205895,2026-03-20
205895,2026-03-22
205896,2026-04-24
205896,2026-04-27
205896,2026-04-27
205897,2026-04-06
205897,2026-04-07
205898,2026-03-17
205898,2026-03-19
205898,2026-03-19
205899,2026-03-16
205899,2026-03-20
205900,2026-03-05
205900,2026-03-07
205900,2026-03-09
205901,2026-03-26
205902,2026-04-09
205904,2026-04-10
205904,2026-04-11
205904,2026-04-13
205905,2026-04-04
205907,2026-04-21
205910,2026-03-19
205911,2026-03-11
205911,2026-03-12
205912,2026-04-13
205912,2026-04-16
205912,2026-05-05
205915,2026-04-29
205918,2026-04-10
205919,2026-04-08
205919,2026-04-09
205920,2026-03-04
205920,2026-03-04
205920,2026-03-07
205921,2026-03-15
205921,2026-04-14
205922,2026-04-07
205922,2026-04-10
205922,2026-04-10
205923,2026-03-10
205923,2026-03-12
205923,2026-03-12
205925,2026-04-25
205925,2026-04-26
205926,2026-03-20
205926,2026-04-14
205928,2026-03-30
205928,2026-03-31
205928,2026-04-01
205929,2026-03-22
205929,2026-03-23
205929,2026-03-23
205930,2026-04-25
205931,2026-03-31
205931,2026-04-02
205931,2026-04-03
205932,2026-04-07
205933,2026-03-19
205934,2026-03-15
205934,2026-03-16
205934,2026-03-17
205935,2026-04-11
205935,2026-05-03
205939,2026-04-30
205940,2026-04-22
205940,2026-04-22
205941,2026-04-11
205941,2026-04-13
205943,2026-04-05
205944,2026-03-20
205944,2026-03-22
205945,2026-04-13
205946,2026-03-26
205946,2026-03-26
205946,2026-03-27
205947,2026-04-01
205951,2026-03-28
205951,2026-03-28
205951,2026-03-29
205952,2026-04-11
205952,2026-04-11
205953,2026-04-07
205953,2026-04-09
205954,2026-04-02
205955,2026-04-23
205955,2026-04-23
205955,2026-04-23
205956,2026-04-07
205957,2026-04-11
205959,2026-03-07
205959,2026-03-07
205959,2026-03-08
205960,2026-03-13
205960,2026-03-14
205963,2026-04-25
205963,2026-04-29
205963,2026-04-29
205964,2026-05-07
205966,2026-04-03
205966,2026-04-05
205966,2026-04-27
205968,2026-03-31
205969,2026-04-24
205969,2026-04-26
205969,2026-04-27
205970,2026-04-23
205970,2026-04-24
205971,2026-04-04
205972,2026-03-10
205972,2026-03-11
205974,2026-04-05
205975,2026-04-08
205975,2026-05-07
205976,2026-04-14
205976,2026-04-15
205980,2026-04-17
205981,2026-04-13
205981,2026-04-14
205981,2026-05-10
205983,2026-04-21
205983,2026-04-23
205984,2026-04-11
205985,2026-04-10
205987,2026-04-15
205987,2026-04-17
205988,2026-03-20
205991,2026-04-01
205992,2026-03-10
205992,2026-03-10
205992,2026-03-12
205993,2026-04-10
205993,2026-04-11
205994,2026-04-18
205996,2026-03-10
205996,2026-03-12
205996,2026-03-13
205997,2026-04-10
205998,2026-03-16
205999,2026-04-27
205999,2026-05-14
206000,2026-03-08
206000,2026-03-09
206001,2026-03-08
206001,2026-03-10
206001,2026-03-12
206004,2026-03-22
206004,2026-03-24
206008,2026-04-06
206010,2026-04-11
206012,2026-04-18
206012,2026-04-18
206012,2026-04-22
206013,2026-03-07
206013,2026-03-10
206015,2026-03-12
206015,2026-03-14
206015,2026-03-15
206016,2026-03-25
206016,2026-03-26
206017,2026-04-21
206017,2026-04-22
206018,2026-03-10
206018,2026-03-10
206018,2026-03-10
206019,2026-04-22
206019,2026-04-24
206019,2026-04-25
206020,2026-04-20
206021,2026-03-22
206023,2026-03-26
206023,2026-04-01
206023,2026-04-21
206026,2026-04-07
206026,2026-04-07
206026,2026-04-10
206027,2026-03-04
206029,2026-03-08
206030,2026-03-03
206030,2026-03-04
206032,2026-03-20
206033,2026-03-08
206033,2026-03-08
206033,2026-03-09
206034,2026-03-25
206034,2026-03-26
206034,2026-03-26
206035,2026-03-30
206035,2026-03-31
206036,2026-04-26
206036,2026-04-26
206037,2026-04-24
206037,2026-04-25
206037,2026-04-26
206038,2026-04-13
206039,2026-03-08
206039,2026-03-09
206040,2026-03-23
206040,2026-03-24
206041,2026-04-11
206041,2026-04-11
206041,2026-04-12
206043,2026-03-21
206043,2026-03-21
206043,2026-03-23
206045,2026-04-04
206048,2026-03-21
206048,2026-03-21
206049,2026-03-15
206049,2026-04-07
206050,2026-03-29
206050,2026-03-30
206050,2026-03-30
206051,2026-04-20
206056,2026-03-26
206058,2026-03-25
206058,2026-03-25
206058,2026-03-29
206059,2026-03-14
206061,2026-04-15
206062,2026-04-18
206062,2026-04-20
206062,2026-04-21
206064,2026-04-18
206066,2026-03-20
206066,2026-03-21
206066,2026-03-22
206068,2026-03-23
206068,2026-03-30
206068,2026-04-16
206070,2026-03-02
206070,2026-03-05
206071,2026-04-21
206071,2026-04-25
206074,2026-04-10
206074,2026-04-10
206074,2026-04-12
206075,2026-03-29
206076,2026-04-15
206076,2026-05-14
206077,2026-05-10
206078,2026-04-24
206081,2026-03-30
206081,2026-04-01
206081,2026-04-02
206082,2026-04-12
206086,2026-03-07
206087,2026-04-07
206087,2026-04-08
206090,2026-03-20
206092,2026-04-24
206092,2026-04-25
206093,2026-03-11
206097,2026-03-03
206097,2026-03-05
206097,2026-03-07
206099,2026-03-16
206100,2026-04-25
206103,2026-04-12
206104,2026-04-09
206106,2026-03-31
206108,2026-04-13
206108,2026-04-14
206108,2026-04-14
206110,2026-03-13
206111,2026-03-31
206111,2026-04-02
206111,2026-04-02
206112,2026-03-28
206113,2026-04-25
206114,2026-04-16
206114,2026-04-20
206115,2026-03-15
206115,2026-03-16
206117,2026-04-06
206117,2026-04-09
206118,2026-03-12
206118,2026-03-17
206118,2026-04-11
206121,2026-04-04
206122,2026-04-27
206123,2026-03-12
206123,2026-03-15
206128,2026-04-27
206128,2026-04-28
206130,2026-04-13
206130,2026-04-16
206131,2026-04-05
206131,2026-04-07
206131,2026-04-07
206133,2026-03-29
206133,2026-04-04
206133,2026-04-30
206136,2026-04-13
206136,2026-04-15
206136,2026-04-16
206137,2026-03-14
206137,2026-03-20
206137,2026-04-13
206138,2026-03-24
206138,2026-03-25
206138,2026-03-27
206139,2026-04-15
206139,2026-04-17
206139,2026-04-18
206141,2026-03-19
206141,2026-03-22
206142,2026-03-21
206143,2026-04-13
206143,2026-04-15
206143,2026-04-16
206144,2026-04-20
206146,2026-03-27
206146,2026-03-30
206147,2026-03-11
206147,2026-03-11
206147,2026-03-12
206148,2026-03-06
206148,2026-04-01
206149,2026-03-06
206150,2026-04-06
206150,2026-04-08
206150,2026-04-09
206151,2026-04-03
206152,2026-05-09
206156,2026-04-23
206157,2026-04-18
206157,2026-04-22
206158,2026-04-30
206159,2026-04-03
206160,2026-03-23
206160,2026-03-23
206160,2026-03-26
206161,2026-04-27
206161,2026-04-27
206164,2026-03-23
206167,2026-04-12
206169,2026-03-13
206169,2026-03-14
206172,2026-04-11
206173,2026-03-14
206175,2026-03-14
206182,2026-04-09
206182,2026-04-09
206183,2026-04-30
206185,2026-04-07
206185,2026-04-09
206185,2026-04-10
206186,2026-04-28
206188,2026-04-09
206189,2026-03-14
206190,2026-04-14
206190,2026-04-15
206193,2026-03-29
206195,2026-03-06
206197,2026-03-29
206197,2026-04-02
206198,2026-04-09
206199,2026-04-06
206199,2026-04-06
206199,2026-04-07
206200,2026-04-24
206200,2026-04-25
206202,2026-03-14
206202,2026-04-06
206203,2026-03-04
206203,2026-03-05
206203,2026-03-06
206206,2026-04-26
206208,2026-03-30
206208,2026-03-31
206209,2026-03-10
206209,2026-03-14
206211,2026-04-18
206211,2026-04-18
206211,2026-04-20
206212,2026-04-18
206212,2026-04-20
206212,2026-04-20
206213,2026-03-20
206213,2026-03-21
206215,2026-05-26
206217,2026-03-21
206217,2026-04-09
206218,2026-03-14
206219,2026-04-01
206219,2026-04-01
206219,2026-04-01
206220,2026-03-28
206220,2026-03-30
206221,2026-03-21
206221,2026-04-10
206223,2026-04-25
206223,2026-05-21
206224,2026-04-12
206224,2026-04-13
206224,2026-05-10
206225,2026-04-22
206229,2026-03-15
206229,2026-03-15
206229,2026-03-17
206231,2026-03-09
206231,2026-03-10
206232,2026-03-08
206232,2026-03-11
206233,2026-03-28
206233,2026-04-25
206234,2026-04-20
206236,2026-04-06
206237,2026-03-31
206237,2026-03-31
206237,2026-04-01
206242,2026-04-15
206242,2026-04-17
206242,2026-04-18
206244,2026-04-28
206244,2026-04-28
206246,2026-04-12
206247,2026-04-22
206247,2026-04-22
206247,2026-04-22
206248,2026-04-13
206248,2026-04-13
206248,2026-04-16
206253,2026-05-01
206253,2026-05-22
206256,2026-04-27
206256,2026-04-28
206256,2026-04-30
206258,2026-03-06
206258,2026-03-06
206259,2026-04-21
206260,2026-04-13
206266,2026-03-16
206269,2026-03-14
206270,2026-04-05
206271,2026-03-10
206271,2026-03-11
206271,2026-03-11
206272,2026-03-25
206272,2026-03-27
206273,2026-05-13
206274,2026-05-07
206275,2026-04-25
206276,2026-04-10
206277,2026-03-10
206277,2026-03-12
206278,2026-03-18
206279,2026-03-09
206280,2026-03-12
206281,2026-03-19
206282,2026-04-19
206282,2026-04-20
206282,2026-04-21
206283,2026-04-11
206283,2026-05-13
206284,2026-04-03
206285,2026-03-23
206286,2026-03-31
206286,2026-04-03
206287,2026-04-05
206287,2026-04-05
206287,2026-04-06
206289,2026-03-25
206289,2026-03-28
206290,2026-03-09
206290,2026-04-02
206291,2026-03-12
206291,2026-03-13
206293,2026-03-20
206293,2026-03-22
206293,2026-04-13
206295,2026-03-14
206295,2026-04-07
206297,2026-05-02
206298,2026-04-12
206298,2026-04-14
206299,2026-03-19
206299,2026-04-08
206300,2026-03-20
206301,2026-05-24
206302,2026-04-07
206302,2026-04-25
206304,2026-04-07
206304,2026-04-08
206304,2026-04-09
206305,2026-03-27
206305,2026-03-27
206311,2026-04-02
206311,2026-04-03
206311,2026-04-03
206312,2026-03-27
206313,2026-04-05
206313,2026-04-07
206313,2026-04-08
206315,2026-03-06
206315,2026-03-09
206320,2026-03-05
206320,2026-03-05
206321,2026-03-08
206321,2026-03-13
206321,2026-04-07
206325,2026-03-24
206325,2026-03-25
206327,2026-03-10
206330,2026-04-20
206331,2026-03-26
206332,2026-04-11
206333,2026-04-21
206333,2026-04-23
206333,2026-04-24
206334,2026-04-17
206334,2026-04-19
206334,2026-04-20
206336,2026-03-15
206336,2026-03-15
206336,2026-03-19
206337,2026-04-27
206337,2026-05-27
206338,2026-04-27
206339,2026-04-27
206341,2026-04-04
206341,2026-04-04
206341,2026-04-07
206342,2026-04-05
206342,2026-04-05
206342,2026-04-30
206343,2026-03-06
206343,2026-03-07
206344,2026-05-22
206346,2026-04-08
206348,2026-03-10
206349,2026-03-06
206349,2026-03-07
206349,2026-03-08
206350,2026-03-18
206351,2026-04-19
206353,2026-04-21
206355,2026-04-12
206355,2026-04-12
206356,2026-04-11
206356,2026-05-11
206358,2026-03-03
206359,2026-04-17
206360,2026-03-26
206364,2026-04-06
206364,2026-04-09
206365,2026-04-26
206365,2026-04-27
206366,2026-03-12
206366,2026-03-14
206366,2026-03-15
206367,2026-04-25
206368,2026-03-26
206368,2026-03-29
206369,2026-04-04
206371,2026-04-01
206372,2026-04-05
206373,2026-03-30
206373,2026-04-01
206373,2026-04-01
206374,2026-04-04
206375,2026-04-21
206375,2026-04-21
206375,2026-04-23
206376,2026-04-17
206376,2026-04-19
206376,2026-04-19
206377,2026-04-25
206377,2026-04-27
206379,2026-04-12
206379,2026-04-13
206379,2026-04-15
206382,2026-04-14
206383,2026-04-30
206383,2026-05-22
206386,2026-03-16
206387,2026-04-20
206387,2026-04-23
206387,2026-04-24
206390,2026-03-15
206390,2026-03-17
206391,2026-03-07
206391,2026-03-07
206391,2026-03-07
206394,2026-03-18
206394,2026-03-19
206394,2026-03-20
206395,2026-04-11
206395,2026-04-11
206396,2026-03-11
206396,2026-03-11
206396,2026-03-13
206397,2026-04-19
206397,2026-04-21
206399,2026-04-02
206399,2026-04-23
206400,2026-03-12
206400,2026-03-15
206401,2026-04-03
206402,2026-03-29
206402,2026-03-30
206405,2026-04-19
206407,2026-03-20
206407,2026-04-18
206409,2026-05-03
206409,2026-05-21
206410,2026-03-25
206410,2026-03-25
206415,2026-04-03
206415,2026-04-05
206416,2026-05-02
206417,2026-04-01
206417,2026-04-04
206418,2026-03-28
206422,2026-04-01
206422,2026-04-01
206422,2026-04-03
206423,2026-03-07
206423,2026-03-12
206423,2026-04-02
206425,2026-04-21
206426,2026-03-25
206430,2026-04-04
206431,2026-03-10
206431,2026-03-11
206432,2026-04-24
206432,2026-04-25
206433,2026-04-01
206433,2026-04-01
206433,2026-04-04
206436,2026-03-06
206436,2026-03-07
206437,2026-03-21
206438,2026-03-07
206438,2026-04-01
206439,2026-04-06
206439,2026-04-07
206439,2026-04-08
206441,2026-03-24
206441,2026-03-25
206441,2026-03-26
206443,2026-04-18
206443,2026-04-21
206443,2026-04-22
206444,2026-03-23
206445,2026-04-06
206447,2026-03-06
206447,2026-03-06
206448,2026-03-02
206448,2026-03-02
206448,2026-03-04
206449,2026-03-12
206449,2026-03-13
206450,2026-03-26
206450,2026-03-27
206451,2026-04-25
206451,2026-04-25
206451,2026-04-26
206454,2026-03-09
206454,2026-03-11
206454,2026-03-11
206455,2026-03-06
206455,2026-03-07
206455,2026-03-09
206456,2026-04-19
206456,2026-04-19
206459,2026-03-19
206459,2026-03-19
206459,2026-03-22
206460,2026-03-20
206461,2026-04-11
206462,2026-03-06
206462,2026-03-06
206463,2026-04-12
206463,2026-04-13
206464,2026-04-09
206464,2026-04-10
206464,2026-04-11
206465,2026-03-10
206465,2026-03-13
206465,2026-03-14
206468,2026-04-06
206469,2026-04-08
206472,2026-03-22
206474,2026-04-04
206474,2026-04-06
206475,2026-04-14
206476,2026-04-06
206477,2026-05-08
206479,2026-03-23
206479,2026-03-26
206480,2026-03-21
206480,2026-03-25
206480,2026-03-25
206481,2026-04-14
206483,2026-04-01
206486,2026-03-28
206487,2026-03-28
206491,2026-04-16
206491,2026-04-16
206491,2026-04-20
206492,2026-04-22
206492,2026-04-24
206492,2026-04-26
206493,2026-03-25
206493,2026-03-26
206494,2026-03-26
206494,2026-04-17
206495,2026-03-22
206495,2026-03-23
206495,2026-03-23
206496,2026-03-05
206498,2026-03-23
206498,2026-03-24
206499,2026-04-10
206499,2026-04-13
206500,2026-03-27
206500,2026-03-28
206502,2026-03-26
206502,2026-03-26
206502,2026-03-26
206504,2026-04-07
206506,2026-03-20
206506,2026-03-21
206506,2026-03-23
206508,2026-03-28
206508,2026-03-28
206510,2026-04-15
206510,2026-04-15
206510,2026-04-16
206511,2026-04-11
206511,2026-05-06
206513,2026-04-20
206513,2026-04-20
206514,2026-03-06
206515,2026-03-13
206515,2026-03-15
206515,2026-03-16
206516,2026-04-10
206516,2026-04-10
206517,2026-04-11
206517,2026-04-14
206518,2026-04-01
206518,2026-04-02
206519,2026-04-01
206520,2026-04-23
206520,2026-04-27
206521,2026-03-23
206522,2026-03-19
206522,2026-03-19
206522,2026-03-22
206523,2026-04-25
206525,2026-04-07
206525,2026-04-10
206526,2026-04-21
206527,2026-04-10
206527,2026-04-12
206527,2026-04-13
206528,2026-04-08
206530,2026-03-06
206531,2026-04-02
206531,2026-04-05
206531,2026-04-06
206532,2026-04-16
206534,2026-04-05
206534,2026-04-05
206534,2026-04-09
206535,2026-03-19
206536,2026-03-31
206536,2026-03-31
206539,2026-04-09
206539,2026-05-07
206540,2026-03-13
206540,2026-03-29
206541,2026-03-23
206542,2026-04-10
206542,2026-04-14
206543,2026-04-10
206543,2026-04-15
206543,2026-05-06
206545,2026-04-21
206545,2026-04-23
206545,2026-04-23
206546,2026-03-11
206546,2026-03-11
206547,2026-04-14
206547,2026-04-15
206548,2026-03-07
206548,2026-03-09
206549,2026-04-26
206555,2026-04-26
206555,2026-04-29
206555,2026-04-30
206556,2026-04-29
206557,2026-04-24
206558,2026-03-19
206559,2026-04-19
206559,2026-04-20
206559,2026-05-13
206561,2026-03-30
206561,2026-03-31
206561,2026-03-31
206565,2026-03-18
206565,2026-03-22
206567,2026-03-29
206567,2026-03-30
206568,2026-03-21
206568,2026-03-21
206574,2026-04-01
206574,2026-04-02
206574,2026-04-03
206575,2026-04-03
206575,2026-04-04
206575,2026-04-04
206576,2026-03-31
206577,2026-04-02
206577,2026-04-02
206578,2026-04-05
206578,2026-04-06
206579,2026-03-19
206579,2026-03-22
206580,2026-04-21
206584,2026-04-14
206590,2026-03-30
206590,2026-03-30
206590,2026-04-02
206592,2026-04-19
206594,2026-03-15
206594,2026-03-15
206594,2026-03-17
206595,2026-03-08
206595,2026-03-09
206598,2026-03-10
206598,2026-03-10
206599,2026-04-07
206599,2026-04-09
206599,2026-04-10
206602,2026-04-04
206602,2026-04-04
206602,2026-04-06
206603,2026-04-24
206603,2026-04-26
206603,2026-04-26
206604,2026-04-08
206604,2026-04-11
206605,2026-05-07
206608,2026-04-13
206610,2026-03-31
206611,2026-03-11
206612,2026-03-19
206612,2026-03-19
206613,2026-04-16
206614,2026-04-20
206614,2026-04-21
206614,2026-04-23
206615,2026-04-04
206615,2026-04-05
206616,2026-03-27
206616,2026-03-28
206617,2026-04-20
206618,2026-03-24
206620,2026-03-19
206621,2026-04-17
206621,2026-04-19
206621,2026-05-11
206622,2026-03-15
206622,2026-03-17
206622,2026-03-17
206623,2026-04-26
206628,2026-03-25
206628,2026-03-28
206629,2026-03-05
206630,2026-03-07
206630,2026-03-08
206630,2026-03-10
206632,2026-04-11
206632,2026-04-11
206632,2026-04-11
206633,2026-03-05
206636,2026-03-16
206636,2026-03-18
206636,2026-04-13
206637,2026-03-19
206637,2026-03-20
206638,2026-03-21
206638,2026-03-25
206639,2026-03-09
206639,2026-03-10
206641,2026-03-15
206642,2026-04-11
206643,2026-03-16
206644,2026-03-08
206645,2026-03-25
206645,2026-03-27
206646,2026-04-15
206647,2026-04-17
206647,2026-04-17
206647,2026-04-18
206648,2026-03-14
206648,2026-03-15
206648,2026-04-08
206650,2026-04-05
206650,2026-04-05
206650,2026-04-07
206652,2026-04-10
206652,2026-04-12
206652,2026-04-12
206656,2026-03-27
206656,2026-04-27
206658,2026-03-08
206658,2026-03-12
206660,2026-05-03
206662,2026-04-08
206662,2026-04-10
206663,2026-04-04
206665,2026-03-12
206665,2026-03-15
206667,2026-04-09
206667,2026-04-09
206667,2026-05-01
206669,2026-04-11
206670,2026-04-12
206670,2026-05-13
206672,2026-04-06
206672,2026-04-29
206674,2026-03-09
206674,2026-03-10
206675,2026-03-12
206675,2026-03-15
206677,2026-04-13
206678,2026-04-25
206678,2026-04-27
206678,2026-04-27
206680,2026-04-05
206680,2026-04-09
206681,2026-03-11
206682,2026-03-13
206684,2026-03-27
206684,2026-03-28
206685,2026-04-28
206687,2026-03-24
206687,2026-03-24
206689,2026-04-03
206689,2026-04-29
206691,2026-03-06
206691,2026-03-06
206691,2026-03-09
206695,2026-03-30
206696,2026-03-09
206696,2026-03-11
206696,2026-03-11
206697,2026-04-04
206698,2026-04-06
206698,2026-04-09
206698,2026-04-10
206699,2026-03-27
206701,2026-03-17
206701,2026-03-20
206702,2026-04-05
206702,2026-04-09
206703,2026-03-07
206703,2026-03-08
206703,2026-03-09
206704,2026-05-17
206705,2026-04-07
206705,2026-04-07
206706,2026-03-14
206707,2026-04-05
206708,2026-04-06
206709,2026-03-27
206709,2026-04-20
206710,2026-04-18
206710,2026-04-18
206710,2026-04-19
206714,2026-04-18
206714,2026-04-18
206714,2026-05-16
206717,2026-03-27
206717,2026-03-28
206717,2026-03-28
206718,2026-04-09
206718,2026-04-09
206718,2026-04-10
206721,2026-04-03
206721,2026-04-04
206721,2026-04-27
206722,2026-05-06
206723,2026-04-18
206723,2026-04-20
206724,2026-05-16
206726,2026-04-22
206726,2026-04-23
206726,2026-05-22
206729,2026-04-10
206729,2026-04-12
206729,2026-04-13
206731,2026-03-31
206731,2026-04-01
206732,2026-04-15
206733,2026-03-27
206734,2026-04-30
206735,2026-03-29
206736,2026-04-12
206736,2026-04-13
206736,2026-04-15
206737,2026-03-22
206737,2026-03-25
206737,2026-03-26
206740,2026-03-05
206740,2026-03-06
206742,2026-04-15
206742,2026-04-16
206742,2026-04-18
206744,2026-03-20
206744,2026-03-21
206744,2026-03-23
206747,2026-05-17
206749,2026-03-24
206749,2026-03-27
206749,2026-04-21
206750,2026-04-05
206750,2026-04-08
206750,2026-04-09
206751,2026-03-21
206751,2026-03-22
206752,2026-04-04
206752,2026-04-04
206753,2026-03-25
206754,2026-04-30
206755,2026-03-06
206755,2026-03-08
206756,2026-04-15
206756,2026-04-19
206756,2026-05-11
206757,2026-04-11
206760,2026-04-20
206760,2026-04-20
206761,2026-04-17
206761,2026-04-17
206762,2026-04-21
206764,2026-04-13
206764,2026-05-09
206765,2026-03-22
206765,2026-03-22
206767,2026-04-07
206770,2026-04-11
206771,2026-03-23
206771,2026-03-24
206771,2026-03-25
206772,2026-03-13
206772,2026-03-14
206773,2026-03-03
206773,2026-03-04
206773,2026-03-04
206776,2026-03-08
206776,2026-03-12
206780,2026-03-17
206780,2026-03-17
206781,2026-03-05
206781,2026-03-05
206781,2026-03-07
206784,2026-04-21
206785,2026-03-23
206785,2026-03-25
206786,2026-04-21
206786,2026-05-16
206787,2026-03-26
206788,2026-04-10
206789,2026-03-15
206790,2026-03-23
206797,2026-05-20
206798,2026-04-27
206798,2026-05-01
206798,2026-05-19
206800,2026-04-25
206800,2026-04-26
206800,2026-04-27
206801,2026-04-16
206801,2026-04-17
206804,2026-03-29
206804,2026-03-30
206804,2026-04-01
206805,2026-04-01
206806,2026-03-31
206806,2026-04-02
206806,2026-04-04
206807,2026-03-31
206807,2026-04-01
206807,2026-04-03
206808,2026-04-09
206808,2026-04-10
206809,2026-03-15
206809,2026-03-15
206810,2026-04-01
206811,2026-03-20
206811,2026-03-20
206811,2026-03-21
206812,2026-03-29
206812,2026-03-31
206813,2026-04-19
206813,2026-04-20
206813,2026-04-21
206814,2026-04-19
206817,2026-03-24
206821,2026-04-22
206821,2026-04-23
206822,2026-03-09
206822,2026-03-10
206822,2026-03-11
206823,2026-03-16
206823,2026-03-18
206825,2026-03-05
206825,2026-03-07
206826,2026-04-09
206827,2026-04-25
206827,2026-04-28
206829,2026-04-30
206830,2026-03-14
206831,2026-03-22
206831,2026-03-25
206832,2026-03-27
206832,2026-03-27
206833,2026-04-12
206833,2026-04-13
206833,2026-04-13
206834,2026-03-14
206835,2026-03-17
206835,2026-03-17
206835,2026-03-20
206836,2026-03-18
206838,2026-05-07
206839,2026-04-06
206840,2026-04-06
206841,2026-04-11
206841,2026-05-05
206842,2026-03-22
206843,2026-03-06
206845,2026-03-08
206846,2026-03-03
206846,2026-03-05
206847,2026-03-09
206847,2026-03-10
206847,2026-03-12
206848,2026-04-07
206848,2026-04-09
206848,2026-04-09
206850,2026-04-09
206853,2026-03-07
206855,2026-04-11
206855,2026-04-12
206855,2026-04-15
206856,2026-05-22
206857,2026-03-25
206860,2026-03-24
206860,2026-03-24
206863,2026-03-05
206863,2026-03-07
206866,2026-03-29
206866,2026-04-01
206867,2026-04-13
206868,2026-04-02
206868,2026-04-03
206868,2026-04-03
206869,2026-03-28
206870,2026-04-05
206870,2026-05-02
206871,2026-04-02
206873,2026-04-25
206873,2026-04-26
206875,2026-03-10
206875,2026-03-13
206875,2026-04-02
206876,2026-04-24
206878,2026-03-27
206878,2026-04-23
206879,2026-03-11
206879,2026-03-15
206880,2026-04-20
206881,2026-03-19
206881,2026-04-09
206884,2026-04-03
206884,2026-04-06
206884,2026-04-07
206885,2026-03-26
206885,2026-03-26
206885,2026-03-26
206886,2026-03-24
206886,2026-03-25
206887,2026-04-24
206887,2026-04-26
206889,2026-03-10
206889,2026-03-13
206889,2026-03-13
206890,2026-03-16
206891,2026-03-21
206892,2026-04-27
206892,2026-04-29
206892,2026-04-30
206893,2026-03-09
206893,2026-03-09
206894,2026-04-06
206894,2026-05-06
206897,2026-04-22
206898,2026-04-15
206899,2026-03-12
206901,2026-04-15
206903,2026-04-26
206904,2026-04-05
206904,2026-04-05
206906,2026-04-08
206906,2026-04-09
206906,2026-04-11
206907,2026-03-06
206907,2026-03-09
206908,2026-04-21
206908,2026-04-22
206908,2026-04-22
206909,2026-04-02
206909,2026-04-05
206909,2026-04-05
206911,2026-03-20
206911,2026-03-22
206912,2026-04-17
206912,2026-04-17
206912,2026-04-20
206914,2026-04-24
206915,2026-04-19
206917,2026-03-15
206918,2026-04-21
206919,2026-04-18
206924,2026-04-16
206924,2026-04-17
206926,2026-04-20
206926,2026-04-20
206926,2026-04-21
206928,2026-04-11
206928,2026-04-11
206928,2026-04-14
206930,2026-03-15
206931,2026-03-21
206931,2026-03-22
206932,2026-03-09
206933,2026-04-06
206933,2026-04-12
206933,2026-04-28
206934,2026-04-09
206935,2026-03-28
206936,2026-03-13
206936,2026-04-11
206937,2026-03-19
206937,2026-03-19
206937,2026-03-20
206938,2026-04-06
206938,2026-04-07
206941,2026-03-24
206943,2026-03-25
206943,2026-03-26
206943,2026-03-26
206944,2026-03-14
206944,2026-03-14
206946,2026-03-25
206946,2026-03-26
206946,2026-03-27
206947,2026-03-09
206948,2026-03-12
206948,2026-03-12
206952,2026-03-08
206952,2026-03-09
206952,2026-03-10
206953,2026-04-06
206953,2026-04-07
206953,2026-04-07
206954,2026-03-18
206954,2026-03-20
206955,2026-03-24
206955,2026-03-25
206956,2026-04-11
206956,2026-04-13
206960,2026-03-15
206960,2026-04-08
206961,2026-04-09
206963,2026-03-21
206963,2026-03-23
206963,2026-03-25
206966,2026-03-09
206969,2026-04-22
206969,2026-04-25
206970,2026-04-18
206970,2026-04-19
206970,2026-04-21
206973,2026-03-21
206973,2026-03-23
206973,2026-03-25
206975,2026-03-31
206975,2026-03-31
206976,2026-03-15
206976,2026-03-16
206977,2026-04-23
206977,2026-04-24
206977,2026-04-25
206979,2026-03-07
206979,2026-03-07
206979,2026-04-07
206980,2026-03-12
206980,2026-03-13
206982,2026-03-22
206982,2026-03-26
206984,2026-03-25
206984,2026-03-26
206985,2026-04-20
206986,2026-03-31
206986,2026-03-31
206989,2026-04-09
206989,2026-05-09
206991,2026-04-07
206991,2026-04-09
206991,2026-04-10
206993,2026-04-04
206993,2026-04-05
206996,2026-03-06
206996,2026-03-07
206996,2026-03-08
206997,2026-04-16
206999,2026-03-12
206999,2026-03-13
206999,2026-03-14
207002,2026-03-20
207002,2026-03-22
207004,2026-04-09
207004,2026-04-13
207006,2026-04-26
207008,2026-04-07
207008,2026-04-08
207009,2026-04-12
207009,2026-04-13
207010,2026-04-17
207011,2026-04-14
207012,2026-04-01
207012,2026-04-03
207013,2026-04-02
207013,2026-04-02
207014,2026-03-26
207014,2026-03-30
207017,2026-04-11
207017,2026-04-29
207020,2026-04-03
207021,2026-04-01
207022,2026-04-26
207022,2026-04-29
207023,2026-04-24
207023,2026-04-25
207025,2026-04-06
207026,2026-04-15
207026,2026-04-16
207027,2026-04-30
207029,2026-04-05
207029,2026-04-07
207029,2026-04-09
207031,2026-03-27
207031,2026-03-28
207031,2026-03-30
207035,2026-03-18
207036,2026-03-08
207039,2026-03-20
207041,2026-04-23
207041,2026-04-23
207041,2026-04-24
207042,2026-04-26
207042,2026-04-27
207043,2026-04-23
207043,2026-04-24
207043,2026-05-16
207044,2026-04-25
207045,2026-04-06
207046,2026-03-24
207046,2026-03-26
207047,2026-05-01
207049,2026-03-08
207049,2026-03-10
207050,2026-03-07
207050,2026-03-09
207051,2026-04-04
207051,2026-04-04
207051,2026-04-06
207052,2026-03-19
207052,2026-03-21
207053,2026-03-19
207056,2026-04-19
207057,2026-03-08
207057,2026-03-10
207059,2026-04-08
207060,2026-03-14
207060,2026-03-15
207061,2026-04-26
207061,2026-04-28
207062,2026-04-03
207062,2026-04-04
207062,2026-04-06
207063,2026-03-05
207063,2026-03-09
207065,2026-04-26
207065,2026-04-29
207065,2026-05-24
207066,2026-03-30
207066,2026-03-30
207066,2026-03-31
207067,2026-04-05
207067,2026-04-06
207067,2026-04-06
207069,2026-04-04
207069,2026-04-05
207072,2026-03-30
207072,2026-04-01
207073,2026-04-01
207075,2026-03-26
207075,2026-03-27
207078,2026-03-31
207079,2026-04-22
207079,2026-04-24
207079,2026-05-24
207081,2026-04-05
207081,2026-04-07
207083,2026-04-01
207085,2026-04-26
207085,2026-04-26
207085,2026-04-30
207086,2026-03-18
207086,2026-03-18
207087,2026-04-15
207088,2026-04-06
207088,2026-04-09
207088,2026-05-09
207089,2026-03-27
207089,2026-03-29
207090,2026-03-05
207090,2026-03-08
207090,2026-03-09
207095,2026-04-28
207096,2026-04-15
207096,2026-04-16
207096,2026-04-17
207097,2026-03-20
207097,2026-03-21
207098,2026-03-31
207098,2026-03-31
207099,2026-04-01
207101,2026-04-09
207101,2026-04-09
207101,2026-04-09
207103,2026-03-10
207104,2026-03-02
207104,2026-03-05
207104,2026-03-05
207109,2026-03-10
207111,2026-04-17
207111,2026-04-20
207112,2026-04-02
207112,2026-04-03
207113,2026-04-05
207113,2026-04-06
207114,2026-03-15
207114,2026-03-17
207114,2026-03-19
207115,2026-03-20
207115,2026-03-21
207115,2026-03-24
207116,2026-03-16
207118,2026-03-17
207120,2026-04-05
207121,2026-04-17
207121,2026-04-17
207122,2026-04-02
207122,2026-04-03
207122,2026-04-04
207123,2026-03-30
207123,2026-04-01
207123,2026-04-03
207126,2026-04-27
207126,2026-04-27
207126,2026-05-19
207127,2026-04-11
207127,2026-04-13
207127,2026-04-13
207129,2026-03-19
207129,2026-03-19
207129,2026-03-20
207130,2026-04-17
207133,2026-03-16
207134,2026-04-15
207134,2026-04-15
207134,2026-04-18
207135,2026-04-29
207135,2026-04-30
207137,2026-03-10
207137,2026-03-13
207139,2026-03-29
207140,2026-04-11
207140,2026-04-11
207141,2026-03-07
207141,2026-03-08
207141,2026-03-09
207143,2026-04-08
207143,2026-04-09
207143,2026-04-09
207144,2026-04-09
207144,2026-04-09
207145,2026-03-19
207145,2026-03-20
207145,2026-03-21
207146,2026-03-16
207149,2026-03-12
207149,2026-03-12
207149,2026-03-13
207150,2026-04-11
207151,2026-04-28
207151,2026-04-29
207151,2026-04-30
207153,2026-03-05
207153,2026-03-06
207154,2026-03-13
207154,2026-03-13
207154,2026-03-14
207155,2026-03-18
207155,2026-03-20
207156,2026-04-18
207156,2026-04-20
207156,2026-04-21
207157,2026-03-13
207157,2026-03-14
207157,2026-03-16
207158,2026-03-26
207159,2026-03-14
207159,2026-03-15
207159,2026-03-17
207161,2026-03-03
207161,2026-03-04
207161,2026-03-06
207162,2026-04-21
207162,2026-04-21
207162,2026-04-22
207163,2026-04-09
207163,2026-04-13
207164,2026-04-20
207165,2026-03-05
207166,2026-03-12
207167,2026-04-25
207168,2026-03-21
207168,2026-03-23
207168,2026-03-23
207169,2026-03-19
207169,2026-04-09
207170,2026-04-14
207172,2026-04-27
207173,2026-03-28
207173,2026-03-29
207173,2026-04-28
207174,2026-04-23
207174,2026-04-24
207176,2026-04-20
207176,2026-04-21
207178,2026-03-23
207178,2026-03-24
207178,2026-03-24
207180,2026-04-19
207180,2026-04-20
207182,2026-03-15
207183,2026-04-14
207184,2026-04-18
207185,2026-04-08
207185,2026-04-08
207186,2026-03-19
207186,2026-03-20
207186,2026-03-21
207187,2026-04-21
207187,2026-04-22
207188,2026-04-18
207189,2026-03-08
207190,2026-04-14
207191,2026-03-10
207191,2026-03-10
207192,2026-03-15
207192,2026-03-21
207192,2026-04-05
207193,2026-04-26
207194,2026-04-30
207195,2026-04-25
207195,2026-04-27
207196,2026-03-22
207199,2026-04-03
207199,2026-04-04
207199,2026-04-06
207200,2026-05-16
207201,2026-04-09
207201,2026-04-11
207202,2026-03-18
207203,2026-04-01
207204,2026-03-18
207206,2026-04-09
207206,2026-04-10
207209,2026-04-01
207210,2026-05-19
207211,2026-04-10
207211,2026-04-11
207211,2026-04-11
207213,2026-04-06
207213,2026-04-08
207213,2026-04-08
207215,2026-03-07
207215,2026-03-10
207217,2026-04-05
207217,2026-04-05
207217,2026-04-05
207218,2026-04-01
207220,2026-04-09
207220,2026-04-12
207221,2026-03-12
207221,2026-03-14
207221,2026-03-15
207222,2026-03-12
207222,2026-03-13
207222,2026-03-15
207223,2026-03-27
207225,2026-03-06
207225,2026-03-06
207226,2026-04-16
207226,2026-04-17
207229,2026-04-17
207231,2026-04-16
207235,2026-03-29
207235,2026-03-29
207238,2026-04-16
207239,2026-03-17
207239,2026-03-17
207239,2026-03-21
207240,2026-04-01
207241,2026-04-15
207241,2026-04-15
207245,2026-04-30
207247,2026-04-18
207247,2026-04-18
207247,2026-04-20
207248,2026-04-24
207248,2026-05-15
207250,2026-03-31
207251,2026-04-05
207252,2026-04-23
207252,2026-04-24
207252,2026-04-25
207253,2026-04-11
207253,2026-05-08
207256,2026-04-19
207258,2026-03-12
207259,2026-03-08
207259,2026-03-09
207259,2026-03-12
207263,2026-04-23
207263,2026-04-25
207265,2026-03-27
207267,2026-04-08
207267,2026-04-11
207268,2026-04-29
207269,2026-03-27
207269,2026-03-28
207272,2026-03-18
207273,2026-04-29
207273,2026-04-29
207273,2026-05-28
207274,2026-04-02
207274,2026-04-03
207275,2026-03-15
207275,2026-03-16
207275,2026-03-18
207276,2026-04-01
207277,2026-04-21
207277,2026-04-22
207277,2026-04-24
207278,2026-04-08
207278,2026-04-10
207278,2026-04-12
207279,2026-05-09
207280,2026-03-13
207280,2026-03-14
207280,2026-03-15
207281,2026-04-22
207282,2026-04-25
207282,2026-04-27
207284,2026-04-22
207285,2026-03-15
207285,2026-03-15
207285,2026-03-16
207286,2026-03-04
207286,2026-03-06
207286,2026-03-07
207287,2026-04-19
207288,2026-03-07
207288,2026-03-07
207288,2026-03-09
207290,2026-04-17
207290,2026-04-18
207292,2026-03-15
207292,2026-03-19
207292,2026-04-13
207296,2026-04-24
207296,2026-04-29
207296,2026-05-23
207297,2026-03-12
207297,2026-03-14
207297,2026-03-16
207298,2026-03-12
207300,2026-03-08
207300,2026-03-10
207301,2026-04-24
207301,2026-04-25
207301,2026-05-21
207302,2026-04-02
207302,2026-04-02
207302,2026-04-02
207303,2026-04-02
207304,2026-04-12
207305,2026-03-09
207306,2026-04-25
207306,2026-04-25
207307,2026-04-19
207309,2026-04-21
207309,2026-04-21
207309,2026-04-23
207311,2026-03-18
207311,2026-03-19
207312,2026-04-05
207312,2026-04-09
207315,2026-04-15
207315,2026-04-17
207315,2026-04-18
207316,2026-03-03
207316,2026-03-05
207317,2026-05-05
207319,2026-03-05
207319,2026-03-09
207321,2026-03-04
207323,2026-03-08
207323,2026-03-08
207324,2026-04-18
207325,2026-04-24
207326,2026-03-26
207326,2026-03-27
207326,2026-03-29
207328,2026-04-24
207328,2026-04-25
207329,2026-04-24
207330,2026-04-13
207330,2026-04-13
207333,2026-03-27
207334,2026-03-29
207336,2026-03-06
207337,2026-03-26
207337,2026-03-27
207338,2026-04-11
207339,2026-03-31
207339,2026-04-01
207339,2026-04-01
207340,2026-04-26
207340,2026-04-28
207340,2026-04-28
207345,2026-03-19
207345,2026-03-21
207347,2026-04-03
207348,2026-04-18
207348,2026-04-20
207348,2026-04-21
207349,2026-03-25
207350,2026-03-23
207350,2026-03-23
207351,2026-03-22
207351,2026-03-25
207351,2026-03-25
207352,2026-03-13
207353,2026-03-07
207353,2026-03-09
207354,2026-04-12
207355,2026-04-18
207355,2026-04-19
207356,2026-04-05
207356,2026-04-06
207356,2026-04-07
207357,2026-03-11
207357,2026-03-13
207358,2026-03-28
207358,2026-03-29
207358,2026-04-20
207359,2026-04-20
207360,2026-03-30
207360,2026-03-31
207360,2026-04-01
207361,2026-04-26
207361,2026-04-28
207361,2026-04-28
207362,2026-04-02
207362,2026-04-03
207362,2026-04-06
207365,2026-04-15
207366,2026-04-22
207366,2026-05-14
207367,2026-04-23
207367,2026-04-23
207367,2026-04-27
207369,2026-03-25
207371,2026-03-26
207371,2026-03-29
207372,2026-03-20
207372,2026-03-21
207373,2026-04-17
207373,2026-04-18
207373,2026-04-20
207374,2026-04-22
207376,2026-03-21
207376,2026-03-23
207378,2026-03-11
207378,2026-03-11
207378,2026-03-14
207379,2026-03-02
207379,2026-03-05
207379,2026-03-06
207381,2026-03-07
207381,2026-03-08
207382,2026-04-27
207383,2026-04-22
207383,2026-04-23
207383,2026-04-23
207386,2026-04-08
207387,2026-03-12
207391,2026-04-16
207391,2026-05-11
207394,2026-03-23
207394,2026-03-23
207394,2026-03-24
207395,2026-04-28
207395,2026-04-30
207395,2026-05-19
207396,2026-04-24
207396,2026-04-26
207397,2026-03-11
207398,2026-04-21
207398,2026-04-22
207400,2026-04-05
207403,2026-04-11
207403,2026-04-12
207403,2026-04-12
207404,2026-04-21
207405,2026-05-06
207408,2026-03-29
207408,2026-03-31
207408,2026-04-02
207409,2026-04-28
207409,2026-04-30
207410,2026-04-02
207410,2026-04-03
207410,2026-04-03
207413,2026-03-28
207413,2026-03-29
207413,2026-04-01
207414,2026-05-10
207415,2026-03-11
207415,2026-03-12
207415,2026-03-12
207416,2026-03-26
207416,2026-03-27
207416,2026-03-30
207417,2026-04-09
207417,2026-04-10
207417,2026-04-11
207419,2026-04-10
207419,2026-04-11
207419,2026-04-12
207420,2026-04-22
207420,2026-04-25
207420,2026-05-21
207421,2026-05-16
207422,2026-03-16
207422,2026-03-19
207422,2026-03-20
207423,2026-03-23
207423,2026-03-24
207423,2026-03-25
207424,2026-03-20
207424,2026-03-20
207424,2026-03-22
207425,2026-04-22
207427,2026-04-28
207427,2026-04-30
207428,2026-03-09
207428,2026-03-10
207428,2026-03-12
207430,2026-03-23
207430,2026-03-24
207431,2026-03-21
207431,2026-03-21
207431,2026-03-22
207432,2026-04-23
207434,2026-03-16
207434,2026-03-23
207434,2026-04-19
207435,2026-04-01
207435,2026-04-03
207438,2026-03-27
207438,2026-03-28
207441,2026-03-28
207441,2026-03-28
207442,2026-04-12
207442,2026-04-12
207442,2026-04-14
207444,2026-04-04
207445,2026-04-16
207446,2026-03-28
207446,2026-03-28
207446,2026-04-22
207448,2026-04-23
207448,2026-04-23
207448,2026-04-26
207449,2026-04-23
207451,2026-04-26
207451,2026-04-27
207451,2026-04-27
207452,2026-03-27
207452,2026-03-27
207453,2026-04-04
207454,2026-04-25
207454,2026-04-26
207454,2026-04-29
207456,2026-04-17
207456,2026-04-18
207458,2026-04-02
207459,2026-04-04
207459,2026-04-05
207459,2026-04-05
207462,2026-04-06
207463,2026-03-09
207465,2026-03-03
207465,2026-03-06
207465,2026-03-07
207467,2026-04-08
207467,2026-04-09
207467,2026-04-10
207468,2026-03-31
207468,2026-03-31
207468,2026-04-02
207470,2026-04-19
207472,2026-04-09
207472,2026-05-08
207473,2026-04-05
207474,2026-03-25
207474,2026-03-26
207474,2026-03-26
207476,2026-04-26
207476,2026-04-28
207476,2026-04-28
207477,2026-04-25
207477,2026-04-25
207477,2026-04-28
207478,2026-04-23
207479,2026-03-12
207480,2026-04-04
207480,2026-04-04
207480,2026-04-04
207481,2026-04-28
207483,2026-03-12
207485,2026-04-25
207485,2026-04-27
207485,2026-04-28
207487,2026-03-18
207487,2026-03-19
207487,2026-04-14
207488,2026-03-21
207488,2026-03-23
207488,2026-03-24
207489,2026-04-24
207489,2026-04-24
207490,2026-03-22
207490,2026-03-22
207491,2026-05-16
207492,2026-03-28
207493,2026-03-14
207493,2026-03-15
207493,2026-03-17
207494,2026-04-16
207495,2026-03-14
207495,2026-04-11
207496,2026-04-04
207496,2026-04-06
207496,2026-04-06
207497,2026-03-14
207497,2026-03-14
207497,2026-03-15
207498,2026-04-10
207499,2026-04-25
207499,2026-04-27
207499,2026-04-27
207500,2026-05-20
207502,2026-04-09
207504,2026-04-24
207504,2026-04-26
207505,2026-04-24
207505,2026-04-26
207506,2026-04-02
207507,2026-04-14
207510,2026-04-26
207510,2026-04-28
207510,2026-04-30
207512,2026-04-15
207512,2026-04-15
207513,2026-04-27
207513,2026-04-28
207513,2026-04-28
207514,2026-03-12
207514,2026-03-14
207517,2026-04-22
207517,2026-04-22
207517,2026-04-24
207521,2026-04-09
207521,2026-04-09
207521,2026-04-10
207523,2026-04-14
207523,2026-04-15
207523,2026-04-16
207524,2026-04-30
207524,2026-04-30
207526,2026-03-13
207526,2026-04-08
207528,2026-04-18
207528,2026-04-19
207528,2026-04-21
207532,2026-04-18
207532,2026-04-19
207535,2026-04-04
207535,2026-04-05
207538,2026-03-19
207539,2026-04-20
207542,2026-04-16
207543,2026-04-10
207543,2026-04-13
207543,2026-04-13
207544,2026-04-15
207544,2026-04-18
207546,2026-04-16
207547,2026-03-09
207547,2026-03-09
207548,2026-03-23
207548,2026-03-23
207549,2026-03-10
207549,2026-03-11
207552,2026-04-08
207554,2026-03-13
207554,2026-03-13
207554,2026-03-15
207557,2026-03-12
207557,2026-03-14
207560,2026-03-30
207561,2026-04-12
207561,2026-04-13
207561,2026-04-14
207562,2026-04-13
207562,2026-04-14
207563,2026-03-26
207563,2026-03-28
207564,2026-03-09
207565,2026-05-01
207565,2026-05-16
207566,2026-04-17
207567,2026-03-09
207568,2026-03-19
207568,2026-03-20
207568,2026-03-20
207569,2026-04-09
207569,2026-04-12
207571,2026-04-04
207571,2026-04-05
207573,2026-03-25
207573,2026-03-26
207574,2026-04-14
207575,2026-03-30
207575,2026-04-02
207576,2026-03-20
207576,2026-03-22
207577,2026-03-20
207578,2026-03-16
207578,2026-03-23
207578,2026-04-10
207580,2026-05-29
207582,2026-04-17
207582,2026-04-18
207583,2026-03-27
207583,2026-04-24
207584,2026-04-06
207584,2026-04-08
207585,2026-03-07
207585,2026-03-09
207585,2026-03-10
207586,2026-03-04
207586,2026-03-04
207587,2026-03-18
207587,2026-03-20
207589,2026-04-04
207589,2026-04-05
207590,2026-04-27
207591,2026-04-16
207591,2026-04-24
207591,2026-05-13
207592,2026-04-25
207596,2026-04-02
207596,2026-04-02
207597,2026-03-22
207597,2026-03-23
207597,2026-03-24
207598,2026-03-11
207598,2026-04-11
207602,2026-03-18
207602,2026-03-18
207603,2026-03-30
207604,2026-04-11
207605,2026-04-09
207606,2026-04-07
207607,2026-03-31
207608,2026-05-23
207609,2026-03-19
207609,2026-03-20
207611,2026-03-14
207611,2026-03-17
207612,2026-04-03
207613,2026-03-19
207613,2026-03-19
207614,2026-04-23
207614,2026-04-24
207615,2026-04-10
207618,2026-03-29
207619,2026-05-20
207620,2026-04-03
207620,2026-04-03
207620,2026-04-04
207622,2026-04-17
207622,2026-04-20
207622,2026-04-20
207623,2026-03-23
207625,2026-04-12
207626,2026-04-07
207626,2026-04-07
207627,2026-04-03
207627,2026-04-05
207628,2026-04-21
207628,2026-04-21
207628,2026-04-22
207629,2026-03-27
207629,2026-03-29
207630,2026-03-12
207630,2026-03-30
207631,2026-04-13
207631,2026-04-15
207631,2026-04-16
207632,2026-03-12
207634,2026-03-14
207634,2026-03-17
207635,2026-03-27
207635,2026-03-28
207635,2026-03-29
207636,2026-04-09
207636,2026-04-09
207636,2026-04-11
207637,2026-03-19
207638,2026-03-20
207640,2026-04-08
207643,2026-03-24
207646,2026-05-01
207647,2026-04-22
207647,2026-04-23
207648,2026-03-18
207648,2026-03-20
207649,2026-04-17
207649,2026-04-17
207649,2026-04-19
207650,2026-04-09
207651,2026-04-06
207652,2026-03-19
207652,2026-03-20
207652,2026-03-21
207654,2026-04-09
207654,2026-05-11
207656,2026-03-13
207656,2026-03-21
207656,2026-04-05
207657,2026-04-22
207657,2026-04-23
207657,2026-04-24
207658,2026-03-30
207658,2026-04-25
207659,2026-03-20
207660,2026-05-17
207661,2026-04-18
207662,2026-03-22
207662,2026-03-27
207662,2026-04-15
207663,2026-05-04
207664,2026-04-06
207664,2026-04-07
207665,2026-04-14
207666,2026-04-20
207667,2026-03-15
207667,2026-03-18
207667,2026-03-19
207668,2026-04-20
207669,2026-03-26
207669,2026-03-29
207669,2026-04-18
207671,2026-04-26
207671,2026-04-26
207672,2026-04-16
207672,2026-04-19
207672,2026-04-19
207673,2026-03-24
207673,2026-03-25
207673,2026-04-10
207674,2026-04-18
207676,2026-04-04
207676,2026-04-05
207676,2026-04-05
207677,2026-03-21
207677,2026-03-21
207677,2026-03-23
207678,2026-04-01
207678,2026-04-02
207678,2026-04-03
207684,2026-03-02
207684,2026-03-04
207684,2026-03-05
207685,2026-03-06
207685,2026-03-08
207686,2026-03-29
207686,2026-03-30
207687,2026-04-25
207687,2026-05-03
207687,2026-05-29
207688,2026-04-12
207688,2026-04-13
207690,2026-03-02
207693,2026-04-01
207693,2026-04-02
207693,2026-04-03
207694,2026-03-21
207694,2026-03-21
207694,2026-03-21
207695,2026-04-24
207695,2026-04-26
207700,2026-03-19
207700,2026-03-20
207701,2026-04-27
207701,2026-04-29
207702,2026-03-07
207702,2026-03-07
207702,2026-03-11
207703,2026-04-12
207704,2026-04-24
207705,2026-04-06
207705,2026-04-08
207706,2026-04-11
207706,2026-05-13
207707,2026-03-28
207707,2026-03-29
207707,2026-03-31
207708,2026-03-26
207708,2026-03-29
207708,2026-04-25
207710,2026-03-23
207710,2026-03-25
207711,2026-04-08
207711,2026-04-09
207713,2026-03-07
207716,2026-04-10
207716,2026-04-10
207720,2026-04-08
207721,2026-04-27
207725,2026-04-20
207725,2026-04-24
207726,2026-04-02
207726,2026-04-03
207726,2026-04-25
207727,2026-03-30
207728,2026-04-13
207732,2026-04-01
207732,2026-04-01
207735,2026-04-22
207742,2026-03-06
207742,2026-03-07
207742,2026-03-08
207743,2026-03-22
207743,2026-03-23
207743,2026-03-24
207744,2026-03-22
207744,2026-04-15
207747,2026-03-23
207752,2026-04-27
207752,2026-04-27
207753,2026-04-09
207753,2026-04-09
207753,2026-05-04
207754,2026-04-10
207754,2026-04-28
207755,2026-03-11
207755,2026-03-13
207755,2026-04-06
207757,2026-03-04
207758,2026-04-15
207759,2026-05-06
207760,2026-04-26
207760,2026-04-26
207763,2026-03-14
207763,2026-03-15
207765,2026-03-31
207765,2026-04-04
207766,2026-03-16
207766,2026-03-17
207768,2026-04-17
207770,2026-03-29
207772,2026-04-18
207773,2026-03-15
207773,2026-03-17
207773,2026-03-17
207774,2026-04-16
207774,2026-04-20
207775,2026-04-06
207775,2026-04-14
207775,2026-04-29
207776,2026-04-03
207777,2026-04-08
207779,2026-04-08
207780,2026-04-18
207780,2026-04-18
207781,2026-03-03
207782,2026-03-09
207782,2026-03-16
207782,2026-04-07
207783,2026-04-09
207783,2026-04-11
207783,2026-04-13
207785,2026-03-18
207785,2026-03-20
207787,2026-05-19
207789,2026-04-15
207789,2026-04-18
207792,2026-04-12
207792,2026-04-14
207792,2026-04-14
207793,2026-05-02
207794,2026-04-19
207796,2026-03-29
207797,2026-03-11
207797,2026-03-11
207797,2026-03-11
207798,2026-03-28
207799,2026-03-10
207800,2026-04-22
207800,2026-05-15
207804,2026-03-07
207804,2026-03-08
207804,2026-03-09
207808,2026-04-27
207809,2026-04-19
207810,2026-04-22
207812,2026-03-15
207812,2026-03-17
207812,2026-03-17
207813,2026-03-29
207813,2026-03-29
207813,2026-04-29
207814,2026-04-25
207816,2026-04-06
207816,2026-04-06
207816,2026-04-09
207817,2026-04-24
207817,2026-04-27
207817,2026-04-28
207819,2026-04-22
207823,2026-04-10
207823,2026-04-11
207823,2026-04-12
207825,2026-03-31
207827,2026-03-19
207827,2026-03-21
207827,2026-03-21
207829,2026-04-14
207831,2026-03-16
207831,2026-03-18
207832,2026-04-14
207832,2026-04-18
207833,2026-04-22
207833,2026-04-23
207833,2026-04-24
207836,2026-04-14
207836,2026-04-15
207837,2026-03-21
207837,2026-03-22
207837,2026-03-22
207840,2026-04-21
207840,2026-04-23
207840,2026-04-25
207841,2026-04-26
207841,2026-05-19
207843,2026-04-28
207843,2026-05-25
207845,2026-04-20
207845,2026-04-22
207846,2026-05-05
207847,2026-04-18
207849,2026-03-21
207849,2026-03-22
207849,2026-03-22
207850,2026-04-05
207850,2026-04-08
207850,2026-04-09
207851,2026-03-18
207851,2026-03-21
207851,2026-03-22
207852,2026-03-25
207852,2026-03-26
207852,2026-04-24
207853,2026-04-12
207853,2026-04-13
207854,2026-04-28
207855,2026-04-04
207856,2026-03-17
207858,2026-03-30
207858,2026-04-01
207858,2026-04-03
207859,2026-03-09
207859,2026-03-10
207862,2026-04-19
207863,2026-03-26
207863,2026-03-26
207863,2026-03-28
207864,2026-03-23
207864,2026-04-14
207865,2026-04-17
207866,2026-03-20
207866,2026-03-21
207867,2026-03-19
207869,2026-03-17
207869,2026-03-18
207870,2026-03-10
207870,2026-03-14
207872,2026-04-02
207872,2026-04-04
207872,2026-04-05
207873,2026-03-18
207873,2026-03-18
207874,2026-04-02
207874,2026-04-04
207874,2026-04-04
207876,2026-04-25
207877,2026-03-06
207877,2026-03-09
207877,2026-03-09
207878,2026-03-25
207879,2026-03-18
207879,2026-03-22
207879,2026-03-22
207880,2026-04-01
207883,2026-03-11
207883,2026-04-03
207885,2026-03-07
207886,2026-04-22
207886,2026-04-22
207887,2026-04-05
207887,2026-04-05
207890,2026-03-30
207890,2026-03-30
207891,2026-04-27
207891,2026-04-29
207891,2026-04-29
207892,2026-04-19
207892,2026-04-19
207892,2026-04-19
207893,2026-03-25
207893,2026-03-25
207895,2026-03-27
207895,2026-03-27
207896,2026-04-03
207896,2026-04-04
207896,2026-04-04
207898,2026-04-19
207898,2026-04-20
207899,2026-03-13
207899,2026-03-14
207899,2026-03-14
207900,2026-03-30
207900,2026-03-31
207901,2026-04-06
207901,2026-04-08
207902,2026-03-17
207902,2026-03-17
207902,2026-04-08
207904,2026-04-17
207905,2026-04-05
207905,2026-04-10
207905,2026-05-05
207908,2026-04-01
207909,2026-04-12
207909,2026-04-12
207909,2026-04-14
207911,2026-04-26
207914,2026-04-26
207916,2026-03-02
207917,2026-04-13
207918,2026-03-29
207919,2026-04-19
207919,2026-04-21
207919,2026-04-22
207920,2026-03-12
207920,2026-03-13
207920,2026-03-14
207921,2026-04-04
207921,2026-04-04
207923,2026-03-09
207923,2026-03-11
207923,2026-03-13
207925,2026-04-06
207925,2026-04-08
207925,2026-05-07
207926,2026-03-14
207926,2026-03-18
207929,2026-04-08
207931,2026-03-13
207931,2026-03-14
207932,2026-03-18
207932,2026-03-19
207932,2026-03-20
207935,2026-03-11
207935,2026-03-15
207936,2026-04-27
207936,2026-04-28
207936,2026-05-18
207937,2026-03-28
207938,2026-04-17
207938,2026-04-18
207939,2026-04-22
207939,2026-04-23
207939,2026-04-25
207940,2026-03-04
207940,2026-03-06
207942,2026-03-26
207942,2026-03-27
207942,2026-03-30
207944,2026-03-31
207944,2026-04-02
207947,2026-03-07
207947,2026-03-08
207951,2026-03-27
207951,2026-03-28
207951,2026-03-28
207954,2026-04-10
207954,2026-04-10
207955,2026-04-25
207955,2026-04-26
207955,2026-04-26
207956,2026-04-27
207956,2026-05-15
207957,2026-03-31
207957,2026-03-31
207957,2026-04-30
207958,2026-04-13
207958,2026-04-15
207959,2026-03-12
207961,2026-04-04
207961,2026-04-06
207964,2026-03-06
207964,2026-03-08
207964,2026-03-10
207965,2026-03-29
207966,2026-04-09
207966,2026-04-10
207966,2026-05-02
207968,2026-05-12
207970,2026-03-26
207971,2026-03-17
207971,2026-03-20
207971,2026-03-21
207972,2026-03-07
207972,2026-03-10
207973,2026-04-10
207974,2026-03-22
207974,2026-03-23
207974,2026-03-25
207975,2026-04-22
207978,2026-05-03
207980,2026-03-18
207982,2026-05-01
207983,2026-04-20
207985,2026-04-17
207986,2026-04-04
207988,2026-04-01
207988,2026-04-04
207990,2026-04-23
207990,2026-04-24
207990,2026-04-25
207991,2026-03-21
207992,2026-03-12
207993,2026-04-22
207993,2026-05-17
207994,2026-04-10
207994,2026-04-12
207994,2026-04-13
207996,2026-03-26
207996,2026-03-30
207999,2026-04-21
207999,2026-04-24
207999,2026-04-24
208001,2026-03-31
208001,2026-04-03
208001,2026-04-04
208003,2026-03-03
208003,2026-03-04
208003,2026-03-04
208004,2026-05-15
208005,2026-04-03
208005,2026-04-03
208005,2026-04-05
208006,2026-03-19
208006,2026-03-19
208006,2026-03-20
208007,2026-03-11
208007,2026-03-12
208009,2026-03-24
208010,2026-04-04
208013,2026-04-28
208013,2026-04-29
208014,2026-03-16
208014,2026-04-09
208015,2026-04-01
208015,2026-04-04
208016,2026-04-21
208016,2026-04-22
208017,2026-03-09
208017,2026-03-11
208018,2026-04-05
208018,2026-04-05
208019,2026-04-23
208019,2026-04-26
208021,2026-03-13
208023,2026-03-09
208025,2026-03-23
208025,2026-03-24
208026,2026-03-19
208026,2026-03-19
208030,2026-03-28
208032,2026-05-15
208034,2026-04-24
208035,2026-03-16
208037,2026-03-18
208037,2026-04-13
208039,2026-03-28
208039,2026-03-29
208040,2026-03-04
208040,2026-03-04
208040,2026-03-06
208042,2026-03-28
208042,2026-03-31
208042,2026-03-31
208044,2026-04-17
208045,2026-03-07
208045,2026-03-08
208046,2026-04-11
208047,2026-04-05
208049,2026-03-08
208049,2026-03-12
208051,2026-03-21
208051,2026-03-22
208051,2026-03-23
208052,2026-03-10
208052,2026-03-10
208052,2026-03-12
208054,2026-04-22
208055,2026-04-05
208055,2026-04-06
208055,2026-04-06
208056,2026-03-11
208056,2026-03-12
208056,2026-03-14
208057,2026-04-09
208059,2026-04-28
208061,2026-03-10
208061,2026-03-10
208061,2026-03-10
208064,2026-04-15
208064,2026-04-16
208065,2026-03-27
208065,2026-03-28
208065,2026-03-30
208066,2026-03-28
208066,2026-04-19
208068,2026-03-25
208069,2026-03-29
208070,2026-03-31
208071,2026-03-21
208071,2026-03-21
208074,2026-03-27
208075,2026-04-20
208075,2026-04-28
208075,2026-05-23
208076,2026-04-14
208076,2026-04-15
208077,2026-04-23
208080,2026-03-04
208083,2026-03-22
208083,2026-03-23
208083,2026-04-16
208085,2026-03-21
208087,2026-04-02
208087,2026-04-07
208087,2026-04-29
208088,2026-03-03
208088,2026-03-04
208088,2026-03-06
208089,2026-04-23
208089,2026-04-25
208091,2026-03-21
208091,2026-03-24
208092,2026-04-18
208093,2026-03-03
208093,2026-03-06
208094,2026-05-12
208095,2026-04-05
208096,2026-04-08
208097,2026-03-11
208097,2026-03-12
208097,2026-03-13
208099,2026-03-31
208099,2026-04-01
208100,2026-03-09
208100,2026-03-11
208102,2026-03-05
208102,2026-03-09
208106,2026-04-14
208106,2026-04-14
208106,2026-04-18
208107,2026-04-09
208107,2026-05-09
208108,2026-03-29
208108,2026-03-30
208108,2026-04-01
208111,2026-05-04
208112,2026-05-01
208113,2026-04-18
208114,2026-04-01
208114,2026-04-02
208114,2026-04-02
208115,2026-04-18
208115,2026-04-18
208117,2026-04-05
208117,2026-04-07
208117,2026-04-08
208118,2026-04-13
208118,2026-04-16
208118,2026-04-16
208120,2026-04-05
208120,2026-04-21
208121,2026-04-21
208121,2026-04-22
208124,2026-03-12
208124,2026-03-15
208124,2026-03-16
208126,2026-04-11
208126,2026-04-12
208127,2026-04-18
208127,2026-04-21
208127,2026-04-21
208130,2026-04-01
208130,2026-04-01
208131,2026-03-26
208131,2026-04-27
208132,2026-03-10
208132,2026-03-12
208132,2026-03-12
208134,2026-04-15
208135,2026-05-06
208141,2026-04-07
208143,2026-03-29
208143,2026-03-31
208144,2026-04-15
208145,2026-03-07
208146,2026-04-19
208146,2026-04-21
208146,2026-04-21
208148,2026-04-03
208148,2026-04-24
208150,2026-03-16
208151,2026-03-07
208151,2026-03-09
208151,2026-03-10
208152,2026-04-24
208152,2026-04-27
208154,2026-03-06
208154,2026-03-06
208156,2026-04-27
208156,2026-04-28
208157,2026-03-11
208157,2026-03-11
208159,2026-03-29
208160,2026-04-20
208160,2026-04-23
208161,2026-03-07
208161,2026-03-29
208162,2026-04-09
208162,2026-04-10
208164,2026-03-10
208164,2026-03-12
208164,2026-03-13
208166,2026-04-10
208166,2026-04-12
208170,2026-03-17
208170,2026-03-20
208171,2026-04-21
208172,2026-03-19
208175,2026-03-09
208177,2026-03-05
208179,2026-04-26
208179,2026-04-28
208180,2026-03-04
208180,2026-03-06
208182,2026-03-12
208184,2026-04-16
208184,2026-04-18
208184,2026-05-16
208186,2026-03-31
208186,2026-03-31
208187,2026-04-25
208190,2026-04-23
208191,2026-03-25
208193,2026-03-30
208194,2026-03-03
208194,2026-03-03
208198,2026-04-04
208198,2026-04-05
208198,2026-04-06
208199,2026-03-12
208199,2026-03-14
208201,2026-04-02
208201,2026-04-04
208201,2026-04-30
208202,2026-05-05
208203,2026-03-08
208203,2026-03-09
208203,2026-03-10
208204,2026-04-03
208204,2026-04-05
208205,2026-03-23
208205,2026-03-27
208205,2026-04-20
208206,2026-04-18
208206,2026-04-18
208207,2026-04-21
208207,2026-05-11
208208,2026-04-23
208208,2026-04-24
208208,2026-04-26
208209,2026-03-08
208209,2026-03-10
208210,2026-03-31
208210,2026-04-01
208212,2026-03-15
208212,2026-03-16
208212,2026-03-18
208214,2026-04-15
208214,2026-04-16
208216,2026-04-02
208217,2026-03-07
208217,2026-03-07
208218,2026-04-14
208219,2026-03-16
208220,2026-03-26
208220,2026-03-27
208221,2026-04-02
208221,2026-04-02
208222,2026-03-20
208222,2026-03-22
208222,2026-03-22
208223,2026-03-16
208223,2026-03-16
208223,2026-03-16
208224,2026-04-05
208226,2026-03-08
208227,2026-04-06
208227,2026-04-07
208229,2026-04-19
208231,2026-03-28
208232,2026-04-21
208232,2026-04-21
208233,2026-03-12
208233,2026-03-14
208234,2026-04-29
208235,2026-04-19
208235,2026-04-22
208235,2026-04-23
208237,2026-03-17
208238,2026-03-17
208239,2026-03-09
208239,2026-04-10
208241,2026-04-01
208242,2026-04-29
208243,2026-03-28
208243,2026-03-29
208244,2026-03-08
208245,2026-04-22
208245,2026-04-22
208245,2026-04-26
208246,2026-04-08
208247,2026-04-16
208248,2026-03-18
208248,2026-03-18
208248,2026-03-22
208249,2026-03-23
208249,2026-03-26
208250,2026-04-23
208250,2026-04-24
208250,2026-04-26
208251,2026-04-15
208252,2026-03-13
208253,2026-04-04
208258,2026-04-22
208259,2026-04-09
208260,2026-04-26
208260,2026-05-14
208261,2026-04-22
208261,2026-04-24
208262,2026-04-22
208262,2026-04-22
208264,2026-03-04
208264,2026-03-04
208264,2026-03-05
208267,2026-04-25
208267,2026-04-27
208269,2026-03-25
208269,2026-03-26
208271,2026-04-02
208271,2026-04-02
208271,2026-04-04
208272,2026-03-27
208273,2026-03-14
208273,2026-03-15
208273,2026-03-18
208274,2026-04-09
208274,2026-04-12
208274,2026-04-12
208275,2026-03-21
208275,2026-03-24
208277,2026-04-12
208279,2026-03-27
208279,2026-03-28
208279,2026-03-30
208281,2026-04-19
208281,2026-04-21
208281,2026-05-09
208282,2026-04-04
208282,2026-04-05
208282,2026-04-08
208285,2026-04-22
208285,2026-04-23
208285,2026-04-23
208286,2026-03-29
208286,2026-04-15
208287,2026-04-26
208289,2026-04-10
208290,2026-04-11
208290,2026-04-12
208290,2026-05-08
208291,2026-03-20
208291,2026-03-21
208293,2026-04-01
208293,2026-04-03
208293,2026-04-28
208294,2026-03-16
208294,2026-03-20
208295,2026-04-12
208295,2026-04-16
208295,2026-04-16
208296,2026-03-29
208297,2026-03-05
208297,2026-03-12
208297,2026-03-30
208298,2026-03-12
208300,2026-04-06
208300,2026-04-08
208300,2026-04-10
208303,2026-03-24
208304,2026-03-25
208304,2026-03-26
208304,2026-03-26
208305,2026-04-01
208305,2026-04-01
208306,2026-03-19
208307,2026-03-08
208307,2026-03-09
208307,2026-03-09
208308,2026-03-15
208309,2026-03-13
208312,2026-03-20
208313,2026-03-03
208313,2026-03-06
208313,2026-03-06
208314,2026-04-12
208315,2026-04-22
208317,2026-04-26
208317,2026-04-26
208317,2026-04-29
208318,2026-04-11
208318,2026-04-15
208318,2026-04-15
208319,2026-05-09
208320,2026-04-13
208320,2026-04-16
208321,2026-04-10
208322,2026-03-15
208322,2026-03-18
208322,2026-03-18
208324,2026-03-14
208325,2026-04-03
208325,2026-04-03
208325,2026-04-03
208326,2026-03-31
208326,2026-04-01
208327,2026-04-21
208328,2026-04-12
208328,2026-04-14
208331,2026-04-16
208331,2026-04-16
208331,2026-04-17
208332,2026-03-22
208332,2026-03-26
208334,2026-03-16
208336,2026-03-30
208336,2026-03-30
208336,2026-04-01
208338,2026-04-15
208338,2026-04-16
208338,2026-05-17
208339,2026-03-08
208339,2026-03-08
208339,2026-03-10
208340,2026-03-05
208340,2026-03-05
208340,2026-03-06
208342,2026-04-15
208345,2026-03-07
208345,2026-03-08
208345,2026-03-10
208346,2026-04-23
208346,2026-04-26
208347,2026-04-19
208347,2026-04-20
208347,2026-04-20
208349,2026-03-26
208350,2026-04-23
208350,2026-04-26
208351,2026-04-06
208351,2026-05-01
208352,2026-03-22
208353,2026-03-09
208354,2026-03-12
208356,2026-04-06
208361,2026-04-07
208361,2026-04-09
208362,2026-03-27
208363,2026-03-31
208363,2026-03-31
208364,2026-05-20
208365,2026-04-14
208367,2026-03-24
208368,2026-04-01
208369,2026-04-12
208369,2026-04-14
208369,2026-04-16
208371,2026-03-16
208372,2026-04-07
208372,2026-04-07
208372,2026-04-10
208373,2026-04-02
208373,2026-04-05
208373,2026-04-06
208375,2026-04-21
208377,2026-04-01
208377,2026-04-01
208377,2026-04-01
208379,2026-04-15
208379,2026-04-20
208379,2026-05-09
208380,2026-04-14
208380,2026-04-14
208380,2026-04-17
208382,2026-05-13
208384,2026-04-06
208385,2026-03-10
208385,2026-03-10
208385,2026-03-12
208387,2026-03-12
208387,2026-03-13
208388,2026-04-12
208389,2026-04-13
208389,2026-04-13
208389,2026-04-13
208390,2026-03-30
208390,2026-03-30
208392,2026-03-27
208392,2026-03-30
208394,2026-04-08
208394,2026-04-09
208394,2026-04-10
208396,2026-04-05
208396,2026-04-07
208397,2026-03-18
208397,2026-03-20
208401,2026-03-30
208402,2026-03-31
208403,2026-04-11
208404,2026-03-26
208404,2026-03-27
208404,2026-03-28
208406,2026-03-23
208407,2026-04-06
208408,2026-03-04
208408,2026-03-06
208408,2026-03-29
208410,2026-03-26
208410,2026-03-28
208411,2026-03-29
208411,2026-04-03
208411,2026-04-29
208412,2026-04-08
208414,2026-04-21
208414,2026-05-17
208415,2026-03-17
208416,2026-04-10
208417,2026-04-11
208419,2026-03-24
208419,2026-03-27
208421,2026-05-02
208423,2026-04-07
208424,2026-03-10
208425,2026-04-02
208425,2026-05-01
208426,2026-03-12
208428,2026-04-09
208428,2026-04-10
208428,2026-04-10
208429,2026-04-09
208430,2026-03-11
208430,2026-03-11
208430,2026-03-12
208431,2026-03-30
208431,2026-04-01
208431,2026-04-01
208435,2026-04-14
208435,2026-04-14
208437,2026-04-25
208437,2026-04-28
208438,2026-05-07
208439,2026-04-09
208439,2026-04-09
208443,2026-03-21
208443,2026-04-18
208444,2026-04-14
208444,2026-04-14
208445,2026-03-07
208445,2026-03-10
208446,2026-04-05
208446,2026-04-07
208446,2026-04-08
208448,2026-04-21
208448,2026-04-24
208448,2026-04-25
208449,2026-03-03
208450,2026-03-15
208451,2026-03-13
208452,2026-03-08
208452,2026-03-08
208454,2026-04-02
208454,2026-04-02
208454,2026-04-19
208455,2026-04-12
208455,2026-04-13
208455,2026-04-14
208456,2026-04-15
208456,2026-04-17
208456,2026-04-17
208460,2026-03-25
208460,2026-03-27
208462,2026-04-13
208463,2026-04-16
208463,2026-04-16
208463,2026-04-18
208466,2026-03-08
208466,2026-03-09
208467,2026-03-29
208471,2026-04-12
208472,2026-04-01
208473,2026-04-12
208473,2026-04-15
208475,2026-03-28
208475,2026-03-29
208475,2026-03-29
208476,2026-03-23
208476,2026-03-23
208476,2026-03-26
208477,2026-03-15
208477,2026-03-17
208478,2026-04-01
208479,2026-04-16
208479,2026-04-18
208479,2026-04-20
208481,2026-03-29
208481,2026-04-01
208482,2026-03-26
208484,2026-04-03
208484,2026-04-03
208484,2026-04-07
208485,2026-04-17
208485,2026-04-17
208489,2026-04-08
208489,2026-04-10
208489,2026-04-12
208490,2026-03-10
208490,2026-03-10
208491,2026-04-06
208491,2026-04-07
208491,2026-04-29
208493,2026-04-12
208493,2026-04-18
208493,2026-05-07
208494,2026-04-19
208497,2026-03-28
208498,2026-03-10
208499,2026-03-26
208499,2026-03-28
208499,2026-03-30
208501,2026-05-12
208504,2026-03-03
208504,2026-03-04
208504,2026-03-06
208506,2026-04-11
208506,2026-04-14
208507,2026-03-19
208507,2026-03-21
208507,2026-03-22
208508,2026-03-27
208510,2026-03-27
208512,2026-04-05
208512,2026-04-08
208512,2026-04-08
208513,2026-04-01
208513,2026-04-01
208514,2026-03-05
208514,2026-03-05
208514,2026-03-06
208522,2026-03-23
208522,2026-03-24
208525,2026-05-13
208526,2026-03-18
208526,2026-04-10
208528,2026-03-10
208528,2026-03-10
208530,2026-04-05
208531,2026-04-13
208531,2026-04-14
208531,2026-04-15
208535,2026-05-25
208536,2026-04-13
208537,2026-04-12
208538,2026-03-07
208541,2026-04-15
208543,2026-04-16
208543,2026-04-17
208543,2026-04-19
208544,2026-03-20
208544,2026-03-22
208544,2026-03-22
208545,2026-04-05
208545,2026-04-05
208545,2026-04-08
208547,2026-03-29
208547,2026-04-24
208548,2026-04-19
208548,2026-04-23
208549,2026-03-19
208549,2026-03-20
208549,2026-03-22
208550,2026-04-11
208552,2026-04-12
208553,2026-04-11
208553,2026-04-14
208554,2026-03-10
208554,2026-03-10
208555,2026-04-04
208555,2026-04-06
208556,2026-04-03
208556,2026-04-07
208556,2026-05-06
208558,2026-03-14
208558,2026-03-16
208558,2026-03-17
208560,2026-03-23
208560,2026-03-26
208562,2026-03-03
208562,2026-03-04
208562,2026-03-04
208564,2026-04-10
208564,2026-04-14
208564,2026-05-07
208565,2026-04-01
208565,2026-04-01
208569,2026-03-18
208570,2026-04-25
208572,2026-04-26
208572,2026-04-27
208574,2026-03-06
208574,2026-03-07
208574,2026-03-07
208577,2026-03-04
208580,2026-03-23
208580,2026-03-24
208580,2026-03-24
208581,2026-04-05
208581,2026-04-26
208585,2026-04-07
208586,2026-03-13
208586,2026-03-15
208587,2026-03-31
208590,2026-03-05
208591,2026-04-14
208591,2026-04-17
208593,2026-03-18
208593,2026-03-19
208594,2026-03-08
208594,2026-03-08
208595,2026-03-29
208595,2026-03-30
208595,2026-04-01
208598,2026-04-20
208598,2026-04-21
208599,2026-04-07
208603,2026-04-21
208603,2026-04-23
208604,2026-03-23
208605,2026-03-03
208607,2026-04-16
208607,2026-04-16
208607,2026-04-18
208608,2026-03-05
208610,2026-03-24
208611,2026-04-26
208613,2026-03-21
208614,2026-04-09
208614,2026-04-10
208622,2026-04-24
208624,2026-03-27
208624,2026-03-27
208624,2026-03-29
208626,2026-03-14
208629,2026-03-14
208629,2026-03-14
208630,2026-03-27
208630,2026-03-29
208631,2026-03-28
208633,2026-03-17
208634,2026-04-24
208634,2026-04-26
208635,2026-03-08
208636,2026-03-02
208636,2026-03-06
208637,2026-03-20
208637,2026-03-22
208637,2026-03-22
208638,2026-04-05
208638,2026-04-05
208640,2026-04-16
208640,2026-04-18
208640,2026-04-19
208641,2026-04-14
208642,2026-03-12
208642,2026-03-13
208647,2026-04-18
208647,2026-04-19
208648,2026-04-26
208648,2026-04-28
208649,2026-04-15
208649,2026-05-04
208650,2026-03-29
208651,2026-04-27
208652,2026-04-17
208652,2026-04-18
208652,2026-04-19
208653,2026-03-13
208653,2026-03-13
208654,2026-04-14
208654,2026-04-16
208654,2026-04-18
208659,2026-03-20
208659,2026-03-20
208659,2026-03-22
208661,2026-03-30
208661,2026-04-01
208661,2026-04-01
208662,2026-03-21
208664,2026-04-03
208664,2026-04-03
208664,2026-04-07
208666,2026-03-11
208666,2026-03-14
208666,2026-03-15
208668,2026-04-11
208669,2026-03-28
208669,2026-03-31
208670,2026-03-08
208670,2026-03-10
208671,2026-04-11
208671,2026-04-11
208672,2026-05-09
208673,2026-04-09
208673,2026-04-09
208674,2026-04-18
208674,2026-04-18
208674,2026-04-20
208679,2026-05-11
208681,2026-03-06
208683,2026-03-24
208683,2026-03-31
208683,2026-04-25
208684,2026-03-10
208684,2026-03-12
208686,2026-04-09
208687,2026-04-17
208688,2026-03-26
208688,2026-03-28
208688,2026-03-28
208689,2026-03-27
208689,2026-03-28
208689,2026-04-29
208690,2026-04-06
208690,2026-05-06
208691,2026-04-18
208691,2026-04-18
208692,2026-04-15
208692,2026-04-16
208693,2026-03-29
208693,2026-03-30
208693,2026-03-31
208695,2026-05-01
208696,2026-03-16
208696,2026-03-18
208697,2026-04-07
208697,2026-04-09
208697,2026-04-10
208698,2026-04-11
208699,2026-03-24
208704,2026-04-18
208705,2026-03-11
208706,2026-04-11
208706,2026-04-14
208707,2026-04-20
208707,2026-04-24
208708,2026-03-21
208708,2026-03-22
208708,2026-03-22
208709,2026-04-22
208711,2026-03-07
208711,2026-03-09
208711,2026-04-06
208713,2026-04-16
208713,2026-04-16
208713,2026-04-18
208715,2026-04-25
208715,2026-04-26
208715,2026-04-28
208716,2026-04-03
208718,2026-03-30
208719,2026-03-08
208720,2026-03-15
208723,2026-04-07
208725,2026-04-01
208725,2026-04-02
208725,2026-04-03
208727,2026-04-19
208728,2026-03-13
208728,2026-03-14
208730,2026-04-12
208730,2026-04-14
208730,2026-04-15
208731,2026-04-08
208731,2026-04-11
208731,2026-04-12
208732,2026-04-14
208732,2026-04-15
208733,2026-03-20
208733,2026-03-23
208734,2026-04-25
208736,2026-04-07
208737,2026-03-28
208737,2026-03-28
208737,2026-04-19
208738,2026-04-03
208739,2026-03-07
208739,2026-03-09
208739,2026-03-09
208741,2026-04-24
208741,2026-04-27
208741,2026-04-28
208743,2026-04-19
208746,2026-04-06
208746,2026-04-15
208746,2026-05-01
208747,2026-04-09
208747,2026-04-12
208749,2026-03-30
208749,2026-03-30
208749,2026-04-02
208751,2026-03-24
208751,2026-03-25
208751,2026-03-27
208754,2026-03-25
208754,2026-03-27
208754,2026-03-27
208756,2026-03-12
208756,2026-03-16
208756,2026-03-16
208757,2026-04-02
208757,2026-04-02
208757,2026-04-03
208758,2026-03-27
208758,2026-03-28
208758,2026-03-30
208759,2026-04-24
208759,2026-04-25
208762,2026-03-06
208764,2026-03-13
208764,2026-03-13
208764,2026-03-13
208766,2026-03-24
208767,2026-03-10
208767,2026-03-10
208768,2026-04-09
208768,2026-04-10
208770,2026-03-23
208771,2026-03-30
208773,2026-03-28
208774,2026-04-30
208776,2026-04-20
208776,2026-04-24
208778,2026-04-15
208778,2026-04-18
208778,2026-04-19
208779,2026-03-12
208779,2026-03-13
208780,2026-03-06
208780,2026-03-07
208780,2026-03-09
208782,2026-05-20
208784,2026-03-11
208784,2026-03-15
208785,2026-03-16
208785,2026-03-17
208789,2026-05-17
208790,2026-04-14
208790,2026-04-17
208792,2026-03-16
208792,2026-03-17
208796,2026-04-06
208796,2026-04-07
208797,2026-03-13
208797,2026-03-16
208797,2026-03-17
208798,2026-03-13
208798,2026-03-14
208800,2026-03-23
208800,2026-03-26
208800,2026-03-26
208801,2026-03-07
208801,2026-03-10
208802,2026-03-23
208803,2026-04-06
208804,2026-04-09
208804,2026-04-10
208805,2026-04-23
208805,2026-04-25
208806,2026-04-02
208806,2026-04-04
208807,2026-03-22
208808,2026-04-28
208808,2026-04-29
208809,2026-03-08
208810,2026-04-08
208810,2026-04-11
208810,2026-04-12
208811,2026-04-01
208811,2026-04-01
208811,2026-04-02
208812,2026-03-06
208812,2026-03-07
208812,2026-03-08
208814,2026-04-12
208815,2026-03-24
208815,2026-03-25
208816,2026-04-29
208817,2026-04-06
208817,2026-04-08
208817,2026-04-09
208818,2026-05-21
208819,2026-03-10
208820,2026-03-20
208821,2026-04-06
208822,2026-04-21
208822,2026-04-22
208822,2026-04-23
208825,2026-03-15
208826,2026-03-02
208826,2026-03-03
208826,2026-03-04
208829,2026-04-14
208829,2026-04-17
208830,2026-04-27
208832,2026-03-22
208832,2026-03-22
208833,2026-04-26
208833,2026-04-26
208833,2026-04-26
208835,2026-04-27
208835,2026-04-28
208835,2026-04-29
208837,2026-04-26
208837,2026-04-26
208838,2026-04-05
208838,2026-04-06
208838,2026-04-07
208842,2026-03-16
208843,2026-03-28
208843,2026-03-30
208844,2026-03-07
208844,2026-03-09
208846,2026-04-23
208851,2026-04-02
208851,2026-04-03
208853,2026-04-02
208853,2026-04-04
208853,2026-04-05
208854,2026-04-25
208855,2026-03-29
208855,2026-03-29
208855,2026-03-29
208856,2026-04-08
208856,2026-04-09
208857,2026-04-26
208857,2026-04-26
208857,2026-04-28
208858,2026-03-07
208859,2026-03-03
208859,2026-03-03
208859,2026-03-05
208860,2026-04-02
208860,2026-04-08
208860,2026-05-01
208861,2026-04-04
208861,2026-04-05
208861,2026-04-07
208862,2026-03-25
208862,2026-03-26
208862,2026-03-26
208864,2026-03-27
208864,2026-03-28
208864,2026-03-30
208865,2026-04-10
208865,2026-05-09
208866,2026-03-21
208866,2026-03-22
208866,2026-03-24
208867,2026-03-31
208867,2026-04-01
208870,2026-05-22
208872,2026-03-28
208872,2026-03-30
208872,2026-03-31
208873,2026-03-07
208873,2026-03-08
208876,2026-03-15
208876,2026-03-15
208877,2026-04-11
208878,2026-03-23
208878,2026-03-25
208881,2026-05-18
208882,2026-03-10
208882,2026-03-11
208884,2026-04-19
208884,2026-04-22
208884,2026-04-23
208885,2026-04-19
208885,2026-04-22
208885,2026-04-23
208887,2026-03-08
208890,2026-04-11
208891,2026-03-22
208891,2026-03-24
208892,2026-04-11
208892,2026-04-11
208894,2026-03-05
208894,2026-03-06
208894,2026-03-08
208895,2026-03-31
208896,2026-04-02
208897,2026-03-28
208898,2026-03-08
208898,2026-03-10
208899,2026-04-20
208899,2026-04-20
208899,2026-04-22
208900,2026-03-03
208901,2026-03-13
208901,2026-03-17
208902,2026-03-03
208902,2026-03-04
208902,2026-03-06
208908,2026-03-20
208908,2026-03-20
208908,2026-04-17
208910,2026-03-10
208910,2026-03-13
208912,2026-03-25
208913,2026-04-01
208913,2026-04-01
208913,2026-04-04
208914,2026-04-17
208914,2026-04-19
208915,2026-04-12
208915,2026-04-13
208916,2026-03-29
208916,2026-04-27
208917,2026-03-15
208917,2026-04-17
208918,2026-04-14
208918,2026-04-17
208920,2026-04-13
208920,2026-04-14
208922,2026-04-28
208925,2026-04-15
208927,2026-05-18
208928,2026-03-18
208928,2026-03-18
208928,2026-03-19
208929,2026-04-07
208930,2026-04-11
208930,2026-04-15
208933,2026-04-12
208933,2026-04-12
208935,2026-03-15
208939,2026-03-21
208939,2026-03-21
208939,2026-04-10
208942,2026-03-23
208944,2026-03-24
208945,2026-03-15
208946,2026-04-04
208946,2026-04-06
208947,2026-04-25
208950,2026-03-15
208950,2026-03-19
208951,2026-03-31
208951,2026-03-31
208951,2026-03-31
208953,2026-03-09
208954,2026-03-13
208954,2026-03-14
208954,2026-03-17
208955,2026-05-11
208957,2026-04-09
208957,2026-04-09
208958,2026-04-18
208958,2026-04-18
208959,2026-05-14
208960,2026-03-16
208962,2026-05-04
208963,2026-04-13
208963,2026-04-14
208964,2026-03-30
208964,2026-03-30
208968,2026-04-02
208968,2026-04-02
208968,2026-04-05
208969,2026-03-08
208970,2026-03-28
208972,2026-04-17
208972,2026-04-18
208972,2026-04-19
208973,2026-03-27
208973,2026-03-30
208974,2026-03-19
208975,2026-03-08
208975,2026-03-10
208975,2026-03-11
208976,2026-04-01
208977,2026-03-23
208977,2026-03-24
208977,2026-03-27
208978,2026-04-07
208979,2026-04-01
208980,2026-04-08
208980,2026-04-08
208980,2026-04-09
208982,2026-03-07
208982,2026-03-08
208983,2026-03-21
208984,2026-03-19
208987,2026-03-11
208987,2026-03-12
208988,2026-04-12
208991,2026-05-16
208993,2026-04-17
208993,2026-04-19
208995,2026-03-16
208995,2026-03-16
208997,2026-04-04
208997,2026-04-04
208997,2026-04-06
208998,2026-04-10
208999,2026-04-07
208999,2026-04-11
208999,2026-05-05
