user_id,signup_date,channel
100000,2026-01-30,organic
100001,2026-02-07,organic
100002,2026-01-18,organic
100003,2026-01-14,organic
100004,2026-02-01,paid
100005,2026-02-03,organic
100006,2026-01-09,paid
100007,2026-02-04,organic
100008,2026-02-06,paid
100009,2026-02-04,organic
100010,2026-01-22,referral
100011,2026-02-09,organic
100012,2026-02-17,organic
100013,2026-02-20,organic
100014,2026-01-15,organic
100015,2026-02-03,paid
100016,2026-01-03,organic
100017,2026-01-07,organic
100018,2026-02-22,paid
100019,2026-01-31,paid
100020,2026-01-29,paid
100021,2026-01-27,organic
100022,2026-01-29,organic
100023,2026-02-26,paid
100024,2026-01-02,organic
100025,2026-02-19,organic
100026,2026-01-02,paid
100027,2026-01-17,paid
100028,2026-02-20,organic
100029,2026-01-02,organic
100030,2026-02-23,organic
100031,2026-01-19,organic
100032,2026-01-21,organic
100033,2026-02-25,organic
100034,2026-02-04,paid
100035,2026-01-07,paid
100036,2026-01-06,referral
100037,2026-01-26,organic
100038,2026-02-22,paid
100039,2026-01-18,paid
100040,2026-01-13,paid
100041,2026-01-25,organic
100042,2026-01-16,organic
100043,2026-02-28,paid
100044,2026-02-14,organic
100045,2026-02-07,organic
100046,2026-02-18,paid
100047,2026-01-06,organic
100048,2026-02-03,organic
100049,2026-01-13,organic
100050,2026-01-18,referral
100051,2026-02-01,organic
100052,2026-02-13,paid
100053,2026-02-24,organic
100054,2026-02-15,paid
100055,2026-01-18,organic
100056,2026-02-25,organic
100057,2026-01-17,organic
100058,2026-02-02,organic
100059,2026-01-19,paid
100060,2026-01-29,organic
100061,2026-02-24,organic
100062,2026-01-01,organic
100063,2026-01-29,paid
100064,2026-01-20,organic
100065,2026-02-14,paid
100066,2026-01-01,organic
100067,2026-01-06,organic
100068,2026-01-06,organic
100069,2026-02-08,paid
100070,2026-01-28,organic
100071,2026-01-19,organic
100072,2026-01-27,organic
100073,2026-02-03,paid
100074,2026-02-19,paid
100075,2026-01-23,organic
100076,2026-01-14,organic
100077,2026-02-16,organic
100078,2026-01-06,organic
100079,2026-02-18,paid
100080,2026-01-19,organic
100081,2026-02-15,organic
100082,2026-01-26,organic
100083,2026-02-14,organic
100084,2026-02-18,organic
100085,2026-01-01,organic
100086,2026-01-20,organic
100087,2026-02-12,organic
100088,2026-02-05,organic
100089,2026-01-02,organic
100090,2026-02-24,organic
100091,2026-01-03,paid
100092,2026-01-09,organic
100093,2026-02-18,organic
100094,2026-02-25,paid
100095,2026-02-02,referral
100096,2026-02-22,organic
100097,2026-01-10,organic
100098,2026-01-24,paid
100099,2026-01-08,organic
100100,2026-01-21,organic
100101,2026-01-23,organic
100102,2026-01-01,referral
100103,2026-01-06,organic
100104,2026-02-14,organic
100105,2026-01-23,organic
100106,2026-01-01,organic
100107,2026-01-02,organic
100108,2026-01-30,paid
100109,2026-02-24,paid
100110,2026-01-22,organic
100111,2026-01-23,paid
100112,2026-01-11,paid
100113,2026-01-08,paid
100114,2026-02-26,organic
100115,2026-01-11,paid
100116,2026-02-12,organic
100117,2026-01-13,organic
100118,2026-02-27,organic
100119,2026-02-06,organic
100120,2026-01-19,paid
100121,2026-01-30,organic
100122,2026-02-15,paid
100123,2026-02-11,organic
100124,2026-01-25,paid
100125,2026-02-21,paid
100126,2026-02-20,organic
100127,2026-01-25,paid
100128,2026-01-14,organic
100129,2026-01-25,paid
100130,2026-01-28,organic
100131,2026-02-04,organic
100132,2026-02-19,organic
100133,2026-02-16,referral
100134,2026-02-22,paid
100135,2026-02-16,organic
100136,2026-02-01,organic
100137,2026-01-15,organic
100138,2026-01-19,organic
100139,2026-01-26,organic
100140,2026-01-17,organic
100141,2026-01-19,organic
100142,2026-02-26,organic
100143,2026-01-13,organic
100144,2026-01-24,paid
100145,2026-02-12,organic
100146,2026-02-03,organic
100147,2026-01-18,organic
100148,2026-01-29,organic
100149,2026-01-30,organic
100150,2026-02-18,organic
100151,2026-02-13,organic
100152,2026-02-08,paid
100153,2026-02-03,paid
100154,2026-02-14,organic
100155,2026-02-25,paid
100156,2026-01-01,paid
100157,2026-01-09,organic
100158,2026-01-29,organic
100159,2026-01-15,organic
100160,2026-02-26,organic
100161,2026-01-09,organic
100162,2026-01-19,organic
100163,2026-01-25,organic
100164,2026-01-10,paid
100165,2026-01-12,organic
100166,2026-01-18,organic
100167,2026-01-22,paid
100168,2026-01-13,organic
100169,2026-01-16,paid
100170,2026-02-07,organic
100171,2026-02-07,paid
100172,2026-02-20,referral
100173,2026-02-09,organic
100174,2026-01-17,organic
100175,2026-01-09,paid
100176,2026-02-21,organic
100177,2026-01-13,organic
100178,2026-02-13,referral
100179,2026-02-18,organic
100180,2026-01-18,organic
100181,2026-02-23,paid
100182,2026-01-17,paid
100183,2026-01-12,referral
100184,2026-02-05,organic
100185,2026-02-04,referral
100186,2026-01-22,paid
100187,2026-02-11,referral
100188,2026-01-31,organic
100189,2026-02-08,paid
100190,2026-02-15,organic
100191,2026-01-14,organic
100192,2026-01-18,organic
100193,2026-01-27,paid
100194,2026-01-21,organic
100195,2026-02-08,organic
100196,2026-02-15,paid
100197,2026-02-17,organic
100198,2026-02-28,organic
100199,2026-01-04,organic
100200,2026-02-20,paid
100201,2026-01-03,organic
100202,2026-02-27,paid
100203,2026-01-07,organic
100204,2026-01-21,paid
100205,2026-02-27,organic
100206,2026-01-18,paid
100207,2026-01-12,organic
100208,2026-01-02,paid
100209,2026-01-09,organic
100210,2026-02-11,paid
100211,2026-02-13,organic
100212,2026-01-23,paid
100213,2026-02-27,organic
100214,2026-02-01,organic
100215,2026-02-20,organic
100216,2026-02-28,organic
100217,2026-02-19,paid
100218,2026-01-16,paid
100219,2026-01-01,organic
100220,2026-01-29,organic
100221,2026-02-19,paid
100222,2026-02-26,paid
100223,2026-02-02,paid
100224,2026-02-05,organic
100225,2026-01-21,paid
100226,2026-01-07,organic
100227,2026-01-18,paid
100228,2026-01-26,organic
100229,2026-01-17,paid
100230,2026-02-10,organic
100231,2026-01-22,organic
100232,2026-02-19,organic
100233,2026-02-28,paid
100234,2026-01-17,paid
100235,2026-01-11,organic
100236,2026-02-18,paid
100237,2026-01-24,organic
100238,2026-01-06,referral
100239,2026-01-14,paid
100240,2026-01-22,organic
100241,2026-01-23,paid
100242,2026-01-23,organic
100243,2026-02-01,paid
100244,2026-01-19,referral
100245,2026-01-31,organic
100246,2026-01-29,organic
100247,2026-01-24,paid
100248,2026-01-02,organic
100249,2026-02-14,paid
100250,2026-01-21,organic
100251,2026-01-05,referral
100252,2026-01-26,organic
100253,2026-02-19,referral
100254,2026-01-23,organic
100255,2026-01-21,paid
100256,2026-02-19,organic
100257,2026-02-16,paid
100258,2026-01-11,organic
100259,2026-01-04,organic
100260,2026-01-15,organic
100261,2026-02-13,organic
100262,2026-01-19,paid
100263,2026-02-12,paid
100264,2026-02-03,paid
100265,2026-01-12,organic
100266,2026-01-14,organic
100267,2026-01-13,referral
100268,2026-02-07,organic
100269,2026-02-06,organic
100270,2026-01-04,paid
100271,2026-01-05,organic
100272,2026-02-27,paid
100273,2026-02-12,organic
100274,2026-02-02,organic
100275,2026-02-01,paid
100276,2026-01-21,paid
100277,2026-02-09,organic
100278,2026-01-21,organic
100279,2026-01-24,paid
100280,2026-01-09,organic
100281,2026-01-10,organic
100282,2026-01-17,paid
100283,2026-01-28,paid
100284,2026-01-14,organic
100285,2026-02-26,paid
100286,2026-01-20,organic
100287,2026-02-17,organic
100288,2026-01-23,paid
100289,2026-01-01,paid
100290,2026-02-14,paid
100291,2026-02-02,paid
100292,2026-01-06,organic
100293,2026-01-28,organic
100294,2026-02-24,organic
100295,2026-01-23,paid
100296,2026-02-24,organic
100297,2026-02-10,paid
100298,2026-02-09,organic
100299,2026-01-01,paid
100300,2026-01-09,paid
100301,2026-02-14,organic
100302,2026-01-08,organic
100303,2026-02-04,organic
100304,2026-01-14,organic
100305,2026-02-09,organic
100306,2026-01-10,organic
100307,2026-01-17,organic
100308,2026-02-22,organic
100309,2026-01-22,paid
100310,2026-01-29,organic
100311,2026-01-30,paid
100312,2026-02-26,paid
100313,2026-01-10,paid
100314,2026-02-03,organic
100315,2026-02-20,paid
100316,2026-01-04,paid
100317,2026-02-05,organic
100318,2026-01-23,organic
100319,2026-02-13,organic
100320,2026-01-11,paid
100321,2026-01-01,paid
100322,2026-01-23,organic
100323,2026-01-31,paid
100324,2026-01-19,paid
100325,2026-01-07,organic
100326,2026-02-27,organic
100327,2026-02-12,organic
100328,2026-01-11,paid
100329,2026-02-08,paid
100330,2026-01-04,paid
100331,2026-01-16,organic
100332,2026-02-22,organic
100333,2026-02-17,referral
100334,2026-02-22,organic
100335,2026-02-17,organic
100336,2026-02-28,organic
100337,2026-02-05,paid
100338,2026-02-09,paid
100339,2026-01-26,organic
100340,2026-02-27,paid
100341,2026-02-05,organic
100342,2026-02-24,organic
100343,2026-01-25,referral
100344,2026-01-09,paid
100345,2026-01-11,paid
100346,2026-02-11,organic
100347,2026-02-17,organic
100348,2026-02-02,organic
100349,2026-01-02,organic
100350,2026-02-03,paid
100351,2026-02-22,organic
100352,2026-02-25,paid
100353,2026-02-26,organic
100354,2026-02-13,paid
100355,2026-01-28,organic
100356,2026-01-04,organic
100357,2026-01-08,paid
100358,2026-01-02,paid
100359,2026-02-11,paid
100360,2026-02-02,organic
100361,2026-02-15,organic
100362,2026-02-25,paid
100363,2026-01-09,organic
100364,2026-01-27,referral
100365,2026-02-12,paid
100366,2026-01-27,paid
100367,2026-02-21,organic
100368,2026-02-18,organic
100369,2026-02-16,paid
100370,2026-01-04,organic
100371,2026-01-06,organic
100372,2026-02-04,organic
100373,2026-02-09,organic
100374,2026-01-23,organic
100375,2026-02-11,organic
100376,2026-01-06,paid
100377,2026-01-05,paid
100378,2026-01-12,referral
100379,2026-01-11,paid
100380,2026-01-08,paid
100381,2026-01-23,organic
100382,2026-01-02,paid
100383,2026-01-14,paid
100384,2026-02-20,paid
100385,2026-02-03,organic
100386,2026-01-06,organic
100387,2026-02-19,organic
100388,2026-01-22,organic
100389,2026-02-11,paid
100390,2026-01-19,organic
100391,2026-02-26,organic
100392,2026-02-25,organic
100393,2026-01-06,paid
100394,2026-01-25,paid
100395,2026-01-09,organic
100396,2026-02-04,organic
100397,2026-02-04,organic
100398,2026-02-10,organic
100399,2026-01-05,organic
100400,2026-01-04,organic
100401,2026-02-26,organic
100402,2026-02-01,organic
100403,2026-01-01,organic
100404,2026-01-16,organic
100405,2026-02-27,organic
100406,2026-01-06,paid
100407,2026-02-01,organic
100408,2026-01-07,paid
100409,2026-02-02,organic
100410,2026-01-15,paid
100411,2026-01-29,organic
100412,2026-02-17,organic
100413,2026-02-28,paid
100414,2026-02-22,organic
100415,2026-01-12,organic
100416,2026-01-12,organic
100417,2026-01-04,paid
100418,2026-01-10,paid
100419,2026-01-27,organic
100420,2026-02-02,paid
100421,2026-01-08,paid
100422,2026-02-16,organic
100423,2026-01-10,organic
100424,2026-01-12,paid
100425,2026-01-19,organic
100426,2026-01-19,organic
100427,2026-02-19,organic
100428,2026-02-09,organic
100429,2026-02-24,organic
100430,2026-02-25,paid
100431,2026-02-27,paid
100432,2026-01-03,paid
100433,2026-02-22,paid
100434,2026-01-25,organic
100435,2026-01-09,organic
100436,2026-02-25,paid
100437,2026-01-27,organic
100438,2026-02-23,organic
100439,2026-01-09,organic
100440,2026-02-22,organic
100441,2026-02-01,organic
100442,2026-02-08,paid
100443,2026-02-22,paid
100444,2026-02-22,paid
100445,2026-01-08,paid
100446,2026-02-10,organic
100447,2026-01-23,organic
100448,2026-02-22,paid
100449,2026-02-15,referral
100450,2026-01-27,organic
100451,2026-02-06,paid
100452,2026-01-26,paid
100453,2026-01-11,organic
100454,2026-01-04,referral
100455,2026-02-22,paid
100456,2026-02-12,organic
100457,2026-01-19,referral
100458,2026-01-02,paid
100459,2026-01-13,paid
100460,2026-02-19,organic
100461,2026-01-18,organic
100462,2026-01-29,organic
100463,2026-01-28,organic
100464,2026-02-11,organic
100465,2026-02-08,organic
100466,2026-02-23,organic
100467,2026-01-23,paid
100468,2026-02-05,organic
100469,2026-02-01,organic
100470,2026-01-24,paid
100471,2026-02-24,organic
100472,2026-02-19,organic
100473,2026-01-16,paid
100474,2026-01-26,paid
100475,2026-01-17,paid
100476,2026-02-24,paid
100477,2026-01-01,organic
100478,2026-01-26,organic
100479,2026-01-28,organic
100480,2026-02-26,referral
100481,2026-02-24,paid
100482,2026-01-03,organic
100483,2026-01-20,organic
100484,2026-02-04,paid
100485,2026-01-13,organic
100486,2026-01-15,referral
100487,2026-02-02,paid
100488,2026-01-14,paid
100489,2026-01-11,organic
100490,2026-02-23,paid
100491,2026-02-07,paid
100492,2026-01-19,organic
100493,2026-02-20,organic
100494,2026-02-12,paid
100495,2026-02-11,paid
100496,2026-01-11,organic
100497,2026-01-09,paid
100498,2026-01-04,paid
100499,2026-01-28,organic
100500,2026-01-24,organic
100501,2026-02-27,organic
100502,2026-01-03,referral
100503,2026-02-09,organic
100504,2026-01-28,organic
100505,2026-01-13,organic
100506,2026-01-01,organic
100507,2026-01-27,organic
100508,2026-01-30,paid
100509,2026-02-13,organic
100510,2026-01-14,referral
100511,2026-01-02,organic
100512,2026-01-26,paid
100513,2026-01-16,paid
100514,2026-01-16,organic
100515,2026-02-02,organic
100516,2026-02-15,referral
100517,2026-01-11,organic
100518,2026-01-03,paid
100519,2026-01-09,organic
100520,2026-01-22,paid
100521,2026-02-10,organic
100522,2026-01-02,referral
100523,2026-01-05,paid
100524,2026-02-08,organic
100525,2026-02-03,organic
100526,2026-02-26,paid
100527,2026-01-28,organic
100528,2026-01-11,paid
100529,2026-01-02,organic
100530,2026-02-17,organic
100531,2026-02-10,organic
100532,2026-01-05,organic
100533,2026-01-12,paid
100534,2026-02-05,referral
100535,2026-02-15,referral
100536,2026-01-11,paid
100537,2026-02-25,paid
100538,2026-01-27,organic
100539,2026-02-09,referral
100540,2026-02-26,organic
100541,2026-02-24,organic
100542,2026-01-08,organic
100543,2026-02-10,organic
100544,2026-01-31,paid
100545,2026-01-07,paid
100546,2026-02-04,organic
100547,2026-02-25,paid
100548,2026-01-05,organic
100549,2026-01-01,organic
100550,2026-01-31,paid
100551,2026-01-16,paid
100552,2026-01-07,paid
100553,2026-01-14,paid
100554,2026-01-30,organic
100555,2026-01-30,organic
100556,2026-02-03,paid
100557,2026-01-20,paid
100558,2026-02-08,organic
100559,2026-01-19,organic
100560,2026-01-14,paid
100561,2026-01-22,organic
100562,2026-01-31,paid
100563,2026-01-19,organic
100564,2026-01-09,paid
100565,2026-02-19,organic
100566,2026-01-14,referral
100567,2026-02-12,organic
100568,2026-01-02,paid
100569,2026-02-24,organic
100570,2026-01-21,paid
100571,2026-01-30,organic
100572,2026-02-20,organic
100573,2026-02-11,paid
100574,2026-02-03,organic
100575,2026-01-08,paid
100576,2026-02-15,paid
100577,2026-02-17,organic
100578,2026-01-31,organic
100579,2026-02-09,organic
100580,2026-01-08,paid
100581,2026-01-14,organic
100582,2026-01-29,organic
100583,2026-01-18,organic
100584,2026-01-01,organic
100585,2026-01-28,organic
100586,2026-02-20,organic
100587,2026-01-02,organic
100588,2026-01-27,organic
100589,2026-02-28,organic
100590,2026-02-27,paid
100591,2026-01-09,organic
100592,2026-02-15,paid
100593,2026-01-09,organic
100594,2026-01-03,organic
100595,2026-02-23,organic
100596,2026-01-15,organic
100597,2026-02-04,organic
100598,2026-01-11,paid
100599,2026-02-12,paid
100600,2026-02-08,paid
100601,2026-01-10,organic
100602,2026-01-03,paid
100603,2026-02-07,organic
100604,2026-02-15,paid
100605,2026-01-02,referral
100606,2026-01-08,organic
100607,2026-01-10,organic
100608,2026-02-28,organic
100609,2026-02-09,organic
100610,2026-01-18,organic
100611,2026-02-03,organic
100612,2026-01-29,paid
100613,2026-01-03,organic
100614,2026-01-14,organic
100615,2026-02-09,referral
100616,2026-02-15,paid
100617,2026-01-26,organic
100618,2026-01-04,organic
100619,2026-01-28,paid
100620,2026-01-25,paid
100621,2026-01-18,organic
100622,2026-01-23,organic
100623,2026-02-11,organic
100624,2026-01-15,organic
100625,2026-02-14,paid
100626,2026-01-20,organic
100627,2026-01-22,paid
100628,2026-01-22,organic
100629,2026-01-14,organic
100630,2026-02-08,organic
100631,2026-02-28,organic
100632,2026-01-25,organic
100633,2026-02-11,organic
100634,2026-02-06,referral
100635,2026-01-13,referral
100636,2026-01-27,organic
100637,2026-01-23,organic
100638,2026-02-12,organic
100639,2026-02-20,organic
100640,2026-02-13,organic
100641,2026-02-15,paid
100642,2026-02-05,organic
100643,2026-01-08,organic
100644,2026-01-21,organic
100645,2026-02-04,paid
100646,2026-02-08,paid
100647,2026-02-01,organic
100648,2026-02-09,organic
100649,2026-02-22,paid
100650,2026-01-12,organic
100651,2026-01-02,organic
100652,2026-01-27,paid
100653,2026-01-19,organic
100654,2026-01-23,organic
100655,2026-01-10,paid
100656,2026-02-02,organic
100657,2026-02-04,organic
100658,2026-01-16,referral
100659,2026-01-07,organic
100660,2026-01-03,organic
100661,2026-01-22,paid
100662,2026-02-22,organic
100663,2026-02-13,organic
100664,2026-01-02,paid
100665,2026-01-10,paid
100666,2026-02-02,organic
100667,2026-02-20,organic
100668,2026-01-20,organic
100669,2026-01-23,organic
100670,2026-01-25,paid
100671,2026-01-01,paid
100672,2026-02-01,paid
100673,2026-02-06,paid
100674,2026-01-14,paid
100675,2026-01-31,paid
100676,2026-02-24,paid
100677,2026-01-26,paid
100678,2026-02-01,organic
100679,2026-02-12,organic
100680,2026-01-23,organic
100681,2026-02-03,organic
100682,2026-02-26,paid
100683,2026-01-16,organic
100684,2026-01-10,organic
100685,2026-02-09,organic
100686,2026-02-19,paid
100687,2026-02-14,paid
100688,2026-01-19,organic
100689,2026-02-13,paid
100690,2026-02-03,paid
100691,2026-02-13,paid
100692,2026-01-07,organic
100693,2026-01-17,organic
100694,2026-01-16,organic
100695,2026-02-10,paid
100696,2026-02-13,organic
100697,2026-01-11,organic
100698,2026-02-27,organic
100699,2026-02-08,organic
100700,2026-01-24,organic
100701,2026-02-07,organic
100702,2026-02-10,organic
100703,2026-01-05,paid
100704,2026-01-10,paid
100705,2026-01-08,organic
100706,2026-01-16,organic
100707,2026-02-09,organic
100708,2026-02-28,organic
100709,2026-02-17,paid
100710,2026-01-18,organic
100711,2026-02-26,referral
100712,2026-02-13,organic
100713,2026-01-09,organic
100714,2026-02-15,organic
100715,2026-02-13,paid
100716,2026-01-12,paid
100717,2026-01-03,paid
100718,2026-01-26,paid
100719,2026-01-01,referral
100720,2026-01-01,paid
100721,2026-01-16,paid
100722,2026-01-24,organic
100723,2026-02-13,organic
100724,2026-01-10,paid
100725,2026-01-25,organic
100726,2026-01-11,organic
100727,2026-02-07,referral
100728,2026-02-05,referral
100729,2026-01-21,organic
100730,2026-01-21,paid
100731,2026-01-23,paid
100732,2026-02-07,paid
100733,2026-01-23,paid
100734,2026-01-03,paid
100735,2026-01-27,organic
100736,2026-02-26,organic
100737,2026-01-31,paid
100738,2026-02-21,referral
100739,2026-01-28,paid
100740,2026-02-14,organic
100741,2026-02-02,organic
100742,2026-01-29,paid
100743,2026-01-28,organic
100744,2026-01-12,paid
100745,2026-01-12,paid
100746,2026-02-09,organic
100747,2026-01-09,organic
100748,2026-01-31,organic
100749,2026-01-16,organic
100750,2026-01-19,paid
100751,2026-02-28,organic
100752,2026-02-16,referral
100753,2026-01-10,organic
100754,2026-01-24,organic
100755,2026-02-05,organic
100756,2026-02-05,paid
100757,2026-01-24,organic
100758,2026-02-04,paid
100759,2026-01-31,organic
100760,2026-01-23,paid
100761,2026-02-13,organic
100762,2026-02-07,organic
100763,2026-01-21,organic
100764,2026-02-24,referral
100765,2026-02-07,paid
100766,2026-01-16,organic
100767,2026-02-20,paid
100768,2026-01-12,organic
100769,2026-02-16,organic
100770,2026-02-25,organic
100771,2026-01-26,organic
100772,2026-02-20,organic
100773,2026-01-19,organic
100774,2026-02-23,paid
100775,2026-01-21,paid
100776,2026-01-15,paid
100777,2026-01-26,organic
100778,2026-02-26,organic
100779,2026-01-04,paid
100780,2026-02-01,organic
100781,2026-02-06,organic
100782,2026-02-27,organic
100783,2026-02-25,paid
100784,2026-02-22,referral
100785,2026-01-28,paid
100786,2026-02-27,paid
100787,2026-02-13,paid
100788,2026-02-17,organic
100789,2026-02-06,organic
100790,2026-01-21,paid
100791,2026-02-15,paid
100792,2026-02-28,referral
100793,2026-01-07,organic
100794,2026-01-21,paid
100795,2026-01-12,organic
100796,2026-02-27,paid
100797,2026-02-07,organic
100798,2026-01-14,paid
100799,2026-02-26,organic
100800,2026-02-18,paid
100801,2026-02-04,organic
100802,2026-02-15,organic
100803,2026-02-10,paid
100804,2026-02-20,paid
100805,2026-01-03,paid
100806,2026-01-08,organic
100807,2026-01-29,organic
100808,2026-02-11,organic
100809,2026-02-11,organic
100810,2026-01-17,organic
100811,2026-02-21,paid
100812,2026-01-24,paid
100813,2026-01-29,organic
100814,2026-01-15,organic
100815,2026-01-20,organic
100816,2026-01-26,organic
100817,2026-02-07,organic
100818,2026-02-17,organic
100819,2026-02-14,paid
100820,2026-01-01,paid
100821,2026-01-26,paid
100822,2026-02-10,organic
100823,2026-02-03,referral
100824,2026-01-25,organic
100825,2026-02-01,organic
100826,2026-02-27,paid
100827,2026-02-21,organic
100828,2026-02-01,paid
100829,2026-02-13,paid
100830,2026-01-15,organic
100831,2026-01-28,organic
100832,2026-02-02,organic
100833,2026-02-09,organic
100834,2026-01-08,paid
100835,2026-01-13,paid
100836,2026-02-13,organic
100837,2026-01-03,organic
100838,2026-02-08,paid
100839,2026-02-21,organic
100840,2026-02-26,organic
100841,2026-02-04,organic
100842,2026-01-08,paid
100843,2026-02-23,organic
100844,2026-01-06,paid
100845,2026-02-15,organic
100846,2026-01-09,organic
100847,2026-01-23,paid
100848,2026-02-22,organic
100849,2026-01-07,organic
100850,2026-01-20,paid
100851,2026-02-16,organic
100852,2026-01-29,referral
100853,2026-02-09,organic
100854,2026-02-05,paid
100855,2026-02-22,paid
100856,2026-01-16,organic
100857,2026-01-23,paid
100858,2026-02-08,organic
100859,2026-01-01,organic
100860,2026-02-14,organic
100861,2026-02-10,paid
100862,2026-01-25,organic
100863,2026-01-08,organic
100864,2026-01-22,paid
100865,2026-01-19,organic
100866,2026-01-25,paid
100867,2026-01-20,paid
100868,2026-01-09,paid
100869,2026-01-30,organic
100870,2026-02-25,organic
100871,2026-01-26,organic
100872,2026-01-15,organic
100873,2026-01-21,paid
100874,2026-02-07,paid
100875,2026-01-12,referral
100876,2026-01-22,organic
100877,2026-01-12,paid
100878,2026-02-06,paid
100879,2026-01-10,organic
100880,2026-02-20,paid
100881,2026-01-13,organic
100882,2026-02-19,paid
100883,2026-01-11,organic
100884,2026-01-18,organic
100885,2026-02-13,paid
100886,2026-02-11,organic
100887,2026-01-20,paid
100888,2026-02-11,organic
100889,2026-01-18,organic
100890,2026-01-17,paid
100891,2026-02-21,paid
100892,2026-01-01,paid
100893,2026-01-30,paid
100894,2026-01-15,organic
100895,2026-02-17,paid
100896,2026-02-12,paid
100897,2026-02-01,organic
100898,2026-02-17,paid
100899,2026-01-17,organic
100900,2026-02-14,organic
100901,2026-02-19,paid
100902,2026-01-07,organic
100903,2026-02-21,organic
100904,2026-01-08,organic
100905,2026-01-26,organic
100906,2026-01-02,organic
100907,2026-02-07,paid
100908,2026-02-13,paid
100909,2026-01-03,organic
100910,2026-02-17,organic
100911,2026-01-29,organic
100912,2026-01-12,paid
100913,2026-02-06,paid
100914,2026-02-24,organic
100915,2026-02-13,paid
100916,2026-01-12,paid
100917,2026-02-06,paid
100918,2026-02-24,referral
100919,2026-02-28,organic
100920,2026-01-25,organic
100921,2026-01-18,paid
100922,2026-01-25,organic
100923,2026-02-23,organic
100924,2026-02-12,organic
100925,2026-01-18,organic
100926,2026-02-16,organic
100927,2026-01-08,organic
100928,2026-02-14,organic
100929,2026-02-24,organic
100930,2026-02-25,organic
100931,2026-01-01,organic
100932,2026-02-06,paid
100933,2026-02-15,organic
100934,2026-01-13,paid
100935,2026-01-21,paid
100936,2026-02-11,organic
100937,2026-01-09,paid
100938,2026-02-21,organic
100939,2026-01-15,organic
100940,2026-01-18,paid
100941,2026-02-08,organic
100942,2026-01-22,paid
100943,2026-02-18,organic
100944,2026-02-22,organic
100945,2026-01-07,organic
100946,2026-02-23,organic
100947,2026-02-08,organic
100948,2026-02-16,organic
100949,2026-01-14,paid
100950,2026-01-21,referral
100951,2026-02-05,paid
100952,2026-02-20,paid
100953,2026-01-25,organic
100954,2026-02-17,paid
100955,2026-01-04,organic
100956,2026-01-20,paid
100957,2026-01-30,referral
100958,2026-01-18,organic
100959,2026-02-13,organic
100960,2026-02-23,organic
100961,2026-02-07,organic
100962,2026-01-08,paid
100963,2026-02-02,paid
100964,2026-02-01,paid
100965,2026-01-18,organic
100966,2026-01-19,organic
100967,2026-01-05,organic
100968,2026-02-07,organic
100969,2026-02-07,organic
100970,2026-01-12,organic
100971,2026-02-05,paid
100972,2026-02-16,organic
100973,2026-01-29,organic
100974,2026-01-15,paid
100975,2026-01-30,paid
100976,2026-02-20,referral
100977,2026-02-28,organic
100978,2026-02-07,organic
100979,2026-01-12,organic
100980,2026-02-01,organic
100981,2026-01-22,paid
100982,2026-01-20,paid
100983,2026-02-18,paid
100984,2026-01-08,organic
100985,2026-01-22,paid
100986,2026-01-02,organic
100987,2026-01-29,organic
100988,2026-02-01,organic
100989,2026-01-27,paid
100990,2026-02-27,paid
100991,2026-02-27,organic
100992,2026-01-13,paid
100993,2026-02-27,organic
100994,2026-01-16,organic
100995,2026-01-22,paid
100996,2026-02-26,paid
100997,2026-01-21,organic
100998,2026-01-25,paid
100999,2026-02-17,organic
101000,2026-02-14,organic
101001,2026-01-16,organic
101002,2026-01-28,referral
101003,2026-02-16,paid
101004,2026-01-09,organic
101005,2026-02-15,organic
101006,2026-01-29,paid
101007,2026-02-24,organic
101008,2026-02-12,organic
101009,2026-02-17,organic
101010,2026-02-16,organic
101011,2026-02-13,referral
101012,2026-01-22,organic
101013,2026-01-23,referral
101014,2026-02-21,paid
101015,2026-02-11,organic
101016,2026-02-27,organic
101017,2026-02-19,paid
101018,2026-01-30,organic
101019,2026-02-23,organic
101020,2026-01-01,organic
101021,2026-01-23,organic
101022,2026-01-23,organic
101023,2026-02-23,paid
101024,2026-02-06,organic
101025,2026-01-17,paid
101026,2026-02-12,organic
101027,2026-01-21,paid
101028,2026-02-08,paid
101029,2026-02-08,organic
101030,2026-01-20,organic
101031,2026-01-09,paid
101032,2026-01-27,organic
101033,2026-02-19,paid
101034,2026-02-15,paid
101035,2026-02-23,paid
101036,2026-02-02,organic
101037,2026-02-25,paid
101038,2026-01-24,paid
101039,2026-02-24,organic
101040,2026-01-06,paid
101041,2026-01-18,organic
101042,2026-02-12,organic
101043,2026-01-19,paid
101044,2026-02-18,referral
101045,2026-01-07,paid
101046,2026-01-05,organic
101047,2026-01-25,paid
101048,2026-02-16,paid
101049,2026-02-06,paid
101050,2026-01-02,organic
101051,2026-02-05,organic
101052,2026-01-15,organic
101053,2026-02-10,organic
101054,2026-01-18,organic
101055,2026-02-22,paid
101056,2026-01-02,organic
101057,2026-02-21,organic
101058,2026-01-12,organic
101059,2026-01-06,organic
101060,2026-02-15,paid
101061,2026-02-14,paid
101062,2026-01-14,organic
101063,2026-02-13,paid
101064,2026-01-03,organic
101065,2026-01-01,organic
101066,2026-02-24,paid
101067,2026-02-18,organic
101068,2026-02-16,organic
101069,2026-02-15,organic
101070,2026-01-07,organic
101071,2026-02-24,organic
101072,2026-02-22,paid
101073,2026-01-23,organic
101074,2026-01-15,organic
101075,2026-02-12,referral
101076,2026-02-12,paid
101077,2026-02-14,organic
101078,2026-01-26,organic
101079,2026-01-13,organic
101080,2026-01-25,referral
101081,2026-02-07,organic
101082,2026-02-21,organic
101083,2026-01-29,paid
101084,2026-01-17,paid
101085,2026-01-18,organic
101086,2026-01-01,organic
101087,2026-01-26,organic
101088,2026-01-04,organic
101089,2026-01-16,paid
101090,2026-02-14,paid
101091,2026-02-05,organic
101092,2026-01-18,organic
101093,2026-01-01,paid
101094,2026-01-07,organic
101095,2026-02-14,referral
101096,2026-02-14,paid
101097,2026-02-26,referral
101098,2026-01-13,organic
101099,2026-01-17,organic
101100,2026-01-26,organic
101101,2026-01-23,paid
101102,2026-02-27,organic
101103,2026-02-10,paid
101104,2026-02-27,organic
101105,2026-02-27,paid
101106,2026-02-04,paid
101107,2026-02-17,organic
101108,2026-01-06,referral
101109,2026-01-18,organic
101110,2026-02-26,organic
101111,2026-01-11,organic
101112,2026-01-10,organic
101113,2026-01-30,organic
101114,2026-02-20,paid
101115,2026-01-23,organic
101116,2026-02-15,paid
101117,2026-01-27,referral
101118,2026-02-18,organic
101119,2026-01-13,paid
101120,2026-02-05,organic
101121,2026-02-01,organic
101122,2026-01-10,paid
101123,2026-01-11,organic
101124,2026-02-02,paid
101125,2026-01-20,referral
101126,2026-02-24,organic
101127,2026-01-07,organic
101128,2026-02-06,organic
101129,2026-01-05,organic
101130,2026-02-19,paid
101131,2026-02-20,organic
101132,2026-02-07,paid
101133,2026-02-17,organic
101134,2026-01-08,organic
101135,2026-02-14,paid
101136,2026-01-19,paid
101137,2026-01-21,organic
101138,2026-01-06,referral
101139,2026-02-23,organic
101140,2026-01-18,paid
101141,2026-01-27,organic
101142,2026-02-20,organic
101143,2026-02-08,paid
101144,2026-01-18,paid
101145,2026-01-05,paid
101146,2026-02-10,referral
101147,2026-02-13,paid
101148,2026-02-15,paid
101149,2026-02-14,organic
101150,2026-02-02,organic
101151,2026-01-29,organic
101152,2026-02-28,paid
101153,2026-02-11,paid
101154,2026-02-23,organic
101155,2026-01-04,paid
101156,2026-02-14,organic
101157,2026-01-19,organic
101158,2026-01-22,organic
101159,2026-02-01,organic
101160,2026-01-27,organic
101161,2026-02-03,paid
101162,2026-01-24,organic
101163,2026-02-05,organic
101164,2026-02-20,organic
101165,2026-02-11,referral
101166,2026-02-05,paid
101167,2026-01-22,paid
101168,2026-01-04,paid
101169,2026-01-22,organic
101170,2026-01-09,paid
101171,2026-02-15,organic
101172,2026-02-28,organic
101173,2026-01-27,paid
101174,2026-02-22,organic
101175,2026-02-08,paid
101176,2026-01-15,organic
101177,2026-02-20,organic
101178,2026-02-22,organic
101179,2026-01-13,organic
101180,2026-02-28,organic
101181,2026-01-12,organic
101182,2026-01-03,organic
101183,2026-02-07,organic
101184,2026-02-05,referral
101185,2026-01-13,paid
101186,2026-01-25,organic
101187,2026-02-25,organic
101188,2026-02-05,organic
101189,2026-02-14,paid
101190,2026-02-03,organic
101191,2026-02-18,organic
101192,2026-02-04,organic
101193,2026-02-11,paid
101194,2026-01-24,organic
101195,2026-02-20,organic
101196,2026-02-28,organic
101197,2026-02-11,organic
101198,2026-02-07,paid
101199,2026-01-24,paid
101200,2026-01-16,organic
101201,2026-01-26,paid
101202,2026-01-20,paid
101203,2026-02-05,organic
101204,2026-01-10,paid
101205,2026-02-22,organic
101206,2026-02-04,organic
101207,2026-02-05,organic
101208,2026-01-23,paid
101209,2026-01-05,organic
101210,2026-01-02,organic
101211,2026-01-14,paid
101212,2026-01-14,paid
101213,2026-02-02,paid
101214,2026-02-12,organic
101215,2026-02-23,organic
101216,2026-01-04,organic
101217,2026-02-08,paid
101218,2026-01-04,organic
101219,2026-02-02,organic
101220,2026-02-09,paid
101221,2026-01-14,organic
101222,2026-01-18,organic
101223,2026-02-16,paid
101224,2026-01-15,paid
101225,2026-01-26,organic
101226,2026-02-26,organic
101227,2026-01-30,paid
101228,2026-02-24,paid
101229,2026-02-08,paid
101230,2026-02-17,paid
101231,2026-01-17,paid
101232,2026-01-03,organic
101233,2026-02-04,organic
101234,2026-01-08,organic
101235,2026-01-09,organic
101236,2026-01-29,organic
101237,2026-02-03,organic
101238,2026-02-06,paid
101239,2026-01-06,organic
101240,2026-02-06,paid
101241,2026-02-02,organic
101242,2026-02-27,organic
101243,2026-02-05,paid
101244,2026-01-08,organic
101245,2026-01-03,organic
101246,2026-01-25,organic
101247,2026-01-30,organic
101248,2026-02-16,organic
101249,2026-01-14,organic
101250,2026-01-17,organic
101251,2026-02-02,organic
101252,2026-02-10,organic
101253,2026-01-31,organic
101254,2026-01-13,paid
101255,2026-02-20,referral
101256,2026-02-19,organic
101257,2026-01-26,paid
101258,2026-01-12,organic
101259,2026-02-10,organic
101260,2026-02-17,organic
101261,2026-01-26,organic
101262,2026-01-25,paid
101263,2026-02-25,organic
101264,2026-02-18,organic
101265,2026-02-15,organic
101266,2026-01-02,paid
101267,2026-01-19,organic
101268,2026-02-18,organic
101269,2026-01-05,organic
101270,2026-02-17,organic
101271,2026-02-21,organic
101272,2026-02-07,paid
101273,2026-01-14,paid
101274,2026-02-05,paid
101275,2026-01-27,organic
101276,2026-01-15,organic
101277,2026-01-15,organic
101278,2026-01-06,paid
101279,2026-01-29,organic
101280,2026-02-20,organic
101281,2026-02-22,paid
101282,2026-01-28,organic
101283,2026-02-13,paid
101284,2026-01-27,organic
101285,2026-02-23,referral
101286,2026-01-18,organic
101287,2026-02-06,organic
101288,2026-01-31,organic
101289,2026-02-06,paid
101290,2026-01-14,referral
101291,2026-02-08,paid
101292,2026-01-19,organic
101293,2026-02-19,organic
101294,2026-01-23,organic
101295,2026-02-23,organic
101296,2026-01-29,paid
101297,2026-01-18,paid
101298,2026-02-28,organic
101299,2026-01-01,organic
101300,2026-02-15,paid
101301,2026-01-09,paid
101302,2026-01-07,paid
101303,2026-02-12,referral
101304,2026-01-24,paid
101305,2026-01-31,organic
101306,2026-02-06,paid
101307,2026-02-23,organic
101308,2026-02-03,paid
101309,2026-02-03,paid
101310,2026-02-28,paid
101311,2026-02-26,organic
101312,2026-02-21,paid
101313,2026-02-08,referral
101314,2026-02-22,organic
101315,2026-01-07,paid
101316,2026-02-16,organic
101317,2026-02-28,paid
101318,2026-02-25,organic
101319,2026-01-13,organic
101320,2026-01-18,organic
101321,2026-01-07,organic
101322,2026-01-05,organic
101323,2026-02-15,paid
101324,2026-01-08,organic
101325,2026-01-18,paid
101326,2026-02-12,organic
101327,2026-02-13,organic
101328,2026-01-18,paid
101329,2026-01-02,organic
101330,2026-01-23,paid
101331,2026-01-02,organic
101332,2026-01-09,paid
101333,2026-02-02,organic
101334,2026-02-02,organic
101335,2026-01-07,paid
101336,2026-01-31,paid
101337,2026-02-27,organic
101338,2026-02-10,organic
101339,2026-02-18,organic
101340,2026-01-11,paid
101341,2026-02-23,organic
101342,2026-02-10,paid
101343,2026-01-31,organic
101344,2026-01-16,organic
101345,2026-02-02,organic
101346,2026-01-06,organic
101347,2026-02-13,organic
101348,2026-02-23,paid
101349,2026-02-26,organic
101350,2026-01-17,organic
101351,2026-01-09,organic
101352,2026-01-01,paid
101353,2026-01-09,paid
101354,2026-01-20,paid
101355,2026-02-23,organic
101356,2026-02-17,organic
101357,2026-02-27,paid
101358,2026-01-28,paid
101359,2026-02-25,organic
101360,2026-01-05,paid
101361,2026-01-19,organic
101362,2026-01-03,paid
101363,2026-02-22,paid
101364,2026-02-12,organic
101365,2026-02-15,paid
101366,2026-02-18,organic
101367,2026-02-20,paid
101368,2026-01-26,paid
101369,2026-01-17,paid
101370,2026-02-11,organic
101371,2026-01-11,referral
101372,2026-01-15,organic
101373,2026-01-01,paid
101374,2026-01-10,paid
101375,2026-01-10,organic
101376,2026-02-16,organic
101377,2026-01-20,paid
101378,2026-02-09,organic
101379,2026-01-06,organic
101380,2026-01-18,organic
101381,2026-01-01,organic
101382,2026-02-21,organic
101383,2026-02-14,organic
101384,2026-02-11,paid
101385,2026-01-09,organic
101386,2026-01-09,organic
101387,2026-01-16,organic
101388,2026-02-26,organic
101389,2026-01-30,organic
101390,2026-01-10,organic
101391,2026-02-22,organic
101392,2026-01-22,organic
101393,2026-02-12,paid
101394,2026-01-16,referral
101395,2026-01-14,organic
101396,2026-02-04,organic
101397,2026-01-28,organic
101398,2026-01-06,organic
101399,2026-01-04,organic
101400,2026-01-19,paid
101401,2026-02-19,paid
101402,2026-02-19,organic
101403,2026-01-30,organic
101404,2026-01-16,paid
101405,2026-01-31,organic
101406,2026-01-13,paid
101407,2026-02-01,organic
101408,2026-01-05,organic
101409,2026-02-18,organic
101410,2026-01-15,organic
101411,2026-02-13,paid
101412,2026-01-30,paid
101413,2026-01-18,paid
101414,2026-01-27,organic
101415,2026-02-28,paid
101416,2026-02-25,referral
101417,2026-01-21,organic
101418,2026-02-02,paid
101419,2026-01-15,paid
101420,2026-01-03,organic
101421,2026-02-26,paid
101422,2026-01-18,paid
101423,2026-01-08,organic
101424,2026-01-30,organic
101425,2026-01-12,organic
101426,2026-02-21,organic
101427,2026-01-07,organic
101428,2026-01-20,organic
101429,2026-02-13,paid
101430,2026-02-04,paid
101431,2026-02-05,organic
101432,2026-01-16,organic
101433,2026-01-06,paid
101434,2026-02-11,paid
101435,2026-02-07,organic
101436,2026-01-01,organic
101437,2026-01-27,paid
101438,2026-01-22,organic
101439,2026-02-21,organic
101440,2026-02-01,paid
101441,2026-01-27,organic
101442,2026-02-13,organic
101443,2026-01-26,organic
101444,2026-01-08,organic
101445,2026-01-20,organic
101446,2026-02-16,organic
101447,2026-01-16,paid
101448,2026-01-22,referral
101449,2026-01-26,organic
101450,2026-01-13,organic
101451,2026-01-25,referral
101452,2026-02-22,organic
101453,2026-01-01,organic
101454,2026-02-21,organic
101455,2026-01-11,organic
101456,2026-01-29,organic
101457,2026-02-28,organic
101458,2026-02-10,organic
101459,2026-02-08,organic
101460,2026-02-04,paid
101461,2026-02-13,paid
101462,2026-02-13,organic
101463,2026-02-07,organic
101464,2026-01-04,paid
101465,2026-01-11,paid
101466,2026-01-14,organic
101467,2026-01-14,organic
101468,2026-02-15,organic
101469,2026-01-16,organic
101470,2026-02-08,paid
101471,2026-01-29,paid
101472,2026-01-04,organic
101473,2026-02-12,organic
101474,2026-01-04,organic
101475,2026-02-28,organic
101476,2026-01-31,organic
101477,2026-01-25,organic
101478,2026-02-16,organic
101479,2026-02-15,organic
101480,2026-01-21,organic
101481,2026-01-31,paid
101482,2026-02-18,organic
101483,2026-01-16,paid
101484,2026-02-24,organic
101485,2026-02-03,organic
101486,2026-01-27,organic
101487,2026-02-01,organic
101488,2026-02-21,paid
101489,2026-01-13,organic
101490,2026-02-08,paid
101491,2026-02-04,organic
101492,2026-02-25,organic
101493,2026-02-01,organic
101494,2026-02-22,organic
101495,2026-02-26,organic
101496,2026-01-13,paid
101497,2026-02-02,organic
101498,2026-02-17,organic
101499,2026-01-13,paid
101500,2026-01-08,paid
101501,2026-01-31,paid
101502,2026-02-06,organic
101503,2026-01-03,paid
101504,2026-02-03,paid
101505,2026-02-21,organic
101506,2026-02-21,organic
101507,2026-02-22,paid
101508,2026-02-20,paid
101509,2026-01-05,paid
101510,2026-01-01,paid
101511,2026-01-15,organic
101512,2026-02-21,organic
101513,2026-02-01,paid
101514,2026-02-16,paid
101515,2026-01-02,organic
101516,2026-02-02,organic
101517,2026-01-23,organic
101518,2026-01-18,organic
101519,2026-01-14,organic
101520,2026-01-02,paid
101521,2026-01-19,organic
101522,2026-02-08,paid
101523,2026-01-08,organic
101524,2026-01-26,organic
101525,2026-02-14,organic
101526,2026-01-06,organic
101527,2026-01-31,organic
101528,2026-02-12,organic
101529,2026-02-19,organic
101530,2026-01-04,paid
101531,2026-01-26,organic
101532,2026-01-31,organic
101533,2026-01-25,organic
101534,2026-01-02,paid
101535,2026-01-18,organic
101536,2026-01-12,organic
101537,2026-01-17,paid
101538,2026-01-22,organic
101539,2026-02-09,paid
101540,2026-01-28,organic
101541,2026-02-10,organic
101542,2026-01-01,paid
101543,2026-02-09,organic
101544,2026-01-03,organic
101545,2026-01-03,organic
101546,2026-01-11,organic
101547,2026-01-20,paid
101548,2026-02-25,paid
101549,2026-01-26,paid
101550,2026-02-23,organic
101551,2026-02-24,paid
101552,2026-01-29,organic
101553,2026-01-24,organic
101554,2026-01-13,organic
101555,2026-01-29,organic
101556,2026-01-15,organic
101557,2026-02-05,organic
101558,2026-01-30,organic
101559,2026-02-20,paid
101560,2026-01-14,organic
101561,2026-01-25,paid
101562,2026-01-06,paid
101563,2026-01-22,paid
101564,2026-01-02,organic
101565,2026-02-26,organic
101566,2026-02-22,paid
101567,2026-02-20,organic
101568,2026-02-17,organic
101569,2026-02-16,paid
101570,2026-01-24,organic
101571,2026-02-22,paid
101572,2026-01-05,organic
101573,2026-02-03,paid
101574,2026-01-04,organic
101575,2026-02-05,organic
101576,2026-01-21,paid
101577,2026-01-01,organic
101578,2026-02-13,organic
101579,2026-01-23,paid
101580,2026-01-30,paid
101581,2026-01-06,paid
101582,2026-02-02,organic
101583,2026-01-15,organic
101584,2026-02-28,organic
101585,2026-02-13,organic
101586,2026-02-12,organic
101587,2026-02-25,paid
101588,2026-01-26,paid
101589,2026-01-17,organic
101590,2026-02-01,referral
101591,2026-01-11,organic
101592,2026-02-07,organic
101593,2026-01-17,paid
101594,2026-01-17,referral
101595,2026-01-24,organic
101596,2026-02-10,organic
101597,2026-01-09,organic
101598,2026-02-24,organic
101599,2026-02-13,paid
101600,2026-02-19,paid
101601,2026-01-13,organic
101602,2026-01-05,organic
101603,2026-01-18,paid
101604,2026-02-12,paid
101605,2026-01-31,paid
101606,2026-02-15,organic
101607,2026-02-02,paid
101608,2026-01-20,organic
101609,2026-01-22,paid
101610,2026-02-04,paid
101611,2026-02-19,organic
101612,2026-01-10,organic
101613,2026-02-28,organic
101614,2026-02-10,organic
101615,2026-02-20,organic
101616,2026-02-05,paid
101617,2026-01-30,paid
101618,2026-01-04,organic
101619,2026-02-28,paid
101620,2026-02-14,referral
101621,2026-02-04,organic
101622,2026-01-16,paid
101623,2026-01-25,paid
101624,2026-01-21,paid
101625,2026-02-06,organic
101626,2026-02-19,organic
101627,2026-01-04,paid
101628,2026-01-14,paid
101629,2026-01-20,paid
101630,2026-01-11,paid
101631,2026-01-12,referral
101632,2026-01-15,organic
101633,2026-02-21,paid
101634,2026-02-01,organic
101635,2026-02-13,organic
101636,2026-02-21,paid
101637,2026-01-24,organic
101638,2026-01-28,paid
101639,2026-02-15,paid
101640,2026-01-22,paid
101641,2026-02-06,organic
101642,2026-02-17,referral
101643,2026-01-12,paid
101644,2026-01-05,organic
101645,2026-01-15,paid
101646,2026-01-24,organic
101647,2026-01-07,organic
101648,2026-02-21,organic
101649,2026-01-10,organic
101650,2026-02-23,paid
101651,2026-02-26,organic
101652,2026-01-30,organic
101653,2026-01-06,paid
101654,2026-02-23,organic
101655,2026-01-06,organic
101656,2026-02-18,organic
101657,2026-01-16,organic
101658,2026-01-12,paid
101659,2026-01-28,organic
101660,2026-01-02,paid
101661,2026-01-10,paid
101662,2026-02-15,paid
101663,2026-02-08,paid
101664,2026-02-28,organic
101665,2026-02-22,organic
101666,2026-01-26,organic
101667,2026-01-15,organic
101668,2026-01-05,organic
101669,2026-02-09,organic
101670,2026-02-03,organic
101671,2026-02-22,referral
101672,2026-01-20,organic
101673,2026-02-03,organic
101674,2026-02-12,paid
101675,2026-01-12,paid
101676,2026-01-17,paid
101677,2026-02-06,paid
101678,2026-02-07,organic
101679,2026-02-22,organic
101680,2026-02-04,organic
101681,2026-01-28,organic
101682,2026-01-19,referral
101683,2026-01-11,paid
101684,2026-01-29,organic
101685,2026-01-24,organic
101686,2026-01-14,organic
101687,2026-02-19,organic
101688,2026-01-30,paid
101689,2026-01-22,organic
101690,2026-02-04,paid
101691,2026-01-28,organic
101692,2026-02-18,organic
101693,2026-02-14,organic
101694,2026-01-09,organic
101695,2026-01-17,organic
101696,2026-01-01,organic
101697,2026-01-01,referral
101698,2026-02-11,organic
101699,2026-01-24,paid
101700,2026-01-17,organic
101701,2026-02-21,organic
101702,2026-02-28,paid
101703,2026-01-02,organic
101704,2026-02-09,referral
101705,2026-01-03,paid
101706,2026-02-04,organic
101707,2026-02-02,paid
101708,2026-01-02,referral
101709,2026-01-05,organic
101710,2026-02-24,organic
101711,2026-01-17,paid
101712,2026-01-18,organic
101713,2026-01-24,organic
101714,2026-02-09,paid
101715,2026-01-07,organic
101716,2026-01-26,paid
101717,2026-01-14,organic
101718,2026-01-27,paid
101719,2026-01-15,paid
101720,2026-02-24,organic
101721,2026-02-15,organic
101722,2026-02-07,organic
101723,2026-02-12,referral
101724,2026-01-25,paid
101725,2026-02-08,paid
101726,2026-02-22,organic
101727,2026-01-28,organic
101728,2026-01-02,organic
101729,2026-01-04,paid
101730,2026-02-25,referral
101731,2026-01-25,paid
101732,2026-01-13,organic
101733,2026-02-11,organic
101734,2026-02-27,organic
101735,2026-01-27,organic
101736,2026-02-14,organic
101737,2026-02-27,paid
101738,2026-01-24,paid
101739,2026-01-23,paid
101740,2026-01-29,organic
101741,2026-01-03,paid
101742,2026-01-29,organic
101743,2026-01-22,referral
101744,2026-01-15,paid
101745,2026-01-17,organic
101746,2026-02-15,paid
101747,2026-02-28,organic
101748,2026-01-02,organic
101749,2026-01-06,organic
101750,2026-01-09,organic
101751,2026-02-01,organic
101752,2026-02-18,organic
101753,2026-01-10,paid
101754,2026-01-02,referral
101755,2026-01-26,organic
101756,2026-01-16,paid
101757,2026-02-15,referral
101758,2026-01-17,organic
101759,2026-01-26,organic
101760,2026-02-09,organic
101761,2026-02-18,paid
101762,2026-02-15,organic
101763,2026-01-29,organic
101764,2026-02-02,organic
101765,2026-01-26,referral
101766,2026-02-22,organic
101767,2026-02-04,organic
101768,2026-01-27,organic
101769,2026-01-19,organic
101770,2026-01-31,organic
101771,2026-01-02,organic
101772,2026-01-04,referral
101773,2026-02-26,organic
101774,2026-01-15,organic
101775,2026-01-30,paid
101776,2026-01-19,paid
101777,2026-02-08,referral
101778,2026-02-13,organic
101779,2026-01-13,referral
101780,2026-01-21,paid
101781,2026-01-24,organic
101782,2026-01-27,organic
101783,2026-01-25,organic
101784,2026-01-11,organic
101785,2026-02-23,organic
101786,2026-01-23,organic
101787,2026-02-07,organic
101788,2026-01-25,organic
101789,2026-01-02,organic
101790,2026-01-05,organic
101791,2026-02-04,organic
101792,2026-02-17,organic
101793,2026-02-23,paid
101794,2026-01-01,paid
101795,2026-01-01,organic
101796,2026-02-21,organic
101797,2026-02-13,organic
101798,2026-01-24,paid
101799,2026-02-19,organic
101800,2026-01-15,organic
101801,2026-01-13,paid
101802,2026-02-12,referral
101803,2026-02-07,organic
101804,2026-01-31,organic
101805,2026-01-29,referral
101806,2026-01-17,organic
101807,2026-01-23,organic
101808,2026-02-11,organic
101809,2026-01-15,paid
101810,2026-01-24,organic
101811,2026-01-11,organic
101812,2026-02-13,paid
101813,2026-01-09,paid
101814,2026-02-01,organic
101815,2026-02-20,organic
101816,2026-02-25,organic
101817,2026-01-05,paid
101818,2026-01-28,paid
101819,2026-01-14,organic
101820,2026-02-14,organic
101821,2026-01-31,organic
101822,2026-02-13,organic
101823,2026-02-01,paid
101824,2026-01-06,organic
101825,2026-01-07,organic
101826,2026-01-07,paid
101827,2026-02-05,organic
101828,2026-02-19,organic
101829,2026-02-24,organic
101830,2026-01-27,paid
101831,2026-01-13,organic
101832,2026-01-13,paid
101833,2026-02-18,organic
101834,2026-02-20,organic
101835,2026-01-26,organic
101836,2026-01-12,paid
101837,2026-01-16,organic
101838,2026-01-18,organic
101839,2026-02-20,organic
101840,2026-01-03,paid
101841,2026-01-08,referral
101842,2026-01-30,organic
101843,2026-01-14,paid
101844,2026-02-01,organic
101845,2026-01-24,paid
101846,2026-01-12,paid
101847,2026-01-17,organic
101848,2026-01-27,paid
101849,2026-02-08,organic
101850,2026-02-24,organic
101851,2026-02-16,organic
101852,2026-02-28,organic
101853,2026-01-27,paid
101854,2026-01-20,organic
101855,2026-01-05,paid
101856,2026-01-10,paid
101857,2026-01-01,organic
101858,2026-02-06,organic
101859,2026-02-01,organic
101860,2026-02-06,paid
101861,2026-01-17,paid
101862,2026-01-27,organic
101863,2026-01-13,paid
101864,2026-02-02,organic
101865,2026-02-03,organic
101866,2026-01-07,organic
101867,2026-01-19,paid
101868,2026-01-01,paid
101869,2026-01-09,organic
101870,2026-02-04,organic
101871,2026-02-01,paid
101872,2026-01-29,paid
101873,2026-02-12,organic
101874,2026-01-04,paid
101875,2026-02-20,organic
101876,2026-01-05,paid
101877,2026-02-11,paid
101878,2026-01-19,paid
101879,2026-02-04,organic
101880,2026-01-03,organic
101881,2026-01-03,paid
101882,2026-02-08,organic
101883,2026-02-04,referral
101884,2026-02-05,organic
101885,2026-01-18,organic
101886,2026-01-16,referral
101887,2026-01-25,organic
101888,2026-02-28,organic
101889,2026-02-27,paid
101890,2026-01-24,organic
101891,2026-02-10,paid
101892,2026-02-22,organic
101893,2026-02-27,organic
101894,2026-02-19,referral
101895,2026-02-06,paid
101896,2026-01-02,organic
101897,2026-01-04,organic
101898,2026-02-21,organic
101899,2026-02-16,organic
101900,2026-02-01,organic
101901,2026-02-21,organic
101902,2026-01-31,organic
101903,2026-02-05,organic
101904,2026-01-21,organic
101905,2026-02-18,organic
101906,2026-02-08,referral
101907,2026-02-26,referral
101908,2026-02-07,organic
101909,2026-01-27,organic
101910,2026-01-11,organic
101911,2026-01-29,organic
101912,2026-02-22,organic
101913,2026-01-08,organic
101914,2026-01-21,paid
101915,2026-01-12,organic
101916,2026-02-10,paid
101917,2026-02-10,paid
101918,2026-01-24,referral
101919,2026-01-23,paid
101920,2026-01-01,organic
101921,2026-02-02,referral
101922,2026-02-12,paid
101923,2026-02-17,organic
101924,2026-02-23,organic
101925,2026-01-15,organic
101926,2026-02-23,organic
101927,2026-01-22,paid
101928,2026-02-04,paid
101929,2026-01-11,paid
101930,2026-01-08,paid
101931,2026-02-17,organic
101932,2026-02-01,paid
101933,2026-01-02,paid
101934,2026-01-07,organic
101935,2026-02-28,organic
101936,2026-02-23,organic
101937,2026-02-18,referral
101938,2026-01-28,organic
101939,2026-01-14,organic
101940,2026-02-26,organic
101941,2026-02-02,organic
101942,2026-01-16,paid
101943,2026-02-09,organic
101944,2026-02-03,organic
101945,2026-01-23,organic
101946,2026-02-02,organic
101947,2026-01-12,organic
101948,2026-02-19,organic
101949,2026-02-19,paid
101950,2026-01-26,paid
101951,2026-02-09,organic
101952,2026-01-15,organic
101953,2026-02-19,organic
101954,2026-01-08,paid
101955,2026-02-18,paid
101956,2026-02-01,organic
101957,2026-01-03,organic
101958,2026-02-25,organic
101959,2026-01-06,organic
101960,2026-01-02,organic
101961,2026-02-04,organic
101962,2026-01-10,paid
101963,2026-01-14,paid
101964,2026-02-22,referral
101965,2026-01-07,paid
101966,2026-02-18,organic
101967,2026-01-15,organic
101968,2026-01-07,organic
101969,2026-02-02,organic
101970,2026-01-27,organic
101971,2026-01-04,referral
101972,2026-01-05,paid
101973,2026-02-25,paid
101974,2026-02-11,organic
101975,2026-01-01,paid
101976,2026-01-21,paid
101977,2026-02-09,organic
101978,2026-02-11,organic
101979,2026-01-16,paid
101980,2026-01-26,paid
101981,2026-01-17,organic
101982,2026-02-09,organic
101983,2026-01-01,paid
101984,2026-01-19,paid
101985,2026-02-02,organic
101986,2026-01-22,paid
101987,2026-02-12,organic
101988,2026-01-03,organic
101989,2026-02-02,paid
101990,2026-02-10,organic
101991,2026-01-14,organic
101992,2026-02-17,organic
101993,2026-01-01,organic
101994,2026-01-07,paid
101995,2026-01-11,paid
101996,2026-02-10,organic
101997,2026-01-05,organic
101998,2026-01-27,paid
101999,2026-02-04,organic
102000,2026-01-05,organic
102001,2026-02-14,paid
102002,2026-02-19,organic
102003,2026-01-09,organic
102004,2026-01-06,paid
102005,2026-02-04,organic
102006,2026-02-19,paid
102007,2026-02-15,organic
102008,2026-01-23,organic
102009,2026-01-18,paid
102010,2026-02-04,organic
102011,2026-02-15,referral
102012,2026-02-01,organic
102013,2026-02-07,paid
102014,2026-02-12,paid
102015,2026-01-20,referral
102016,2026-02-21,organic
102017,2026-01-07,paid
102018,2026-02-16,organic
102019,2026-01-02,organic
102020,2026-02-15,organic
102021,2026-02-27,organic
102022,2026-02-02,referral
102023,2026-01-22,organic
102024,2026-01-15,paid
102025,2026-01-31,organic
102026,2026-02-28,paid
102027,2026-01-15,organic
102028,2026-02-24,paid
102029,2026-01-22,paid
102030,2026-02-06,organic
102031,2026-02-15,paid
102032,2026-01-14,organic
102033,2026-01-04,paid
102034,2026-02-28,organic
102035,2026-02-10,paid
102036,2026-01-15,organic
102037,2026-01-15,organic
102038,2026-01-16,organic
102039,2026-02-21,organic
102040,2026-01-24,paid
102041,2026-02-05,paid
102042,2026-02-08,referral
102043,2026-02-07,organic
102044,2026-01-19,paid
102045,2026-02-20,organic
102046,2026-01-03,paid
102047,2026-02-08,paid
102048,2026-02-24,organic
102049,2026-01-02,paid
102050,2026-02-08,paid
102051,2026-02-26,organic
102052,2026-02-21,organic
102053,2026-02-18,paid
102054,2026-01-18,organic
102055,2026-01-25,organic
102056,2026-02-15,paid
102057,2026-01-12,organic
102058,2026-01-12,paid
102059,2026-01-13,organic
102060,2026-02-18,organic
102061,2026-01-31,paid
102062,2026-02-03,organic
102063,2026-02-22,organic
102064,2026-01-24,organic
102065,2026-02-11,paid
102066,2026-02-04,organic
102067,2026-01-16,organic
102068,2026-01-11,organic
102069,2026-01-25,organic
102070,2026-02-13,organic
102071,2026-02-16,referral
102072,2026-02-11,paid
102073,2026-01-31,paid
102074,2026-02-15,paid
102075,2026-02-24,organic
102076,2026-02-17,paid
102077,2026-01-09,organic
102078,2026-01-11,organic
102079,2026-01-25,organic
102080,2026-02-23,paid
102081,2026-01-17,organic
102082,2026-02-02,organic
102083,2026-02-16,paid
102084,2026-02-01,organic
102085,2026-01-06,paid
102086,2026-01-24,organic
102087,2026-02-04,organic
102088,2026-01-05,referral
102089,2026-02-17,organic
102090,2026-01-24,organic
102091,2026-01-24,organic
102092,2026-01-12,organic
102093,2026-01-04,organic
102094,2026-02-26,organic
102095,2026-01-07,paid
102096,2026-01-14,organic
102097,2026-01-20,referral
102098,2026-02-03,paid
102099,2026-02-01,organic
102100,2026-01-10,organic
102101,2026-02-17,organic
102102,2026-02-23,paid
102103,2026-02-26,organic
102104,2026-01-14,organic
102105,2026-02-02,paid
102106,2026-01-28,paid
102107,2026-02-09,paid
102108,2026-01-26,organic
102109,2026-01-09,organic
102110,2026-02-18,organic
102111,2026-02-21,paid
102112,2026-02-06,organic
102113,2026-02-06,organic
102114,2026-02-20,paid
102115,2026-02-25,organic
102116,2026-01-24,organic
102117,2026-02-12,organic
102118,2026-02-10,organic
102119,2026-02-13,paid
102120,2026-01-12,organic
102121,2026-02-13,organic
102122,2026-02-04,paid
102123,2026-02-27,paid
102124,2026-02-27,organic
102125,2026-01-19,referral
102126,2026-01-14,organic
102127,2026-02-20,organic
102128,2026-02-13,paid
102129,2026-01-09,organic
102130,2026-02-01,organic
102131,2026-02-01,organic
102132,2026-02-08,organic
102133,2026-02-15,referral
102134,2026-02-20,organic
102135,2026-01-29,paid
102136,2026-02-03,organic
102137,2026-01-27,paid
102138,2026-01-11,paid
102139,2026-02-05,paid
102140,2026-02-25,paid
102141,2026-01-02,paid
102142,2026-01-21,organic
102143,2026-01-05,paid
102144,2026-02-17,paid
102145,2026-02-26,organic
102146,2026-02-02,paid
102147,2026-01-25,organic
102148,2026-02-23,organic
102149,2026-01-05,organic
102150,2026-02-23,referral
102151,2026-01-27,organic
102152,2026-01-13,organic
102153,2026-01-29,paid
102154,2026-01-13,paid
102155,2026-01-14,organic
102156,2026-01-30,organic
102157,2026-01-28,organic
102158,2026-01-06,organic
102159,2026-02-01,organic
102160,2026-02-21,paid
102161,2026-01-23,organic
102162,2026-02-17,organic
102163,2026-01-19,organic
102164,2026-02-21,paid
102165,2026-02-28,paid
102166,2026-01-04,organic
102167,2026-02-02,organic
102168,2026-02-13,paid
102169,2026-01-29,organic
102170,2026-01-20,organic
102171,2026-02-11,organic
102172,2026-01-15,paid
102173,2026-01-31,organic
102174,2026-02-12,paid
102175,2026-01-04,organic
102176,2026-01-27,referral
102177,2026-01-11,organic
102178,2026-02-08,organic
102179,2026-02-27,referral
102180,2026-01-12,organic
102181,2026-02-22,paid
102182,2026-02-15,paid
102183,2026-02-25,paid
102184,2026-01-12,paid
102185,2026-01-26,paid
102186,2026-01-29,organic
102187,2026-02-21,organic
102188,2026-01-06,organic
102189,2026-01-13,organic
102190,2026-01-11,paid
102191,2026-02-04,organic
102192,2026-01-23,organic
102193,2026-01-14,organic
102194,2026-01-04,organic
102195,2026-01-03,organic
102196,2026-02-25,organic
102197,2026-02-14,organic
102198,2026-02-09,paid
102199,2026-01-06,organic
102200,2026-02-11,organic
102201,2026-02-12,organic
102202,2026-02-16,organic
102203,2026-01-09,organic
102204,2026-02-02,paid
102205,2026-01-07,paid
102206,2026-01-05,paid
102207,2026-02-13,paid
102208,2026-01-17,paid
102209,2026-01-19,organic
102210,2026-02-01,organic
102211,2026-01-24,organic
102212,2026-01-19,organic
102213,2026-02-14,paid
102214,2026-02-24,paid
102215,2026-01-26,paid
102216,2026-02-05,paid
102217,2026-02-23,organic
102218,2026-01-02,paid
102219,2026-02-25,organic
102220,2026-01-06,paid
102221,2026-01-24,paid
102222,2026-01-16,paid
102223,2026-01-14,paid
102224,2026-01-21,paid
102225,2026-02-10,paid
102226,2026-01-16,organic
102227,2026-02-28,paid
102228,2026-02-26,paid
102229,2026-01-26,paid
102230,2026-01-26,paid
102231,2026-02-17,paid
102232,2026-01-18,organic
102233,2026-02-09,paid
102234,2026-01-19,organic
102235,2026-01-17,paid
102236,2026-02-17,organic
102237,2026-01-03,organic
102238,2026-01-02,organic
102239,2026-01-07,organic
102240,2026-01-27,paid
102241,2026-01-17,paid
102242,2026-02-11,paid
102243,2026-02-25,paid
102244,2026-02-12,organic
102245,2026-01-17,organic
102246,2026-02-20,paid
102247,2026-01-25,paid
102248,2026-02-22,organic
102249,2026-01-10,organic
102250,2026-02-13,paid
102251,2026-02-09,organic
102252,2026-01-28,paid
102253,2026-01-30,organic
102254,2026-01-30,organic
102255,2026-01-04,paid
102256,2026-02-22,organic
102257,2026-02-12,paid
102258,2026-01-28,paid
102259,2026-01-02,organic
102260,2026-02-26,paid
102261,2026-01-15,organic
102262,2026-01-27,organic
102263,2026-01-11,paid
102264,2026-01-11,paid
102265,2026-01-13,organic
102266,2026-02-16,organic
102267,2026-02-25,organic
102268,2026-01-10,paid
102269,2026-02-19,organic
102270,2026-01-10,organic
102271,2026-01-24,organic
102272,2026-01-24,organic
102273,2026-02-08,organic
102274,2026-02-17,organic
102275,2026-01-08,paid
102276,2026-01-15,organic
102277,2026-02-13,paid
102278,2026-01-28,paid
102279,2026-01-21,organic
102280,2026-02-15,paid
102281,2026-01-15,organic
102282,2026-01-14,organic
102283,2026-01-13,organic
102284,2026-01-28,organic
102285,2026-02-02,organic
102286,2026-01-16,organic
102287,2026-02-18,paid
102288,2026-02-19,organic
102289,2026-02-26,organic
102290,2026-01-20,paid
102291,2026-02-12,paid
102292,2026-02-02,paid
102293,2026-02-17,organic
102294,2026-01-16,organic
102295,2026-02-13,paid
102296,2026-01-06,paid
102297,2026-01-27,organic
102298,2026-01-16,organic
102299,2026-02-11,organic
102300,2026-02-13,organic
102301,2026-02-24,organic
102302,2026-01-26,organic
102303,2026-01-16,paid
102304,2026-02-28,organic
102305,2026-01-22,paid
102306,2026-02-01,organic
102307,2026-01-27,organic
102308,2026-02-26,paid
102309,2026-02-14,organic
102310,2026-02-22,organic
102311,2026-02-09,paid
102312,2026-02-15,paid
102313,2026-02-22,organic
102314,2026-02-20,organic
102315,2026-01-21,organic
102316,2026-01-31,organic
102317,2026-02-10,paid
102318,2026-01-03,paid
102319,2026-02-24,organic
102320,2026-01-11,organic
102321,2026-01-16,paid
102322,2026-01-07,paid
102323,2026-01-29,organic
102324,2026-02-12,organic
102325,2026-02-05,organic
102326,2026-02-07,organic
102327,2026-02-27,organic
102328,2026-02-10,organic
102329,2026-01-08,organic
102330,2026-02-16,organic
102331,2026-01-30,paid
102332,2026-01-04,organic
102333,2026-01-23,organic
102334,2026-02-12,paid
102335,2026-02-04,organic
102336,2026-02-09,paid
102337,2026-01-07,paid
102338,2026-02-20,organic
102339,2026-01-07,organic
102340,2026-01-08,referral
102341,2026-02-18,paid
102342,2026-01-01,paid
102343,2026-02-08,referral
102344,2026-02-19,organic
102345,2026-02-24,paid
102346,2026-01-25,organic
102347,2026-01-30,organic
102348,2026-02-19,organic
102349,2026-01-10,organic
102350,2026-01-31,paid
102351,2026-01-31,paid
102352,2026-01-21,organic
102353,2026-01-28,organic
102354,2026-01-22,paid
102355,2026-02-03,referral
102356,2026-01-25,paid
102357,2026-02-13,organic
102358,2026-01-25,organic
102359,2026-02-05,organic
102360,2026-02-17,paid
102361,2026-02-27,organic
102362,2026-01-24,organic
102363,2026-01-27,organic
102364,2026-02-06,paid
102365,2026-02-19,organic
102366,2026-02-07,organic
102367,2026-02-25,organic
102368,2026-01-06,referral
102369,2026-01-23,paid
102370,2026-01-12,organic
102371,2026-02-24,organic
102372,2026-02-11,referral
102373,2026-01-26,organic
102374,2026-01-15,organic
102375,2026-01-14,paid
102376,2026-01-12,paid
102377,2026-02-20,organic
102378,2026-01-22,referral
102379,2026-02-14,referral
102380,2026-01-11,organic
102381,2026-02-19,organic
102382,2026-01-08,paid
102383,2026-02-24,organic
102384,2026-01-07,organic
102385,2026-02-15,organic
102386,2026-01-11,organic
102387,2026-01-22,paid
102388,2026-01-08,organic
102389,2026-01-28,paid
102390,2026-02-11,paid
102391,2026-01-08,paid
102392,2026-01-07,organic
102393,2026-02-16,organic
102394,2026-02-07,paid
102395,2026-02-12,organic
102396,2026-02-12,organic
102397,2026-01-22,paid
102398,2026-01-06,organic
102399,2026-01-12,paid
102400,2026-02-07,referral
102401,2026-02-17,organic
102402,2026-02-11,organic
102403,2026-01-22,organic
102404,2026-01-05,paid
102405,2026-02-08,organic
102406,2026-02-08,organic
102407,2026-01-06,paid
102408,2026-02-23,paid
102409,2026-01-06,paid
102410,2026-01-02,organic
102411,2026-02-17,organic
102412,2026-02-17,organic
102413,2026-01-24,organic
102414,2026-02-11,organic
102415,2026-01-25,organic
102416,2026-02-18,organic
102417,2026-01-05,organic
102418,2026-02-04,organic
102419,2026-02-02,paid
102420,2026-02-04,organic
102421,2026-01-09,paid
102422,2026-01-18,paid
102423,2026-02-10,organic
102424,2026-02-04,organic
102425,2026-02-24,referral
102426,2026-02-24,paid
102427,2026-02-16,paid
102428,2026-01-21,paid
102429,2026-01-07,organic
102430,2026-01-10,paid
102431,2026-01-20,organic
102432,2026-02-02,paid
102433,2026-01-24,organic
102434,2026-02-11,paid
102435,2026-02-11,organic
102436,2026-01-31,organic
102437,2026-01-06,organic
102438,2026-02-08,paid
102439,2026-01-12,paid
102440,2026-01-27,paid
102441,2026-01-07,organic
102442,2026-01-26,paid
102443,2026-01-03,organic
102444,2026-01-23,paid
102445,2026-02-23,paid
102446,2026-01-21,organic
102447,2026-02-06,referral
102448,2026-02-09,paid
102449,2026-02-20,organic
102450,2026-02-20,organic
102451,2026-01-14,paid
102452,2026-01-14,paid
102453,2026-01-30,paid
102454,2026-02-26,paid
102455,2026-01-10,organic
102456,2026-01-27,organic
102457,2026-01-13,organic
102458,2026-02-26,organic
102459,2026-02-09,organic
102460,2026-02-28,organic
102461,2026-02-03,organic
102462,2026-02-18,organic
102463,2026-02-14,paid
102464,2026-01-24,paid
102465,2026-01-13,paid
102466,2026-01-06,paid
102467,2026-02-22,organic
102468,2026-02-18,organic
102469,2026-02-27,referral
102470,2026-01-29,organic
102471,2026-02-13,paid
102472,2026-01-06,paid
102473,2026-01-29,referral
102474,2026-02-26,paid
102475,2026-02-24,organic
102476,2026-01-22,organic
102477,2026-01-09,paid
102478,2026-01-08,organic
102479,2026-01-03,organic
102480,2026-01-20,paid
102481,2026-02-03,organic
102482,2026-01-02,paid
102483,2026-02-26,organic
102484,2026-01-25,organic
102485,2026-02-26,organic
102486,2026-01-29,organic
102487,2026-01-12,paid
102488,2026-02-28,organic
102489,2026-01-24,paid
102490,2026-01-18,organic
102491,2026-01-31,organic
102492,2026-01-21,paid
102493,2026-01-29,paid
102494,2026-01-30,paid
102495,2026-02-01,organic
102496,2026-01-30,organic
102497,2026-01-06,organic
102498,2026-01-01,paid
102499,2026-02-01,paid
102500,2026-01-14,organic
102501,2026-02-13,referral
102502,2026-01-03,paid
102503,2026-02-23,organic
102504,2026-01-14,organic
102505,2026-02-27,paid
102506,2026-01-25,paid
102507,2026-02-21,paid
102508,2026-01-11,organic
102509,2026-02-05,organic
102510,2026-02-27,organic
102511,2026-02-26,paid
102512,2026-02-15,organic
102513,2026-01-27,organic
102514,2026-01-29,organic
102515,2026-02-07,organic
102516,2026-01-15,paid
102517,2026-01-31,referral
102518,2026-01-13,organic
102519,2026-02-10,organic
102520,2026-02-14,referral
102521,2026-02-08,organic
102522,2026-01-14,paid
102523,2026-02-22,paid
102524,2026-02-09,referral
102525,2026-01-23,organic
102526,2026-02-03,organic
102527,2026-02-05,organic
102528,2026-02-14,organic
102529,2026-02-25,paid
102530,2026-02-20,organic
102531,2026-01-13,paid
102532,2026-01-07,organic
102533,2026-01-27,paid
102534,2026-01-18,paid
102535,2026-01-08,paid
102536,2026-01-06,organic
102537,2026-02-24,organic
102538,2026-02-19,organic
102539,2026-02-17,paid
102540,2026-02-27,organic
102541,2026-02-25,paid
102542,2026-02-22,paid
102543,2026-01-01,organic
102544,2026-01-21,organic
102545,2026-02-16,organic
102546,2026-02-10,organic
102547,2026-01-15,paid
102548,2026-01-04,organic
102549,2026-01-08,organic
102550,2026-01-01,paid
102551,2026-01-14,referral
102552,2026-01-20,organic
102553,2026-02-14,organic
102554,2026-02-06,paid
102555,2026-02-19,referral
102556,2026-02-06,paid
102557,2026-02-21,paid
102558,2026-01-03,paid
102559,2026-01-04,paid
102560,2026-01-13,organic
102561,2026-01-01,paid
102562,2026-01-04,organic
102563,2026-01-10,organic
102564,2026-02-27,paid
102565,2026-01-22,organic
102566,2026-02-15,paid
102567,2026-02-01,paid
102568,2026-02-06,paid
102569,2026-02-23,paid
102570,2026-02-24,paid
102571,2026-02-23,paid
102572,2026-02-07,paid
102573,2026-02-13,paid
102574,2026-01-12,organic
102575,2026-01-31,organic
102576,2026-02-10,organic
102577,2026-01-22,organic
102578,2026-01-27,organic
102579,2026-02-11,organic
102580,2026-01-03,organic
102581,2026-01-29,organic
102582,2026-02-01,paid
102583,2026-02-03,paid
102584,2026-02-20,paid
102585,2026-02-21,organic
102586,2026-01-08,organic
102587,2026-01-24,organic
102588,2026-01-09,organic
102589,2026-02-05,organic
102590,2026-02-14,paid
102591,2026-02-07,paid
102592,2026-01-30,paid
102593,2026-02-15,paid
102594,2026-01-30,organic
102595,2026-01-09,paid
102596,2026-01-23,organic
102597,2026-01-19,paid
102598,2026-02-25,organic
102599,2026-01-08,organic
102600,2026-01-22,paid
102601,2026-02-09,paid
102602,2026-02-14,paid
102603,2026-01-21,organic
102604,2026-01-18,organic
102605,2026-01-24,paid
102606,2026-01-27,organic
102607,2026-01-06,organic
102608,2026-02-16,paid
102609,2026-01-18,organic
102610,2026-01-13,organic
102611,2026-01-01,organic
102612,2026-01-12,organic
102613,2026-02-15,paid
102614,2026-02-01,paid
102615,2026-02-11,organic
102616,2026-01-01,organic
102617,2026-01-29,organic
102618,2026-01-29,organic
102619,2026-02-08,paid
102620,2026-02-11,organic
102621,2026-01-06,organic
102622,2026-02-07,organic
102623,2026-01-23,paid
102624,2026-01-11,organic
102625,2026-02-02,organic
102626,2026-01-27,organic
102627,2026-02-02,organic
102628,2026-02-05,organic
102629,2026-02-24,organic
102630,2026-02-10,paid
102631,2026-02-24,organic
102632,2026-01-17,organic
102633,2026-02-18,organic
102634,2026-02-22,paid
102635,2026-01-03,organic
102636,2026-01-27,organic
102637,2026-01-15,organic
102638,2026-01-13,paid
102639,2026-02-26,paid
102640,2026-02-12,organic
102641,2026-01-10,organic
102642,2026-02-28,organic
102643,2026-01-31,paid
102644,2026-01-29,organic
102645,2026-01-29,organic
102646,2026-01-14,organic
102647,2026-02-03,paid
102648,2026-01-05,paid
102649,2026-01-19,paid
102650,2026-01-02,organic
102651,2026-01-11,referral
102652,2026-02-21,paid
102653,2026-02-14,organic
102654,2026-02-23,organic
102655,2026-02-26,organic
102656,2026-02-26,organic
102657,2026-01-27,paid
102658,2026-01-15,paid
102659,2026-01-04,organic
102660,2026-01-07,organic
102661,2026-02-26,organic
102662,2026-02-09,paid
102663,2026-02-24,organic
102664,2026-01-14,organic
102665,2026-01-14,referral
102666,2026-01-15,organic
102667,2026-02-12,organic
102668,2026-02-20,organic
102669,2026-02-21,organic
102670,2026-02-01,organic
102671,2026-02-21,paid
102672,2026-01-31,organic
102673,2026-02-15,paid
102674,2026-02-03,referral
102675,2026-01-17,organic
102676,2026-02-17,paid
102677,2026-01-16,paid
102678,2026-01-04,organic
102679,2026-02-19,organic
102680,2026-01-24,paid
102681,2026-01-18,referral
102682,2026-02-09,paid
102683,2026-02-01,paid
102684,2026-02-13,paid
102685,2026-02-19,paid
102686,2026-01-09,referral
102687,2026-02-24,organic
102688,2026-01-15,organic
102689,2026-01-30,organic
102690,2026-02-23,organic
102691,2026-01-10,paid
102692,2026-02-10,organic
102693,2026-01-07,organic
102694,2026-02-17,organic
102695,2026-01-03,organic
102696,2026-02-21,paid
102697,2026-02-12,organic
102698,2026-01-25,organic
102699,2026-01-01,organic
102700,2026-01-14,organic
102701,2026-01-22,organic
102702,2026-01-01,paid
102703,2026-01-04,organic
102704,2026-01-15,organic
102705,2026-01-18,paid
102706,2026-01-28,organic
102707,2026-02-08,organic
102708,2026-01-14,organic
102709,2026-02-10,paid
102710,2026-01-13,paid
102711,2026-01-28,referral
102712,2026-01-24,organic
102713,2026-01-08,organic
102714,2026-01-05,paid
102715,2026-01-24,paid
102716,2026-01-30,organic
102717,2026-01-31,paid
102718,2026-02-09,organic
102719,2026-02-10,paid
102720,2026-02-22,paid
102721,2026-01-21,paid
102722,2026-02-23,organic
102723,2026-01-17,organic
102724,2026-01-16,organic
102725,2026-01-19,organic
102726,2026-02-22,organic
102727,2026-01-14,paid
102728,2026-01-25,paid
102729,2026-01-12,organic
102730,2026-02-27,organic
102731,2026-01-28,organic
102732,2026-01-11,organic
102733,2026-01-29,organic
102734,2026-01-07,paid
102735,2026-01-31,paid
102736,2026-02-18,organic
102737,2026-01-06,organic
102738,2026-02-07,organic
102739,2026-01-10,referral
102740,2026-02-17,organic
102741,2026-02-07,paid
102742,2026-02-18,organic
102743,2026-02-06,paid
102744,2026-01-11,organic
102745,2026-01-13,paid
102746,2026-02-12,paid
102747,2026-02-15,organic
102748,2026-01-26,paid
102749,2026-02-11,paid
102750,2026-02-02,organic
102751,2026-02-21,organic
102752,2026-01-31,organic
102753,2026-02-12,paid
102754,2026-02-27,organic
102755,2026-02-08,organic
102756,2026-01-11,organic
102757,2026-02-23,paid
102758,2026-01-02,organic
102759,2026-01-18,organic
102760,2026-01-06,paid
102761,2026-02-25,paid
102762,2026-02-09,referral
102763,2026-02-04,referral
102764,2026-02-17,paid
102765,2026-02-12,paid
102766,2026-02-23,referral
102767,2026-01-25,organic
102768,2026-02-18,organic
102769,2026-02-17,paid
102770,2026-01-07,paid
102771,2026-01-31,organic
102772,2026-01-27,organic
102773,2026-01-11,organic
102774,2026-02-20,organic
102775,2026-02-13,organic
102776,2026-01-21,organic
102777,2026-02-10,paid
102778,2026-02-12,paid
102779,2026-02-25,organic
102780,2026-01-27,organic
102781,2026-01-02,organic
102782,2026-01-19,organic
102783,2026-01-08,paid
102784,2026-02-18,paid
102785,2026-02-27,organic
102786,2026-01-28,paid
102787,2026-02-13,organic
102788,2026-01-13,paid
102789,2026-02-03,paid
102790,2026-01-21,paid
102791,2026-01-29,organic
102792,2026-02-26,organic
102793,2026-02-25,organic
102794,2026-01-03,organic
102795,2026-02-24,organic
102796,2026-01-03,organic
102797,2026-01-19,organic
102798,2026-01-18,organic
102799,2026-02-12,paid
102800,2026-01-28,organic
102801,2026-01-28,paid
102802,2026-01-03,referral
102803,2026-01-31,organic
102804,2026-02-14,organic
102805,2026-02-23,paid
102806,2026-01-23,paid
102807,2026-02-06,organic
102808,2026-02-04,organic
102809,2026-01-02,organic
102810,2026-02-09,referral
102811,2026-02-13,paid
102812,2026-02-16,organic
102813,2026-01-08,paid
102814,2026-01-09,organic
102815,2026-01-24,paid
102816,2026-01-01,paid
102817,2026-01-07,referral
102818,2026-01-11,paid
102819,2026-01-28,paid
102820,2026-02-21,organic
102821,2026-02-01,organic
102822,2026-02-02,organic
102823,2026-01-22,organic
102824,2026-01-05,organic
102825,2026-01-31,paid
102826,2026-01-20,organic
102827,2026-02-16,paid
102828,2026-02-23,paid
102829,2026-02-07,organic
102830,2026-01-31,organic
102831,2026-01-25,organic
102832,2026-01-20,paid
102833,2026-01-11,organic
102834,2026-01-20,paid
102835,2026-02-15,paid
102836,2026-02-13,organic
102837,2026-01-03,organic
102838,2026-01-30,organic
102839,2026-01-13,organic
102840,2026-01-23,paid
102841,2026-02-25,organic
102842,2026-01-22,organic
102843,2026-02-03,organic
102844,2026-01-17,organic
102845,2026-01-23,organic
102846,2026-02-09,paid
102847,2026-02-06,paid
102848,2026-02-20,organic
102849,2026-01-13,organic
102850,2026-02-03,organic
102851,2026-02-08,organic
102852,2026-01-31,organic
102853,2026-02-18,paid
102854,2026-02-07,paid
102855,2026-02-25,paid
102856,2026-02-26,paid
102857,2026-02-12,organic
102858,2026-01-07,organic
102859,2026-02-22,paid
102860,2026-02-23,organic
102861,2026-02-15,paid
102862,2026-01-23,paid
102863,2026-01-25,organic
102864,2026-02-09,organic
102865,2026-02-09,paid
102866,2026-02-19,organic
102867,2026-01-22,organic
102868,2026-01-16,organic
102869,2026-02-04,organic
102870,2026-02-12,organic
102871,2026-01-07,paid
102872,2026-01-27,organic
102873,2026-01-28,organic
102874,2026-01-24,organic
102875,2026-01-22,organic
102876,2026-01-20,organic
102877,2026-01-09,paid
102878,2026-02-25,paid
102879,2026-01-13,organic
102880,2026-02-06,paid
102881,2026-01-14,referral
102882,2026-01-30,paid
102883,2026-02-02,organic
102884,2026-01-30,organic
102885,2026-02-22,organic
102886,2026-02-01,paid
102887,2026-02-28,organic
102888,2026-01-07,organic
102889,2026-01-03,organic
102890,2026-02-13,paid
102891,2026-01-30,organic
102892,2026-01-14,organic
102893,2026-02-21,paid
102894,2026-01-20,organic
102895,2026-02-02,organic
102896,2026-02-21,paid
102897,2026-01-18,paid
102898,2026-02-14,paid
102899,2026-02-16,organic
102900,2026-02-12,organic
102901,2026-02-15,organic
102902,2026-01-01,organic
102903,2026-01-11,paid
102904,2026-02-21,organic
102905,2026-02-28,organic
102906,2026-01-26,paid
102907,2026-01-02,paid
102908,2026-01-14,organic
102909,2026-02-28,paid
102910,2026-01-26,paid
102911,2026-02-18,organic
102912,2026-01-31,organic
102913,2026-01-02,organic
102914,2026-02-11,paid
102915,2026-01-31,organic
102916,2026-02-11,organic
102917,2026-02-11,organic
102918,2026-01-03,organic
102919,2026-01-06,organic
102920,2026-01-28,paid
102921,2026-01-15,paid
102922,2026-01-06,paid
102923,2026-01-16,organic
102924,2026-02-25,organic
102925,2026-01-21,paid
102926,2026-02-20,paid
102927,2026-02-09,referral
102928,2026-01-28,organic
102929,2026-02-28,paid
102930,2026-01-14,organic
102931,2026-02-09,organic
102932,2026-01-25,paid
102933,2026-02-03,paid
102934,2026-01-02,paid
102935,2026-01-03,organic
102936,2026-02-13,paid
102937,2026-02-24,organic
102938,2026-02-03,organic
102939,2026-01-01,organic
102940,2026-02-26,organic
102941,2026-02-11,paid
102942,2026-01-03,paid
102943,2026-01-19,organic
102944,2026-02-21,paid
102945,2026-01-30,organic
102946,2026-02-12,paid
102947,2026-02-07,organic
102948,2026-02-04,paid
102949,2026-02-04,organic
102950,2026-01-05,paid
102951,2026-01-17,organic
102952,2026-02-20,paid
102953,2026-02-18,organic
102954,2026-01-31,organic
102955,2026-02-07,organic
102956,2026-02-06,paid
102957,2026-02-07,organic
102958,2026-01-22,organic
102959,2026-02-23,referral
102960,2026-01-09,organic
102961,2026-01-05,paid
102962,2026-02-01,paid
102963,2026-01-11,organic
102964,2026-01-10,paid
102965,2026-02-22,paid
102966,2026-01-24,organic
102967,2026-01-16,organic
102968,2026-01-25,paid
102969,2026-02-16,organic
102970,2026-01-07,organic
102971,2026-01-10,organic
102972,2026-01-19,organic
102973,2026-01-12,paid
102974,2026-01-15,referral
102975,2026-01-20,organic
102976,2026-01-26,organic
102977,2026-02-25,organic
102978,2026-02-15,paid
102979,2026-01-27,organic
102980,2026-02-01,organic
102981,2026-01-03,paid
102982,2026-01-19,organic
102983,2026-01-22,paid
102984,2026-01-22,organic
102985,2026-01-08,referral
102986,2026-02-16,organic
102987,2026-01-07,organic
102988,2026-01-19,organic
102989,2026-02-04,organic
102990,2026-01-30,paid
102991,2026-02-27,organic
102992,2026-02-04,paid
102993,2026-01-23,paid
102994,2026-01-25,paid
102995,2026-01-09,paid
102996,2026-01-24,organic
102997,2026-02-25,organic
102998,2026-02-16,organic
102999,2026-02-22,paid
103000,2026-02-04,organic
103001,2026-01-06,organic
103002,2026-01-23,paid
103003,2026-01-13,organic
103004,2026-01-27,organic
103005,2026-02-18,organic
103006,2026-02-16,organic
103007,2026-02-05,organic
103008,2026-01-29,organic
103009,2026-02-20,paid
103010,2026-01-04,organic
103011,2026-01-10,organic
103012,2026-02-21,paid
103013,2026-01-31,organic
103014,2026-02-22,organic
103015,2026-02-05,organic
103016,2026-02-01,paid
103017,2026-02-09,organic
103018,2026-01-29,organic
103019,2026-02-22,organic
103020,2026-02-03,organic
103021,2026-01-05,organic
103022,2026-01-30,organic
103023,2026-01-14,organic
103024,2026-02-02,organic
103025,2026-01-28,organic
103026,2026-01-15,paid
103027,2026-02-21,organic
103028,2026-01-18,paid
103029,2026-02-24,paid
103030,2026-01-07,organic
103031,2026-01-20,paid
103032,2026-02-16,organic
103033,2026-02-05,organic
103034,2026-01-19,organic
103035,2026-02-06,organic
103036,2026-02-12,organic
103037,2026-02-27,paid
103038,2026-01-01,paid
103039,2026-01-21,organic
103040,2026-01-11,paid
103041,2026-02-27,organic
103042,2026-02-14,paid
103043,2026-01-11,paid
103044,2026-02-12,organic
103045,2026-02-02,paid
103046,2026-02-13,organic
103047,2026-02-27,paid
103048,2026-02-10,organic
103049,2026-01-31,paid
103050,2026-01-03,organic
103051,2026-02-17,organic
103052,2026-02-10,organic
103053,2026-01-10,organic
103054,2026-02-03,organic
103055,2026-01-31,organic
103056,2026-02-17,paid
103057,2026-02-24,paid
103058,2026-02-24,referral
103059,2026-02-19,organic
103060,2026-01-06,organic
103061,2026-02-19,paid
103062,2026-01-20,organic
103063,2026-02-04,organic
103064,2026-02-03,paid
103065,2026-01-03,organic
103066,2026-01-22,referral
103067,2026-02-24,paid
103068,2026-01-06,referral
103069,2026-02-17,paid
103070,2026-01-24,paid
103071,2026-01-07,referral
103072,2026-01-20,organic
103073,2026-02-09,organic
103074,2026-02-11,organic
103075,2026-02-22,organic
103076,2026-02-28,organic
103077,2026-02-21,organic
103078,2026-02-03,paid
103079,2026-02-26,paid
103080,2026-01-30,organic
103081,2026-01-10,paid
103082,2026-01-27,organic
103083,2026-02-05,organic
103084,2026-02-06,paid
103085,2026-01-16,paid
103086,2026-02-15,paid
103087,2026-02-05,paid
103088,2026-02-22,organic
103089,2026-02-14,organic
103090,2026-02-23,paid
103091,2026-02-05,paid
103092,2026-01-18,organic
103093,2026-02-27,organic
103094,2026-01-10,organic
103095,2026-01-20,paid
103096,2026-01-27,organic
103097,2026-01-15,organic
103098,2026-02-07,paid
103099,2026-02-20,paid
103100,2026-02-06,referral
103101,2026-01-21,referral
103102,2026-01-21,organic
103103,2026-02-10,paid
103104,2026-01-26,organic
103105,2026-01-27,referral
103106,2026-02-20,organic
103107,2026-01-27,organic
103108,2026-01-03,organic
103109,2026-01-25,organic
103110,2026-02-01,organic
103111,2026-01-25,referral
103112,2026-01-05,paid
103113,2026-02-24,paid
103114,2026-01-18,organic
103115,2026-01-20,paid
103116,2026-02-12,organic
103117,2026-02-23,paid
103118,2026-02-23,organic
103119,2026-02-21,organic
103120,2026-02-11,organic
103121,2026-01-20,organic
103122,2026-01-17,paid
103123,2026-02-15,organic
103124,2026-02-15,paid
103125,2026-01-14,organic
103126,2026-02-14,paid
103127,2026-02-14,paid
103128,2026-02-14,organic
103129,2026-02-09,paid
103130,2026-02-24,organic
103131,2026-02-04,organic
103132,2026-02-09,organic
103133,2026-01-16,paid
103134,2026-01-31,paid
103135,2026-01-01,paid
103136,2026-01-01,paid
103137,2026-02-16,organic
103138,2026-02-09,organic
103139,2026-01-30,organic
103140,2026-02-25,paid
103141,2026-01-05,paid
103142,2026-02-12,organic
103143,2026-01-11,paid
103144,2026-01-02,paid
103145,2026-01-26,organic
103146,2026-02-02,paid
103147,2026-01-21,organic
103148,2026-02-26,organic
103149,2026-01-15,organic
103150,2026-02-15,organic
103151,2026-02-06,paid
103152,2026-01-16,organic
103153,2026-02-16,organic
103154,2026-02-03,organic
103155,2026-01-27,organic
103156,2026-01-11,paid
103157,2026-02-16,paid
103158,2026-01-04,organic
103159,2026-01-05,organic
103160,2026-02-15,organic
103161,2026-01-25,paid
103162,2026-02-21,organic
103163,2026-02-17,paid
103164,2026-01-08,organic
103165,2026-01-18,paid
103166,2026-01-23,organic
103167,2026-01-29,organic
103168,2026-02-01,organic
103169,2026-01-18,organic
103170,2026-02-24,paid
103171,2026-01-16,organic
103172,2026-02-15,paid
103173,2026-01-09,organic
103174,2026-02-02,organic
103175,2026-01-28,paid
103176,2026-01-01,organic
103177,2026-02-15,organic
103178,2026-02-01,organic
103179,2026-01-26,organic
103180,2026-02-27,referral
103181,2026-01-28,paid
103182,2026-01-20,organic
103183,2026-02-18,organic
103184,2026-02-03,organic
103185,2026-02-08,organic
103186,2026-01-27,organic
103187,2026-01-11,organic
103188,2026-01-29,paid
103189,2026-02-05,referral
103190,2026-02-01,organic
103191,2026-01-09,organic
103192,2026-02-24,referral
103193,2026-01-20,organic
103194,2026-02-04,organic
103195,2026-01-03,paid
103196,2026-01-06,organic
103197,2026-01-31,paid
103198,2026-02-18,paid
103199,2026-02-23,organic
103200,2026-02-04,organic
103201,2026-02-19,organic
103202,2026-01-26,organic
103203,2026-02-18,organic
103204,2026-02-02,organic
103205,2026-01-22,paid
103206,2026-02-24,paid
103207,2026-01-11,paid
103208,2026-01-18,organic
103209,2026-02-16,organic
103210,2026-01-29,organic
103211,2026-02-03,organic
103212,2026-01-07,paid
103213,2026-02-09,paid
103214,2026-01-27,paid
103215,2026-02-07,organic
103216,2026-02-04,paid
103217,2026-01-30,organic
103218,2026-01-05,paid
103219,2026-01-29,paid
103220,2026-01-20,organic
103221,2026-02-18,organic
103222,2026-01-12,organic
103223,2026-01-04,organic
103224,2026-02-23,organic
103225,2026-02-12,referral
103226,2026-02-16,paid
103227,2026-01-13,paid
103228,2026-02-24,organic
103229,2026-01-13,organic
103230,2026-02-07,organic
103231,2026-01-02,paid
103232,2026-01-04,organic
103233,2026-01-31,organic
103234,2026-02-12,organic
103235,2026-01-13,paid
103236,2026-02-12,paid
103237,2026-01-11,paid
103238,2026-01-10,organic
103239,2026-02-18,paid
103240,2026-02-07,organic
103241,2026-01-05,organic
103242,2026-02-28,paid
103243,2026-01-31,organic
103244,2026-02-23,paid
103245,2026-01-17,paid
103246,2026-01-31,paid
103247,2026-01-02,organic
103248,2026-01-13,paid
103249,2026-01-22,organic
103250,2026-01-14,paid
103251,2026-02-07,organic
103252,2026-01-23,organic
103253,2026-02-02,organic
103254,2026-01-19,paid
103255,2026-01-10,referral
103256,2026-02-09,paid
103257,2026-01-02,organic
103258,2026-01-10,organic
103259,2026-02-26,organic
103260,2026-02-11,referral
103261,2026-02-13,paid
103262,2026-01-18,organic
103263,2026-01-09,organic
103264,2026-02-16,organic
103265,2026-01-24,paid
103266,2026-01-07,organic
103267,2026-02-10,paid
103268,2026-02-28,organic
103269,2026-02-23,organic
103270,2026-02-10,paid
103271,2026-01-29,organic
103272,2026-01-04,organic
103273,2026-02-02,paid
103274,2026-01-14,organic
103275,2026-01-26,paid
103276,2026-01-06,organic
103277,2026-01-23,organic
103278,2026-01-21,organic
103279,2026-02-14,organic
103280,2026-02-11,paid
103281,2026-01-10,organic
103282,2026-02-07,organic
103283,2026-02-01,organic
103284,2026-01-20,organic
103285,2026-02-02,organic
103286,2026-01-20,organic
103287,2026-02-25,paid
103288,2026-02-12,organic
103289,2026-01-05,organic
103290,2026-02-09,organic
103291,2026-01-02,organic
103292,2026-01-27,organic
103293,2026-02-15,paid
103294,2026-01-03,organic
103295,2026-01-18,organic
103296,2026-01-18,paid
103297,2026-01-05,referral
103298,2026-02-24,organic
103299,2026-02-11,paid
103300,2026-02-06,paid
103301,2026-02-16,organic
103302,2026-02-19,organic
103303,2026-01-11,paid
103304,2026-01-07,paid
103305,2026-01-12,paid
103306,2026-02-08,paid
103307,2026-01-16,organic
103308,2026-02-23,organic
103309,2026-02-22,organic
103310,2026-02-19,organic
103311,2026-02-08,referral
103312,2026-02-04,paid
103313,2026-01-16,organic
103314,2026-01-16,organic
103315,2026-02-11,referral
103316,2026-01-10,organic
103317,2026-02-05,paid
103318,2026-01-28,organic
103319,2026-01-29,organic
103320,2026-01-06,paid
103321,2026-01-08,paid
103322,2026-02-13,organic
103323,2026-02-09,paid
103324,2026-02-26,paid
103325,2026-01-14,organic
103326,2026-02-05,organic
103327,2026-01-02,paid
103328,2026-01-28,organic
103329,2026-02-18,referral
103330,2026-02-03,referral
103331,2026-01-12,organic
103332,2026-02-28,paid
103333,2026-01-04,paid
103334,2026-02-12,organic
103335,2026-02-05,organic
103336,2026-02-18,paid
103337,2026-01-08,referral
103338,2026-02-25,organic
103339,2026-01-31,organic
103340,2026-02-26,paid
103341,2026-01-16,organic
103342,2026-02-17,organic
103343,2026-01-10,paid
103344,2026-01-24,organic
103345,2026-01-23,organic
103346,2026-02-05,organic
103347,2026-01-11,organic
103348,2026-01-21,organic
103349,2026-01-23,organic
103350,2026-02-08,organic
103351,2026-02-11,organic
103352,2026-02-14,organic
103353,2026-01-19,organic
103354,2026-01-31,organic
103355,2026-01-06,organic
103356,2026-01-10,paid
103357,2026-01-24,paid
103358,2026-01-21,organic
103359,2026-02-05,organic
103360,2026-01-27,organic
103361,2026-02-01,paid
103362,2026-01-15,paid
103363,2026-02-08,organic
103364,2026-01-18,paid
103365,2026-01-31,organic
103366,2026-01-05,paid
103367,2026-01-15,organic
103368,2026-02-15,organic
103369,2026-01-03,organic
103370,2026-02-05,organic
103371,2026-01-22,referral
103372,2026-02-11,referral
103373,2026-02-20,organic
103374,2026-02-25,organic
103375,2026-01-28,organic
103376,2026-02-25,paid
103377,2026-02-09,organic
103378,2026-01-14,organic
103379,2026-01-26,organic
103380,2026-01-26,referral
103381,2026-01-07,paid
103382,2026-01-11,organic
103383,2026-02-09,organic
103384,2026-01-20,organic
103385,2026-01-06,paid
103386,2026-02-17,paid
103387,2026-01-16,paid
103388,2026-02-22,organic
103389,2026-01-27,organic
103390,2026-01-04,paid
103391,2026-01-31,organic
103392,2026-02-15,paid
103393,2026-01-08,organic
103394,2026-02-01,organic
103395,2026-02-20,paid
103396,2026-01-17,paid
103397,2026-01-28,paid
103398,2026-01-14,organic
103399,2026-02-01,organic
103400,2026-02-12,paid
103401,2026-02-10,organic
103402,2026-01-21,paid
103403,2026-01-05,paid
103404,2026-01-30,organic
103405,2026-02-09,organic
103406,2026-02-26,paid
103407,2026-02-23,referral
103408,2026-01-25,organic
103409,2026-02-11,referral
103410,2026-01-21,organic
103411,2026-01-07,organic
103412,2026-02-20,organic
103413,2026-01-18,referral
103414,2026-01-24,paid
103415,2026-02-05,organic
103416,2026-01-13,paid
103417,2026-02-28,paid
103418,2026-02-06,organic
103419,2026-01-24,paid
103420,2026-01-26,organic
103421,2026-02-07,paid
103422,2026-02-04,organic
103423,2026-01-20,organic
103424,2026-02-14,paid
103425,2026-01-05,organic
103426,2026-02-28,paid
103427,2026-01-07,paid
103428,2026-01-08,paid
103429,2026-01-10,organic
103430,2026-01-12,paid
103431,2026-01-13,organic
103432,2026-02-20,organic
103433,2026-02-15,organic
103434,2026-02-25,organic
103435,2026-02-25,paid
103436,2026-02-11,organic
103437,2026-02-10,paid
103438,2026-01-25,organic
103439,2026-02-01,paid
103440,2026-01-08,organic
103441,2026-01-10,organic
103442,2026-02-02,paid
103443,2026-01-24,organic
103444,2026-01-25,organic
103445,2026-01-14,organic
103446,2026-02-03,paid
103447,2026-02-15,paid
103448,2026-02-21,paid
103449,2026-02-03,paid
103450,2026-01-23,organic
103451,2026-01-10,organic
103452,2026-02-17,paid
103453,2026-01-25,organic
103454,2026-01-14,organic
103455,2026-01-04,organic
103456,2026-01-17,organic
103457,2026-01-25,paid
103458,2026-02-24,paid
103459,2026-02-23,organic
103460,2026-01-31,organic
103461,2026-02-25,organic
103462,2026-01-24,organic
103463,2026-02-26,organic
103464,2026-02-02,paid
103465,2026-01-11,paid
103466,2026-02-16,organic
103467,2026-02-28,referral
103468,2026-01-17,paid
103469,2026-01-31,organic
103470,2026-02-24,organic
103471,2026-02-14,organic
103472,2026-01-05,organic
103473,2026-02-24,organic
103474,2026-01-25,paid
103475,2026-01-23,paid
103476,2026-02-07,organic
103477,2026-01-09,organic
103478,2026-01-25,organic
103479,2026-01-21,organic
103480,2026-01-07,organic
103481,2026-02-28,organic
103482,2026-01-18,paid
103483,2026-01-27,organic
103484,2026-01-07,organic
103485,2026-02-18,paid
103486,2026-02-19,referral
103487,2026-02-09,organic
103488,2026-02-07,organic
103489,2026-02-10,organic
103490,2026-02-19,paid
103491,2026-01-20,paid
103492,2026-01-13,organic
103493,2026-01-04,organic
103494,2026-02-04,organic
103495,2026-01-27,paid
103496,2026-02-08,organic
103497,2026-01-24,paid
103498,2026-02-07,organic
103499,2026-02-26,organic
103500,2026-02-19,paid
103501,2026-01-28,paid
103502,2026-01-28,organic
103503,2026-02-28,paid
103504,2026-01-16,organic
103505,2026-01-25,paid
103506,2026-02-15,organic
103507,2026-02-14,paid
103508,2026-02-16,paid
103509,2026-01-22,organic
103510,2026-02-16,organic
103511,2026-01-26,organic
103512,2026-02-13,organic
103513,2026-02-17,paid
103514,2026-02-21,organic
103515,2026-02-24,organic
103516,2026-01-18,organic
103517,2026-01-24,paid
103518,2026-01-03,organic
103519,2026-02-08,referral
103520,2026-02-11,paid
103521,2026-02-17,referral
103522,2026-02-14,paid
103523,2026-01-30,organic
103524,2026-02-12,paid
103525,2026-02-05,organic
103526,2026-01-18,organic
103527,2026-01-16,organic
103528,2026-01-13,referral
103529,2026-02-25,organic
103530,2026-01-26,organic
103531,2026-02-09,paid
103532,2026-01-25,paid
103533,2026-01-12,paid
103534,2026-02-03,organic
103535,2026-01-06,paid
103536,2026-01-05,paid
103537,2026-01-21,organic
103538,2026-01-22,paid
103539,2026-02-01,paid
103540,2026-02-09,paid
103541,2026-02-04,organic
103542,2026-01-01,organic
103543,2026-01-05,paid
103544,2026-02-15,organic
103545,2026-02-08,organic
103546,2026-02-21,organic
103547,2026-02-06,organic
103548,2026-02-27,paid
103549,2026-01-14,organic
103550,2026-02-25,paid
103551,2026-02-22,organic
103552,2026-01-20,paid
103553,2026-02-09,organic
103554,2026-02-07,organic
103555,2026-01-08,organic
103556,2026-01-14,paid
103557,2026-02-19,organic
103558,2026-02-06,organic
103559,2026-01-24,paid
103560,2026-01-01,organic
103561,2026-02-11,organic
103562,2026-01-23,organic
103563,2026-01-11,organic
103564,2026-01-05,organic
103565,2026-01-24,organic
103566,2026-01-05,organic
103567,2026-01-23,organic
103568,2026-01-03,referral
103569,2026-02-15,paid
103570,2026-01-30,organic
103571,2026-01-28,organic
103572,2026-01-09,organic
103573,2026-01-22,organic
103574,2026-01-08,paid
103575,2026-01-12,organic
103576,2026-02-18,organic
103577,2026-02-23,organic
103578,2026-01-31,organic
103579,2026-02-28,paid
103580,2026-01-21,paid
103581,2026-02-14,paid
103582,2026-02-12,organic
103583,2026-02-07,organic
103584,2026-01-21,paid
103585,2026-01-07,paid
103586,2026-01-22,organic
103587,2026-02-13,organic
103588,2026-01-13,organic
103589,2026-01-02,referral
103590,2026-02-18,organic
103591,2026-02-27,paid
103592,2026-02-18,paid
103593,2026-01-24,organic
103594,2026-02-25,organic
103595,2026-02-05,organic
103596,2026-02-04,paid
103597,2026-02-11,organic
103598,2026-02-23,paid
103599,2026-02-14,referral
103600,2026-01-18,paid
103601,2026-01-04,organic
103602,2026-02-14,organic
103603,2026-02-05,referral
103604,2026-02-26,paid
103605,2026-02-11,organic
103606,2026-01-02,organic
103607,2026-02-17,paid
103608,2026-01-24,organic
103609,2026-01-18,organic
103610,2026-02-18,paid
103611,2026-01-03,organic
103612,2026-01-14,organic
103613,2026-02-24,organic
103614,2026-01-22,organic
103615,2026-02-24,paid
103616,2026-01-08,organic
103617,2026-01-21,paid
103618,2026-01-26,organic
103619,2026-02-06,organic
103620,2026-01-05,organic
103621,2026-02-18,organic
103622,2026-02-19,paid
103623,2026-02-17,organic
103624,2026-02-16,paid
103625,2026-01-24,organic
103626,2026-02-12,organic
103627,2026-01-17,paid
103628,2026-02-10,organic
103629,2026-02-08,paid
103630,2026-01-06,organic
103631,2026-01-12,paid
103632,2026-01-09,organic
103633,2026-01-11,organic
103634,2026-01-05,organic
103635,2026-01-16,paid
103636,2026-02-21,organic
103637,2026-02-16,organic
103638,2026-02-05,organic
103639,2026-02-10,organic
103640,2026-01-18,organic
103641,2026-02-13,organic
103642,2026-01-12,organic
103643,2026-01-02,organic
103644,2026-01-19,paid
103645,2026-01-12,organic
103646,2026-01-23,paid
103647,2026-01-24,paid
103648,2026-02-21,organic
103649,2026-01-26,organic
103650,2026-01-04,paid
103651,2026-01-17,paid
103652,2026-02-21,organic
103653,2026-01-27,paid
103654,2026-02-27,referral
103655,2026-01-09,organic
103656,2026-01-01,organic
103657,2026-02-15,referral
103658,2026-02-24,organic
103659,2026-01-11,paid
103660,2026-02-18,organic
103661,2026-02-03,organic
103662,2026-02-13,organic
103663,2026-01-13,paid
103664,2026-02-10,referral
103665,2026-02-09,organic
103666,2026-01-31,organic
103667,2026-02-13,organic
103668,2026-02-20,organic
103669,2026-02-01,organic
103670,2026-01-06,paid
103671,2026-02-18,organic
103672,2026-02-24,organic
103673,2026-01-23,paid
103674,2026-01-24,organic
103675,2026-02-17,paid
103676,2026-02-02,organic
103677,2026-02-09,organic
103678,2026-02-28,paid
103679,2026-01-24,organic
103680,2026-01-30,paid
103681,2026-02-23,organic
103682,2026-02-16,organic
103683,2026-01-20,organic
103684,2026-01-31,paid
103685,2026-01-03,organic
103686,2026-01-08,paid
103687,2026-02-08,paid
103688,2026-02-28,organic
103689,2026-02-18,organic
103690,2026-01-11,organic
103691,2026-01-13,paid
103692,2026-02-15,organic
103693,2026-01-15,paid
103694,2026-02-25,organic
103695,2026-01-13,paid
103696,2026-01-08,organic
103697,2026-02-11,organic
103698,2026-01-16,paid
103699,2026-02-27,organic
103700,2026-01-23,organic
103701,2026-01-05,paid
103702,2026-02-17,organic
103703,2026-01-28,paid
103704,2026-01-30,organic
103705,2026-01-31,organic
103706,2026-02-10,organic
103707,2026-02-07,organic
103708,2026-01-09,organic
103709,2026-01-28,paid
103710,2026-02-15,organic
103711,2026-02-16,organic
103712,2026-01-20,organic
103713,2026-01-01,organic
103714,2026-02-27,organic
103715,2026-02-21,organic
103716,2026-02-05,organic
103717,2026-02-28,paid
103718,2026-02-06,organic
103719,2026-02-19,organic
103720,2026-02-06,organic
103721,2026-02-25,referral
103722,2026-01-21,paid
103723,2026-01-31,organic
103724,2026-01-10,paid
103725,2026-01-23,organic
103726,2026-01-09,paid
103727,2026-01-26,organic
103728,2026-01-09,paid
103729,2026-02-10,organic
103730,2026-01-31,paid
103731,2026-01-15,organic
103732,2026-01-07,organic
103733,2026-01-25,paid
103734,2026-01-12,paid
103735,2026-01-19,organic
103736,2026-01-06,organic
103737,2026-01-16,organic
103738,2026-01-25,paid
103739,2026-02-02,organic
103740,2026-02-20,paid
103741,2026-02-26,organic
103742,2026-01-03,organic
103743,2026-02-22,paid
103744,2026-01-14,organic
103745,2026-02-03,paid
103746,2026-02-07,organic
103747,2026-02-08,organic
103748,2026-01-21,organic
103749,2026-01-15,paid
103750,2026-01-13,organic
103751,2026-02-08,paid
103752,2026-01-15,paid
103753,2026-02-21,organic
103754,2026-02-09,organic
103755,2026-02-15,paid
103756,2026-01-03,paid
103757,2026-01-12,organic
103758,2026-01-25,paid
103759,2026-01-12,organic
103760,2026-01-27,organic
103761,2026-02-03,organic
103762,2026-02-08,paid
103763,2026-02-15,organic
103764,2026-02-27,organic
103765,2026-02-06,paid
103766,2026-02-18,referral
103767,2026-01-08,paid
103768,2026-02-13,paid
103769,2026-01-25,organic
103770,2026-01-13,paid
103771,2026-01-16,organic
103772,2026-02-07,organic
103773,2026-02-18,organic
103774,2026-01-02,referral
103775,2026-01-31,paid
103776,2026-01-25,paid
103777,2026-02-27,organic
103778,2026-01-29,paid
103779,2026-02-25,organic
103780,2026-01-19,organic
103781,2026-01-03,organic
103782,2026-01-10,paid
103783,2026-02-09,organic
103784,2026-02-15,paid
103785,2026-01-31,paid
103786,2026-02-05,organic
103787,2026-01-17,paid
103788,2026-01-07,organic
103789,2026-02-27,referral
103790,2026-01-11,paid
103791,2026-01-04,organic
103792,2026-01-22,paid
103793,2026-02-17,organic
103794,2026-01-21,organic
103795,2026-01-03,paid
103796,2026-02-21,organic
103797,2026-01-17,paid
103798,2026-01-11,referral
103799,2026-02-22,organic
103800,2026-01-29,paid
103801,2026-02-19,paid
103802,2026-01-20,organic
103803,2026-02-25,organic
103804,2026-01-07,paid
103805,2026-01-15,paid
103806,2026-01-30,paid
103807,2026-02-12,organic
103808,2026-02-14,paid
103809,2026-02-17,referral
103810,2026-01-22,organic
103811,2026-02-12,organic
103812,2026-01-24,organic
103813,2026-01-08,paid
103814,2026-02-26,paid
103815,2026-02-12,organic
103816,2026-01-02,organic
103817,2026-01-01,organic
103818,2026-02-25,organic
103819,2026-01-28,paid
103820,2026-02-12,organic
103821,2026-01-19,organic
103822,2026-02-18,organic
103823,2026-01-15,organic
103824,2026-02-13,organic
103825,2026-02-17,organic
103826,2026-02-13,organic
103827,2026-01-14,organic
103828,2026-01-13,paid
103829,2026-01-12,organic
103830,2026-01-07,organic
103831,2026-02-22,organic
103832,2026-01-28,organic
103833,2026-01-05,organic
103834,2026-02-24,organic
103835,2026-01-10,paid
103836,2026-01-31,paid
103837,2026-01-27,organic
103838,2026-01-23,paid
103839,2026-01-29,organic
103840,2026-02-10,organic
103841,2026-01-19,paid
103842,2026-01-17,organic
103843,2026-01-01,paid
103844,2026-01-30,organic
103845,2026-02-07,organic
103846,2026-02-23,organic
103847,2026-01-16,organic
103848,2026-01-23,organic
103849,2026-02-12,referral
103850,2026-01-15,paid
103851,2026-02-20,paid
103852,2026-01-10,paid
103853,2026-01-12,paid
103854,2026-02-27,organic
103855,2026-01-22,referral
103856,2026-01-12,paid
103857,2026-01-14,organic
103858,2026-01-28,organic
103859,2026-01-09,organic
103860,2026-01-10,organic
103861,2026-01-09,paid
103862,2026-02-26,organic
103863,2026-02-03,organic
103864,2026-02-10,paid
103865,2026-01-10,organic
103866,2026-02-26,organic
103867,2026-02-19,organic
103868,2026-02-16,paid
103869,2026-01-28,organic
103870,2026-01-16,organic
103871,2026-01-06,paid
103872,2026-01-14,organic
103873,2026-02-22,organic
103874,2026-02-14,paid
103875,2026-01-05,paid
103876,2026-02-28,organic
103877,2026-02-09,organic
103878,2026-02-07,organic
103879,2026-01-30,paid
103880,2026-01-16,paid
103881,2026-01-10,organic
103882,2026-01-22,organic
103883,2026-01-01,paid
103884,2026-02-28,referral
103885,2026-02-14,paid
103886,2026-02-17,organic
103887,2026-01-17,organic
103888,2026-01-10,organic
103889,2026-01-14,organic
103890,2026-01-11,organic
103891,2026-01-01,organic
103892,2026-01-25,paid
103893,2026-01-07,organic
103894,2026-01-29,organic
103895,2026-01-01,organic
103896,2026-01-21,paid
103897,2026-01-22,paid
103898,2026-01-02,organic
103899,2026-02-10,organic
103900,2026-01-02,organic
103901,2026-01-31,organic
103902,2026-01-04,paid
103903,2026-01-11,paid
103904,2026-01-24,paid
103905,2026-01-18,paid
103906,2026-01-09,paid
103907,2026-01-18,organic
103908,2026-01-20,paid
103909,2026-02-06,paid
103910,2026-01-29,paid
103911,2026-01-28,paid
103912,2026-02-13,paid
103913,2026-01-10,organic
103914,2026-01-03,organic
103915,2026-01-10,organic
103916,2026-01-04,organic
103917,2026-01-10,paid
103918,2026-02-17,organic
103919,2026-01-27,organic
103920,2026-01-17,organic
103921,2026-01-22,organic
103922,2026-01-08,organic
103923,2026-01-22,organic
103924,2026-01-21,paid
103925,2026-02-22,organic
103926,2026-01-26,paid
103927,2026-01-21,organic
103928,2026-02-17,organic
103929,2026-01-06,organic
103930,2026-01-31,paid
103931,2026-02-22,paid
103932,2026-01-14,paid
103933,2026-01-01,organic
103934,2026-01-19,organic
103935,2026-01-16,paid
103936,2026-02-06,paid
103937,2026-01-08,organic
103938,2026-02-22,organic
103939,2026-02-09,paid
103940,2026-01-19,paid
103941,2026-01-31,organic
103942,2026-02-11,organic
103943,2026-01-29,organic
103944,2026-01-20,organic
103945,2026-02-22,paid
103946,2026-02-07,organic
103947,2026-02-15,paid
103948,2026-01-06,organic
103949,2026-01-30,organic
103950,2026-02-04,paid
103951,2026-01-18,organic
103952,2026-02-14,organic
103953,2026-02-07,organic
103954,2026-01-01,organic
103955,2026-02-20,paid
103956,2026-02-12,referral
103957,2026-02-06,organic
103958,2026-01-25,paid
103959,2026-02-18,organic
103960,2026-01-10,paid
103961,2026-01-02,organic
103962,2026-01-31,organic
103963,2026-01-20,organic
103964,2026-01-06,organic
103965,2026-02-13,paid
103966,2026-01-29,paid
103967,2026-02-12,paid
103968,2026-01-25,organic
103969,2026-01-31,paid
103970,2026-01-15,paid
103971,2026-02-03,paid
103972,2026-01-09,referral
103973,2026-01-11,organic
103974,2026-02-27,paid
103975,2026-02-10,paid
103976,2026-01-03,organic
103977,2026-01-15,paid
103978,2026-02-05,organic
103979,2026-01-02,paid
103980,2026-01-13,organic
103981,2026-01-13,organic
103982,2026-01-21,organic
103983,2026-01-29,organic
103984,2026-02-11,organic
103985,2026-02-12,organic
103986,2026-01-05,paid
103987,2026-01-30,referral
103988,2026-02-08,paid
103989,2026-01-04,paid
103990,2026-01-07,organic
103991,2026-01-08,organic
103992,2026-01-05,organic
103993,2026-02-23,organic
103994,2026-02-24,organic
103995,2026-01-09,paid
103996,2026-02-26,paid
103997,2026-01-24,paid
103998,2026-02-05,organic
103999,2026-01-18,organic
104000,2026-02-24,organic
104001,2026-02-08,organic
104002,2026-01-11,paid
104003,2026-01-25,organic
104004,2026-02-09,organic
104005,2026-01-26,referral
104006,2026-01-25,organic
104007,2026-02-25,referral
104008,2026-01-19,paid
104009,2026-02-06,organic
104010,2026-01-10,organic
104011,2026-02-04,paid
104012,2026-01-27,organic
104013,2026-01-07,organic
104014,2026-02-11,paid
104015,2026-01-18,paid
104016,2026-02-08,organic
104017,2026-01-07,paid
104018,2026-02-13,paid
104019,2026-01-17,organic
104020,2026-02-10,organic
104021,2026-01-05,paid
104022,2026-02-25,paid
104023,2026-02-10,organic
104024,2026-01-17,organic
104025,2026-02-28,organic
104026,2026-01-12,organic
104027,2026-02-02,paid
104028,2026-01-02,organic
104029,2026-02-24,organic
104030,2026-02-26,organic
104031,2026-02-22,organic
104032,2026-01-05,organic
104033,2026-01-11,organic
104034,2026-02-23,paid
104035,2026-01-24,paid
104036,2026-01-07,organic
104037,2026-02-23,organic
104038,2026-01-19,organic
104039,2026-01-25,organic
104040,2026-02-19,paid
104041,2026-01-14,organic
104042,2026-01-17,organic
104043,2026-02-16,organic
104044,2026-01-02,paid
104045,2026-01-17,paid
104046,2026-02-02,organic
104047,2026-02-11,paid
104048,2026-01-11,organic
104049,2026-02-14,paid
104050,2026-01-15,paid
104051,2026-01-18,organic
104052,2026-01-30,paid
104053,2026-01-07,organic
104054,2026-01-15,paid
104055,2026-02-26,paid
104056,2026-02-23,organic
104057,2026-01-25,paid
104058,2026-01-15,organic
104059,2026-01-30,organic
104060,2026-02-09,organic
104061,2026-01-25,organic
104062,2026-02-13,organic
104063,2026-01-24,organic
104064,2026-01-21,paid
104065,2026-01-28,organic
104066,2026-02-26,organic
104067,2026-01-05,organic
104068,2026-02-18,organic
104069,2026-01-24,paid
104070,2026-01-06,organic
104071,2026-02-23,organic
104072,2026-01-04,organic
104073,2026-02-19,organic
104074,2026-02-22,organic
104075,2026-02-23,paid
104076,2026-01-17,paid
104077,2026-02-24,paid
104078,2026-01-10,organic
104079,2026-01-28,organic
104080,2026-01-13,paid
104081,2026-01-09,organic
104082,2026-01-13,paid
104083,2026-01-09,referral
104084,2026-02-07,organic
104085,2026-01-25,paid
104086,2026-02-15,organic
104087,2026-02-14,organic
104088,2026-02-28,paid
104089,2026-01-22,organic
104090,2026-01-15,paid
104091,2026-02-03,paid
104092,2026-01-27,organic
104093,2026-01-30,organic
104094,2026-02-23,paid
104095,2026-01-30,organic
104096,2026-01-24,paid
104097,2026-01-09,organic
104098,2026-02-18,organic
104099,2026-01-20,paid
104100,2026-02-24,organic
104101,2026-02-02,paid
104102,2026-01-16,paid
104103,2026-01-03,organic
104104,2026-02-25,organic
104105,2026-02-04,organic
104106,2026-02-05,organic
104107,2026-01-12,organic
104108,2026-02-11,organic
104109,2026-02-10,paid
104110,2026-02-20,paid
104111,2026-01-27,referral
104112,2026-02-19,organic
104113,2026-02-15,paid
104114,2026-02-27,organic
104115,2026-01-21,paid
104116,2026-01-01,paid
104117,2026-02-06,paid
104118,2026-02-22,organic
104119,2026-01-01,organic
104120,2026-02-21,paid
104121,2026-02-19,organic
104122,2026-02-03,organic
104123,2026-02-06,paid
104124,2026-02-20,paid
104125,2026-01-11,organic
104126,2026-01-02,organic
104127,2026-02-05,paid
104128,2026-01-12,organic
104129,2026-01-12,paid
104130,2026-01-25,paid
104131,2026-02-27,organic
104132,2026-01-25,paid
104133,2026-01-10,paid
104134,2026-01-26,organic
104135,2026-01-12,organic
104136,2026-02-08,organic
104137,2026-02-08,paid
104138,2026-01-25,organic
104139,2026-01-27,organic
104140,2026-01-14,organic
104141,2026-02-15,organic
104142,2026-01-13,paid
104143,2026-01-14,paid
104144,2026-01-27,organic
104145,2026-02-02,organic
104146,2026-02-02,organic
104147,2026-01-17,organic
104148,2026-02-08,organic
104149,2026-01-08,paid
104150,2026-01-17,organic
104151,2026-01-31,organic
104152,2026-02-23,referral
104153,2026-01-05,paid
104154,2026-02-04,organic
104155,2026-02-12,organic
104156,2026-02-27,referral
104157,2026-01-18,organic
104158,2026-01-30,organic
104159,2026-02-01,paid
104160,2026-01-29,paid
104161,2026-01-22,organic
104162,2026-02-28,organic
104163,2026-02-21,paid
104164,2026-01-05,paid
104165,2026-02-20,paid
104166,2026-02-09,organic
104167,2026-01-18,organic
104168,2026-02-14,paid
104169,2026-01-11,organic
104170,2026-01-07,organic
104171,2026-02-26,organic
104172,2026-02-23,organic
104173,2026-01-11,paid
104174,2026-02-21,paid
104175,2026-02-12,organic
104176,2026-01-26,organic
104177,2026-02-12,paid
104178,2026-02-08,organic
104179,2026-02-02,organic
104180,2026-02-04,organic
104181,2026-02-17,referral
104182,2026-01-11,organic
104183,2026-02-11,organic
104184,2026-01-24,organic
104185,2026-01-22,organic
104186,2026-02-27,referral
104187,2026-02-11,organic
104188,2026-02-27,organic
104189,2026-02-17,organic
104190,2026-01-18,organic
104191,2026-02-20,paid
104192,2026-01-16,paid
104193,2026-02-01,referral
104194,2026-01-01,organic
104195,2026-01-13,paid
104196,2026-01-10,organic
104197,2026-02-15,organic
104198,2026-01-11,organic
104199,2026-02-10,paid
104200,2026-02-13,paid
104201,2026-01-24,paid
104202,2026-02-13,organic
104203,2026-02-02,paid
104204,2026-01-02,organic
104205,2026-02-17,organic
104206,2026-01-28,organic
104207,2026-01-22,paid
104208,2026-01-07,paid
104209,2026-01-12,organic
104210,2026-01-04,paid
104211,2026-02-01,organic
104212,2026-02-28,organic
104213,2026-01-09,organic
104214,2026-01-21,organic
104215,2026-01-25,paid
104216,2026-02-22,paid
104217,2026-02-19,paid
104218,2026-01-26,organic
104219,2026-02-07,organic
104220,2026-02-15,paid
104221,2026-02-15,organic
104222,2026-01-05,organic
104223,2026-02-27,organic
104224,2026-01-22,paid
104225,2026-01-30,organic
104226,2026-02-16,organic
104227,2026-01-12,paid
104228,2026-01-19,organic
104229,2026-01-01,paid
104230,2026-02-01,organic
104231,2026-01-21,paid
104232,2026-02-28,organic
104233,2026-02-05,organic
104234,2026-01-19,organic
104235,2026-02-25,organic
104236,2026-01-25,paid
104237,2026-01-15,paid
104238,2026-01-29,organic
104239,2026-01-25,organic
104240,2026-01-21,referral
104241,2026-01-24,paid
104242,2026-02-25,paid
104243,2026-02-11,organic
104244,2026-02-15,organic
104245,2026-02-14,organic
104246,2026-02-27,paid
104247,2026-02-19,paid
104248,2026-02-20,paid
104249,2026-02-10,organic
104250,2026-02-21,paid
104251,2026-02-21,paid
104252,2026-01-28,paid
104253,2026-02-28,paid
104254,2026-02-10,organic
104255,2026-02-23,paid
104256,2026-02-11,paid
104257,2026-01-17,paid
104258,2026-02-19,organic
104259,2026-01-12,paid
104260,2026-01-16,organic
104261,2026-01-13,organic
104262,2026-01-11,organic
104263,2026-02-14,paid
104264,2026-01-04,organic
104265,2026-02-28,organic
104266,2026-01-23,organic
104267,2026-02-09,paid
104268,2026-02-15,paid
104269,2026-01-29,organic
104270,2026-02-26,organic
104271,2026-02-23,organic
104272,2026-02-28,paid
104273,2026-02-27,paid
104274,2026-01-31,paid
104275,2026-01-11,organic
104276,2026-02-27,organic
104277,2026-02-26,organic
104278,2026-01-15,organic
104279,2026-01-25,organic
104280,2026-02-13,organic
104281,2026-01-24,paid
104282,2026-02-02,organic
104283,2026-02-07,organic
104284,2026-01-08,organic
104285,2026-02-03,organic
104286,2026-02-10,organic
104287,2026-02-03,organic
104288,2026-01-25,organic
104289,2026-01-31,organic
104290,2026-02-10,paid
104291,2026-02-07,paid
104292,2026-02-14,paid
104293,2026-02-11,organic
104294,2026-01-31,organic
104295,2026-01-05,paid
104296,2026-01-21,organic
104297,2026-02-10,paid
104298,2026-01-17,organic
104299,2026-02-26,referral
104300,2026-01-03,organic
104301,2026-01-06,paid
104302,2026-01-04,organic
104303,2026-02-09,paid
104304,2026-02-09,organic
104305,2026-02-14,organic
104306,2026-01-13,organic
104307,2026-02-04,organic
104308,2026-01-24,paid
104309,2026-01-09,organic
104310,2026-02-18,paid
104311,2026-02-25,organic
104312,2026-02-16,paid
104313,2026-01-30,organic
104314,2026-01-15,organic
104315,2026-02-17,organic
104316,2026-02-09,paid
104317,2026-01-20,organic
104318,2026-02-14,referral
104319,2026-02-22,organic
104320,2026-02-11,organic
104321,2026-01-01,paid
104322,2026-02-05,paid
104323,2026-01-03,organic
104324,2026-02-11,organic
104325,2026-01-02,paid
104326,2026-02-14,paid
104327,2026-02-07,paid
104328,2026-02-28,organic
104329,2026-02-05,organic
104330,2026-02-07,organic
104331,2026-02-22,organic
104332,2026-01-01,organic
104333,2026-01-23,organic
104334,2026-01-11,organic
104335,2026-02-12,paid
104336,2026-01-10,organic
104337,2026-02-17,paid
104338,2026-02-03,organic
104339,2026-01-09,paid
104340,2026-01-28,organic
104341,2026-02-20,referral
104342,2026-01-30,paid
104343,2026-02-15,paid
104344,2026-02-12,organic
104345,2026-01-09,paid
104346,2026-02-13,organic
104347,2026-02-02,organic
104348,2026-01-03,organic
104349,2026-01-15,organic
104350,2026-02-04,paid
104351,2026-02-08,organic
104352,2026-02-25,organic
104353,2026-02-12,organic
104354,2026-01-30,paid
104355,2026-01-09,paid
104356,2026-01-16,organic
104357,2026-01-01,paid
104358,2026-01-03,paid
104359,2026-02-13,organic
104360,2026-02-24,paid
104361,2026-01-08,paid
104362,2026-01-10,organic
104363,2026-02-02,organic
104364,2026-02-21,organic
104365,2026-01-06,paid
104366,2026-02-14,paid
104367,2026-01-16,referral
104368,2026-01-12,paid
104369,2026-01-06,organic
104370,2026-01-08,organic
104371,2026-01-11,paid
104372,2026-01-23,organic
104373,2026-01-05,organic
104374,2026-02-01,organic
104375,2026-01-29,paid
104376,2026-02-11,organic
104377,2026-01-15,organic
104378,2026-01-16,organic
104379,2026-02-23,organic
104380,2026-01-21,paid
104381,2026-01-07,organic
104382,2026-02-15,organic
104383,2026-01-17,organic
104384,2026-01-17,organic
104385,2026-02-13,paid
104386,2026-01-26,organic
104387,2026-01-08,paid
104388,2026-02-28,organic
104389,2026-01-20,organic
104390,2026-01-04,paid
104391,2026-02-16,organic
104392,2026-01-28,paid
104393,2026-01-31,organic
104394,2026-01-31,organic
104395,2026-02-28,organic
104396,2026-01-16,organic
104397,2026-01-11,organic
104398,2026-02-22,paid
104399,2026-02-01,paid
104400,2026-02-10,organic
104401,2026-01-12,organic
104402,2026-01-09,paid
104403,2026-01-05,organic
104404,2026-01-23,organic
104405,2026-02-03,organic
104406,2026-01-25,paid
104407,2026-02-07,organic
104408,2026-01-13,organic
104409,2026-01-02,paid
104410,2026-01-18,organic
104411,2026-02-22,organic
104412,2026-01-01,organic
104413,2026-02-27,paid
104414,2026-02-03,paid
104415,2026-02-16,paid
104416,2026-02-18,organic
104417,2026-02-06,organic
104418,2026-01-31,organic
104419,2026-02-11,organic
104420,2026-01-29,organic
104421,2026-02-04,organic
104422,2026-02-04,organic
104423,2026-01-05,organic
104424,2026-02-12,referral
104425,2026-02-18,paid
104426,2026-01-23,organic
104427,2026-01-19,organic
104428,2026-02-23,organic
104429,2026-02-02,organic
104430,2026-02-13,organic
104431,2026-02-07,organic
104432,2026-01-19,organic
104433,2026-01-02,paid
104434,2026-02-19,organic
104435,2026-01-28,organic
104436,2026-01-12,organic
104437,2026-02-23,organic
104438,2026-02-02,paid
104439,2026-02-17,organic
104440,2026-02-06,organic
104441,2026-02-08,organic
104442,2026-01-11,organic
104443,2026-01-12,organic
104444,2026-01-01,organic
104445,2026-02-04,paid
104446,2026-01-12,organic
104447,2026-02-28,paid
104448,2026-01-11,paid
104449,2026-01-22,organic
104450,2026-01-14,organic
104451,2026-01-16,paid
104452,2026-02-27,organic
104453,2026-01-12,paid
104454,2026-02-22,paid
104455,2026-02-11,paid
104456,2026-01-02,organic
104457,2026-02-15,organic
104458,2026-02-14,organic
104459,2026-01-30,paid
104460,2026-02-10,organic
104461,2026-02-06,organic
104462,2026-02-05,organic
104463,2026-02-03,organic
104464,2026-02-04,organic
104465,2026-01-19,organic
104466,2026-01-18,organic
104467,2026-02-14,organic
104468,2026-02-01,paid
104469,2026-02-19,organic
104470,2026-01-02,paid
104471,2026-02-11,organic
104472,2026-01-10,organic
104473,2026-01-11,paid
104474,2026-02-15,organic
104475,2026-01-25,organic
104476,2026-02-13,organic
104477,2026-01-17,organic
104478,2026-01-12,paid
104479,2026-01-20,organic
104480,2026-02-14,organic
104481,2026-01-15,organic
104482,2026-01-01,paid
104483,2026-01-01,organic
104484,2026-02-19,organic
104485,2026-01-30,paid
104486,2026-01-19,organic
104487,2026-01-26,organic
104488,2026-02-21,organic
104489,2026-01-11,organic
104490,2026-01-27,organic
104491,2026-01-27,paid
104492,2026-02-17,organic
104493,2026-02-27,organic
104494,2026-01-29,paid
104495,2026-02-18,paid
104496,2026-01-30,organic
104497,2026-01-28,organic
104498,2026-01-31,organic
104499,2026-02-27,organic
104500,2026-02-12,organic
104501,2026-02-07,paid
104502,2026-01-16,organic
104503,2026-01-27,paid
104504,2026-01-10,paid
104505,2026-01-26,organic
104506,2026-01-05,paid
104507,2026-01-05,organic
104508,2026-01-28,paid
104509,2026-01-09,paid
104510,2026-02-22,organic
104511,2026-01-30,referral
104512,2026-01-21,organic
104513,2026-02-25,organic
104514,2026-01-18,organic
104515,2026-02-05,organic
104516,2026-01-19,organic
104517,2026-02-11,organic
104518,2026-02-16,organic
104519,2026-01-21,paid
104520,2026-02-25,organic
104521,2026-01-15,organic
104522,2026-02-08,paid
104523,2026-02-18,paid
104524,2026-01-02,organic
104525,2026-02-03,paid
104526,2026-01-03,organic
104527,2026-02-05,organic
104528,2026-01-23,organic
104529,2026-01-25,organic
104530,2026-01-24,organic
104531,2026-01-16,organic
104532,2026-01-02,organic
104533,2026-02-13,paid
104534,2026-01-14,paid
104535,2026-01-29,paid
104536,2026-01-21,paid
104537,2026-02-09,organic
104538,2026-02-21,organic
104539,2026-01-16,paid
104540,2026-02-15,organic
104541,2026-02-04,organic
104542,2026-01-29,organic
104543,2026-02-28,organic
104544,2026-01-27,organic
104545,2026-01-28,organic
104546,2026-01-26,organic
104547,2026-02-21,paid
104548,2026-02-06,organic
104549,2026-01-01,paid
104550,2026-02-15,organic
104551,2026-02-23,organic
104552,2026-02-01,organic
104553,2026-02-07,organic
104554,2026-01-21,referral
104555,2026-01-03,organic
104556,2026-01-22,organic
104557,2026-01-26,paid
104558,2026-02-14,organic
104559,2026-01-21,organic
104560,2026-01-31,paid
104561,2026-01-01,organic
104562,2026-01-14,organic
104563,2026-02-23,organic
104564,2026-01-01,paid
104565,2026-02-20,paid
104566,2026-01-10,organic
104567,2026-01-27,organic
104568,2026-01-27,organic
104569,2026-01-07,organic
104570,2026-01-18,paid
104571,2026-01-16,organic
104572,2026-02-27,organic
104573,2026-01-01,organic
104574,2026-01-06,organic
104575,2026-02-24,organic
104576,2026-02-15,organic
104577,2026-02-18,paid
104578,2026-01-30,organic
104579,2026-01-02,organic
104580,2026-02-16,organic
104581,2026-01-30,organic
104582,2026-02-18,paid
104583,2026-01-16,paid
104584,2026-01-03,organic
104585,2026-02-26,organic
104586,2026-01-18,organic
104587,2026-01-25,referral
104588,2026-01-11,organic
104589,2026-02-11,organic
104590,2026-02-03,paid
104591,2026-01-11,organic
104592,2026-01-02,organic
104593,2026-02-20,paid
104594,2026-01-21,paid
104595,2026-02-07,organic
104596,2026-01-30,paid
104597,2026-01-26,organic
104598,2026-02-07,organic
104599,2026-01-30,organic
104600,2026-02-24,organic
104601,2026-02-27,organic
104602,2026-01-24,organic
104603,2026-01-29,paid
104604,2026-02-14,organic
104605,2026-02-22,paid
104606,2026-01-09,organic
104607,2026-02-24,organic
104608,2026-01-22,paid
104609,2026-01-26,organic
104610,2026-02-21,organic
104611,2026-02-23,organic
104612,2026-02-05,paid
104613,2026-01-27,organic
104614,2026-01-31,paid
104615,2026-02-23,paid
104616,2026-02-25,organic
104617,2026-01-26,paid
104618,2026-01-21,paid
104619,2026-02-22,paid
104620,2026-01-12,organic
104621,2026-02-04,organic
104622,2026-01-30,organic
104623,2026-02-02,organic
104624,2026-01-03,organic
104625,2026-01-27,paid
104626,2026-02-10,organic
104627,2026-01-26,paid
104628,2026-01-17,referral
104629,2026-02-13,organic
104630,2026-01-01,organic
104631,2026-01-19,paid
104632,2026-01-04,organic
104633,2026-01-06,organic
104634,2026-01-05,organic
104635,2026-02-18,paid
104636,2026-02-22,paid
104637,2026-01-21,paid
104638,2026-02-16,paid
104639,2026-01-29,paid
104640,2026-02-03,organic
104641,2026-02-05,organic
104642,2026-01-11,organic
104643,2026-01-24,organic
104644,2026-01-31,paid
104645,2026-01-28,referral
104646,2026-02-20,referral
104647,2026-01-04,organic
104648,2026-01-21,organic
104649,2026-02-17,organic
104650,2026-01-21,organic
104651,2026-01-08,paid
104652,2026-01-25,organic
104653,2026-02-25,organic
104654,2026-02-23,organic
104655,2026-02-03,organic
104656,2026-02-15,paid
104657,2026-02-13,organic
104658,2026-02-07,paid
104659,2026-02-11,organic
104660,2026-01-15,organic
104661,2026-01-22,organic
104662,2026-01-29,organic
104663,2026-01-26,organic
104664,2026-01-12,organic
104665,2026-02-28,organic
104666,2026-02-01,paid
104667,2026-01-07,organic
104668,2026-01-02,paid
104669,2026-01-04,organic
104670,2026-02-26,paid
104671,2026-01-25,paid
104672,2026-01-26,paid
104673,2026-01-22,organic
104674,2026-01-05,paid
104675,2026-02-04,organic
104676,2026-01-31,organic
104677,2026-01-18,organic
104678,2026-01-06,paid
104679,2026-02-16,paid
104680,2026-02-14,organic
104681,2026-02-17,organic
104682,2026-02-19,organic
104683,2026-01-31,organic
104684,2026-01-22,organic
104685,2026-01-12,organic
104686,2026-02-14,paid
104687,2026-02-16,organic
104688,2026-02-23,organic
104689,2026-02-01,organic
104690,2026-01-19,organic
104691,2026-02-24,organic
104692,2026-01-28,paid
104693,2026-02-10,paid
104694,2026-01-07,paid
104695,2026-01-06,paid
104696,2026-02-07,paid
104697,2026-01-25,organic
104698,2026-02-26,paid
104699,2026-02-01,paid
104700,2026-02-12,organic
104701,2026-01-06,paid
104702,2026-02-18,paid
104703,2026-01-04,organic
104704,2026-01-27,paid
104705,2026-01-07,paid
104706,2026-01-31,paid
104707,2026-01-13,organic
104708,2026-01-26,paid
104709,2026-01-11,organic
104710,2026-01-08,paid
104711,2026-02-06,paid
104712,2026-02-05,organic
104713,2026-02-05,organic
104714,2026-01-13,paid
104715,2026-01-14,paid
104716,2026-01-22,paid
104717,2026-01-15,paid
104718,2026-01-31,organic
104719,2026-01-17,organic
104720,2026-01-29,paid
104721,2026-01-11,paid
104722,2026-01-09,organic
104723,2026-02-25,organic
104724,2026-02-20,organic
104725,2026-02-12,organic
104726,2026-01-31,organic
104727,2026-02-03,organic
104728,2026-01-25,paid
104729,2026-01-07,organic
104730,2026-01-05,paid
104731,2026-01-20,paid
104732,2026-02-24,organic
104733,2026-02-13,organic
104734,2026-02-02,organic
104735,2026-02-10,organic
104736,2026-01-28,organic
104737,2026-01-25,organic
104738,2026-02-25,organic
104739,2026-01-12,organic
104740,2026-02-23,organic
104741,2026-02-19,organic
104742,2026-01-23,organic
104743,2026-02-08,paid
104744,2026-02-26,paid
104745,2026-02-06,paid
104746,2026-02-27,organic
104747,2026-02-07,paid
104748,2026-01-15,organic
104749,2026-01-17,organic
104750,2026-01-28,referral
104751,2026-01-18,paid
104752,2026-02-06,organic
104753,2026-01-23,paid
104754,2026-01-05,paid
104755,2026-02-21,paid
104756,2026-02-24,paid
104757,2026-01-29,organic
104758,2026-01-04,organic
104759,2026-02-24,paid
104760,2026-01-23,paid
104761,2026-01-02,organic
104762,2026-02-05,organic
104763,2026-02-03,organic
104764,2026-02-07,organic
104765,2026-01-03,paid
104766,2026-01-04,organic
104767,2026-01-08,organic
104768,2026-01-28,paid
104769,2026-02-09,organic
104770,2026-01-22,paid
104771,2026-01-07,paid
104772,2026-02-14,organic
104773,2026-02-08,paid
104774,2026-01-14,organic
104775,2026-02-23,paid
104776,2026-01-23,organic
104777,2026-02-17,organic
104778,2026-02-25,organic
104779,2026-01-16,paid
104780,2026-01-14,paid
104781,2026-01-13,organic
104782,2026-02-07,organic
104783,2026-01-03,organic
104784,2026-01-03,organic
104785,2026-02-19,organic
104786,2026-02-28,paid
104787,2026-02-17,paid
104788,2026-02-23,organic
104789,2026-01-28,organic
104790,2026-02-28,organic
104791,2026-01-31,paid
104792,2026-02-11,referral
104793,2026-02-27,organic
104794,2026-02-02,paid
104795,2026-01-10,organic
104796,2026-02-15,paid
104797,2026-01-25,paid
104798,2026-02-27,paid
104799,2026-01-21,referral
104800,2026-01-21,paid
104801,2026-01-06,organic
104802,2026-01-14,organic
104803,2026-02-09,organic
104804,2026-02-17,organic
104805,2026-02-23,paid
104806,2026-01-19,referral
104807,2026-02-23,organic
104808,2026-01-21,organic
104809,2026-02-26,organic
104810,2026-02-04,paid
104811,2026-02-05,organic
104812,2026-02-19,organic
104813,2026-02-02,organic
104814,2026-02-09,organic
104815,2026-01-21,organic
104816,2026-01-29,organic
104817,2026-01-22,organic
104818,2026-01-02,organic
104819,2026-01-23,paid
104820,2026-02-06,paid
104821,2026-01-17,paid
104822,2026-01-08,paid
104823,2026-01-28,paid
104824,2026-01-02,paid
104825,2026-02-18,referral
104826,2026-01-11,paid
104827,2026-01-10,paid
104828,2026-02-28,organic
104829,2026-01-17,organic
104830,2026-02-13,organic
104831,2026-01-20,organic
104832,2026-01-07,organic
104833,2026-01-24,organic
104834,2026-01-25,organic
104835,2026-02-11,paid
104836,2026-02-12,organic
104837,2026-02-17,organic
104838,2026-01-30,organic
104839,2026-02-23,organic
104840,2026-01-25,referral
104841,2026-02-16,organic
104842,2026-01-08,organic
104843,2026-01-08,paid
104844,2026-02-26,organic
104845,2026-01-07,organic
104846,2026-01-02,organic
104847,2026-02-16,organic
104848,2026-02-21,organic
104849,2026-01-24,organic
104850,2026-02-04,paid
104851,2026-02-10,organic
104852,2026-02-17,paid
104853,2026-01-09,organic
104854,2026-01-10,paid
104855,2026-01-21,organic
104856,2026-02-20,paid
104857,2026-01-02,paid
104858,2026-02-18,organic
104859,2026-02-15,paid
104860,2026-02-06,organic
104861,2026-02-17,organic
104862,2026-02-07,organic
104863,2026-01-27,paid
104864,2026-01-13,organic
104865,2026-02-27,paid
104866,2026-02-10,paid
104867,2026-01-02,organic
104868,2026-02-05,paid
104869,2026-02-23,paid
104870,2026-01-08,organic
104871,2026-01-08,referral
104872,2026-02-15,organic
104873,2026-01-11,organic
104874,2026-01-26,organic
104875,2026-01-05,organic
104876,2026-02-18,organic
104877,2026-01-02,paid
104878,2026-02-08,organic
104879,2026-02-07,organic
104880,2026-02-05,organic
104881,2026-02-24,referral
104882,2026-02-02,organic
104883,2026-02-09,paid
104884,2026-01-01,organic
104885,2026-01-20,organic
104886,2026-02-19,referral
104887,2026-01-28,paid
104888,2026-01-27,organic
104889,2026-02-24,referral
104890,2026-02-22,referral
104891,2026-02-14,paid
104892,2026-01-03,organic
104893,2026-02-16,organic
104894,2026-02-10,paid
104895,2026-02-06,organic
104896,2026-01-13,organic
104897,2026-02-25,organic
104898,2026-01-02,paid
104899,2026-01-20,organic
104900,2026-02-15,paid
104901,2026-01-21,organic
104902,2026-02-01,organic
104903,2026-01-07,paid
104904,2026-02-28,organic
104905,2026-01-14,paid
104906,2026-02-05,organic
104907,2026-01-05,organic
104908,2026-02-15,organic
104909,2026-02-01,paid
104910,2026-01-10,organic
104911,2026-01-24,organic
104912,2026-01-16,paid
104913,2026-02-26,paid
104914,2026-02-10,paid
104915,2026-01-15,referral
104916,2026-01-09,paid
104917,2026-02-06,paid
104918,2026-01-25,paid
104919,2026-01-08,organic
104920,2026-02-17,organic
104921,2026-02-21,organic
104922,2026-01-06,paid
104923,2026-02-22,organic
104924,2026-01-28,paid
104925,2026-01-11,organic
104926,2026-02-16,organic
104927,2026-02-18,paid
104928,2026-02-03,paid
104929,2026-01-05,paid
104930,2026-01-20,organic
104931,2026-01-22,paid
104932,2026-01-13,paid
104933,2026-02-02,paid
104934,2026-01-03,organic
104935,2026-01-02,organic
104936,2026-01-02,paid
104937,2026-01-13,paid
104938,2026-01-10,organic
104939,2026-02-21,paid
104940,2026-01-02,paid
104941,2026-01-21,organic
104942,2026-02-01,organic
104943,2026-01-07,organic
104944,2026-02-25,paid
104945,2026-01-07,organic
104946,2026-01-15,paid
104947,2026-02-17,paid
104948,2026-01-20,organic
104949,2026-01-03,organic
104950,2026-02-13,paid
104951,2026-01-12,paid
104952,2026-02-11,paid
104953,2026-02-17,organic
104954,2026-01-21,paid
104955,2026-02-12,organic
104956,2026-02-25,organic
104957,2026-02-13,paid
104958,2026-01-21,organic
104959,2026-01-15,referral
104960,2026-01-07,paid
104961,2026-02-27,organic
104962,2026-01-20,organic
104963,2026-01-20,paid
104964,2026-02-20,organic
104965,2026-01-30,organic
104966,2026-01-04,organic
104967,2026-02-18,paid
104968,2026-02-19,paid
104969,2026-02-22,paid
104970,2026-02-14,organic
104971,2026-01-17,organic
104972,2026-02-08,organic
104973,2026-01-29,paid
104974,2026-01-29,organic
104975,2026-02-26,organic
104976,2026-02-18,referral
104977,2026-02-03,paid
104978,2026-01-17,organic
104979,2026-01-03,organic
104980,2026-01-10,paid
104981,2026-02-13,organic
104982,2026-01-27,organic
104983,2026-02-08,referral
104984,2026-02-02,paid
104985,2026-02-22,organic
104986,2026-02-02,organic
104987,2026-01-20,organic
104988,2026-01-15,organic
104989,2026-02-17,organic
104990,2026-01-27,organic
104991,2026-01-19,paid
104992,2026-01-31,organic
104993,2026-01-27,organic
104994,2026-02-17,organic
104995,2026-01-12,paid
104996,2026-01-19,organic
104997,2026-01-13,organic
104998,2026-02-13,paid
104999,2026-02-01,organic
105000,2026-02-16,paid
105001,2026-02-03,organic
105002,2026-02-23,organic
105003,2026-02-05,organic
105004,2026-01-19,organic
105005,2026-01-02,paid
105006,2026-01-26,organic
105007,2026-01-06,organic
105008,2026-02-27,organic
105009,2026-02-18,organic
105010,2026-01-29,organic
105011,2026-01-22,paid
105012,2026-01-15,organic
105013,2026-02-10,organic
105014,2026-02-12,paid
105015,2026-02-11,organic
105016,2026-01-02,paid
105017,2026-02-27,organic
105018,2026-02-05,paid
105019,2026-02-06,paid
105020,2026-02-09,organic
105021,2026-01-06,organic
105022,2026-01-28,paid
105023,2026-01-04,organic
105024,2026-02-20,organic
105025,2026-01-21,organic
105026,2026-02-03,organic
105027,2026-02-21,organic
105028,2026-01-03,paid
105029,2026-01-29,paid
105030,2026-02-24,paid
105031,2026-01-29,organic
105032,2026-02-25,paid
105033,2026-02-08,paid
105034,2026-01-10,organic
105035,2026-01-18,paid
105036,2026-02-28,organic
105037,2026-02-16,organic
105038,2026-02-16,organic
105039,2026-01-03,organic
105040,2026-01-13,organic
105041,2026-02-19,paid
105042,2026-02-22,organic
105043,2026-01-05,organic
105044,2026-02-24,organic
105045,2026-02-13,referral
105046,2026-01-26,organic
105047,2026-02-02,organic
105048,2026-01-18,organic
105049,2026-01-23,organic
105050,2026-01-23,paid
105051,2026-01-10,paid
105052,2026-01-31,paid
105053,2026-02-01,organic
105054,2026-01-17,paid
105055,2026-01-27,organic
105056,2026-02-08,organic
105057,2026-02-28,organic
105058,2026-02-19,organic
105059,2026-02-24,referral
105060,2026-02-25,organic
105061,2026-02-09,paid
105062,2026-01-10,paid
105063,2026-02-06,paid
105064,2026-02-18,paid
105065,2026-02-07,organic
105066,2026-02-12,organic
105067,2026-01-01,organic
105068,2026-02-10,organic
105069,2026-02-28,paid
105070,2026-01-10,organic
105071,2026-01-23,organic
105072,2026-01-16,paid
105073,2026-02-28,paid
105074,2026-02-19,organic
105075,2026-02-10,organic
105076,2026-01-07,organic
105077,2026-02-05,organic
105078,2026-01-09,organic
105079,2026-01-01,organic
105080,2026-02-01,organic
105081,2026-02-16,organic
105082,2026-02-18,organic
105083,2026-01-17,paid
105084,2026-01-17,paid
105085,2026-01-27,referral
105086,2026-01-10,paid
105087,2026-01-30,organic
105088,2026-01-18,organic
105089,2026-01-05,paid
105090,2026-01-03,organic
105091,2026-01-01,organic
105092,2026-01-24,paid
105093,2026-01-03,organic
105094,2026-01-19,organic
105095,2026-02-27,paid
105096,2026-01-17,organic
105097,2026-02-26,paid
105098,2026-02-08,paid
105099,2026-01-05,organic
105100,2026-02-17,paid
105101,2026-02-28,paid
105102,2026-01-04,organic
105103,2026-01-26,referral
105104,2026-01-06,organic
105105,2026-01-25,organic
105106,2026-01-24,paid
105107,2026-02-08,organic
105108,2026-02-21,organic
105109,2026-01-26,referral
105110,2026-02-14,organic
105111,2026-01-21,organic
105112,2026-01-05,organic
105113,2026-01-28,organic
105114,2026-01-16,organic
105115,2026-01-21,organic
105116,2026-01-26,paid
105117,2026-01-14,organic
105118,2026-02-08,organic
105119,2026-01-23,paid
105120,2026-02-06,organic
105121,2026-02-24,organic
105122,2026-01-19,organic
105123,2026-01-31,organic
105124,2026-01-23,paid
105125,2026-01-21,organic
105126,2026-01-31,paid
105127,2026-01-29,organic
105128,2026-02-17,paid
105129,2026-02-05,organic
105130,2026-01-19,paid
105131,2026-02-16,organic
105132,2026-01-27,paid
105133,2026-02-12,paid
105134,2026-02-14,organic
105135,2026-01-27,paid
105136,2026-02-14,paid
105137,2026-01-01,organic
105138,2026-01-01,paid
105139,2026-02-10,paid
105140,2026-01-13,organic
105141,2026-01-19,paid
105142,2026-01-12,paid
105143,2026-01-12,paid
105144,2026-01-10,organic
105145,2026-01-12,organic
105146,2026-01-19,organic
105147,2026-02-27,paid
105148,2026-02-08,paid
105149,2026-02-17,organic
105150,2026-01-20,paid
105151,2026-01-22,paid
105152,2026-02-14,paid
105153,2026-01-15,organic
105154,2026-01-05,organic
105155,2026-01-12,organic
105156,2026-01-31,organic
105157,2026-02-07,organic
105158,2026-02-03,paid
105159,2026-02-03,organic
105160,2026-01-14,organic
105161,2026-01-21,organic
105162,2026-02-23,paid
105163,2026-02-19,organic
105164,2026-02-13,paid
105165,2026-01-08,paid
105166,2026-02-10,paid
105167,2026-01-14,organic
105168,2026-01-14,organic
105169,2026-02-24,referral
105170,2026-02-20,paid
105171,2026-01-30,organic
105172,2026-02-20,paid
105173,2026-01-14,organic
105174,2026-01-17,organic
105175,2026-01-24,organic
105176,2026-01-09,paid
105177,2026-01-06,paid
105178,2026-01-07,organic
105179,2026-01-04,organic
105180,2026-02-06,organic
105181,2026-02-06,paid
105182,2026-01-08,paid
105183,2026-01-21,referral
105184,2026-02-28,organic
105185,2026-02-12,organic
105186,2026-02-13,organic
105187,2026-02-17,organic
105188,2026-01-06,paid
105189,2026-01-15,paid
105190,2026-02-16,paid
105191,2026-02-21,paid
105192,2026-02-16,organic
105193,2026-01-02,paid
105194,2026-01-21,organic
105195,2026-02-08,referral
105196,2026-01-28,paid
105197,2026-02-07,organic
105198,2026-01-11,paid
105199,2026-01-23,organic
105200,2026-02-15,organic
105201,2026-02-07,paid
105202,2026-01-16,paid
105203,2026-02-10,organic
105204,2026-01-24,organic
105205,2026-01-17,paid
105206,2026-01-23,paid
105207,2026-01-11,organic
105208,2026-02-13,organic
105209,2026-02-26,organic
105210,2026-02-14,organic
105211,2026-01-20,organic
105212,2026-02-12,paid
105213,2026-01-12,organic
105214,2026-02-07,organic
105215,2026-01-16,paid
105216,2026-02-28,paid
105217,2026-01-14,organic
105218,2026-02-14,organic
105219,2026-01-15,organic
105220,2026-01-17,paid
105221,2026-01-03,paid
105222,2026-01-25,paid
105223,2026-01-20,organic
105224,2026-01-02,paid
105225,2026-02-26,paid
105226,2026-02-01,organic
105227,2026-01-17,organic
105228,2026-02-22,paid
105229,2026-02-28,paid
105230,2026-02-26,paid
105231,2026-02-05,organic
105232,2026-01-04,organic
105233,2026-01-20,organic
105234,2026-01-01,organic
105235,2026-01-04,organic
105236,2026-01-10,organic
105237,2026-01-17,organic
105238,2026-02-19,paid
105239,2026-02-09,organic
105240,2026-01-12,organic
105241,2026-02-17,organic
105242,2026-02-16,organic
105243,2026-01-03,organic
105244,2026-02-15,organic
105245,2026-02-15,organic
105246,2026-01-20,paid
105247,2026-01-10,organic
105248,2026-01-05,paid
105249,2026-02-02,organic
105250,2026-02-13,organic
105251,2026-01-25,organic
105252,2026-01-11,organic
105253,2026-01-24,referral
105254,2026-01-31,paid
105255,2026-02-23,organic
105256,2026-01-18,paid
105257,2026-02-10,organic
105258,2026-02-26,paid
105259,2026-01-27,paid
105260,2026-01-14,organic
105261,2026-02-02,organic
105262,2026-01-14,organic
105263,2026-01-22,organic
105264,2026-02-27,paid
105265,2026-01-18,paid
105266,2026-01-07,paid
105267,2026-02-08,paid
105268,2026-02-05,referral
105269,2026-02-25,organic
105270,2026-02-27,organic
105271,2026-02-28,organic
105272,2026-02-27,organic
105273,2026-01-10,paid
105274,2026-01-11,paid
105275,2026-01-11,organic
105276,2026-01-10,organic
105277,2026-01-14,paid
105278,2026-02-17,organic
105279,2026-01-18,paid
105280,2026-02-12,organic
105281,2026-01-12,organic
105282,2026-02-18,referral
105283,2026-01-26,paid
105284,2026-01-12,organic
105285,2026-02-13,organic
105286,2026-01-17,organic
105287,2026-01-24,organic
105288,2026-01-02,organic
105289,2026-02-06,paid
105290,2026-01-04,organic
105291,2026-02-17,organic
105292,2026-02-17,paid
105293,2026-01-02,organic
105294,2026-01-11,paid
105295,2026-01-24,organic
105296,2026-02-15,organic
105297,2026-01-19,organic
105298,2026-01-13,organic
105299,2026-01-16,organic
105300,2026-01-19,organic
105301,2026-01-16,paid
105302,2026-01-01,organic
105303,2026-02-24,organic
105304,2026-01-24,paid
105305,2026-01-10,organic
105306,2026-01-03,organic
105307,2026-02-06,organic
105308,2026-02-11,organic
105309,2026-01-23,paid
105310,2026-02-22,paid
105311,2026-02-22,paid
105312,2026-01-04,organic
105313,2026-01-11,paid
105314,2026-01-11,organic
105315,2026-02-09,organic
105316,2026-01-10,paid
105317,2026-02-14,organic
105318,2026-02-02,organic
105319,2026-02-07,paid
105320,2026-02-09,organic
105321,2026-01-08,organic
105322,2026-01-08,paid
105323,2026-02-17,organic
105324,2026-01-08,organic
105325,2026-01-25,paid
105326,2026-01-12,organic
105327,2026-01-06,paid
105328,2026-01-02,organic
105329,2026-02-19,organic
105330,2026-01-25,paid
105331,2026-02-17,paid
105332,2026-01-01,organic
105333,2026-01-28,organic
105334,2026-02-05,organic
105335,2026-01-05,organic
105336,2026-02-22,organic
105337,2026-02-26,paid
105338,2026-02-12,referral
105339,2026-02-12,paid
105340,2026-02-01,organic
105341,2026-02-08,organic
105342,2026-01-14,paid
105343,2026-02-14,organic
105344,2026-02-26,organic
105345,2026-01-08,paid
105346,2026-01-19,paid
105347,2026-02-22,organic
105348,2026-01-28,paid
105349,2026-01-11,organic
105350,2026-01-15,organic
105351,2026-01-20,organic
105352,2026-01-26,paid
105353,2026-01-07,organic
105354,2026-01-26,paid
105355,2026-01-31,organic
105356,2026-02-25,paid
105357,2026-02-16,paid
105358,2026-02-02,paid
105359,2026-02-19,organic
105360,2026-02-10,organic
105361,2026-02-22,paid
105362,2026-01-29,organic
105363,2026-01-29,paid
105364,2026-01-06,organic
105365,2026-01-01,organic
105366,2026-02-19,organic
105367,2026-02-15,organic
105368,2026-01-30,paid
105369,2026-02-20,organic
105370,2026-02-03,paid
105371,2026-02-20,organic
105372,2026-02-09,organic
105373,2026-01-16,paid
105374,2026-02-22,organic
105375,2026-02-13,organic
105376,2026-02-16,paid
105377,2026-01-31,organic
105378,2026-02-01,paid
105379,2026-01-07,organic
105380,2026-02-17,paid
105381,2026-01-10,paid
105382,2026-01-11,paid
105383,2026-01-08,organic
105384,2026-01-22,paid
105385,2026-02-09,organic
105386,2026-02-12,organic
105387,2026-01-22,organic
105388,2026-01-05,paid
105389,2026-02-28,organic
105390,2026-01-17,organic
105391,2026-02-16,organic
105392,2026-02-11,organic
105393,2026-02-20,referral
105394,2026-01-23,paid
105395,2026-02-10,paid
105396,2026-01-13,paid
105397,2026-01-24,paid
105398,2026-02-02,paid
105399,2026-02-13,referral
105400,2026-01-14,organic
105401,2026-02-20,paid
105402,2026-01-13,organic
105403,2026-02-13,organic
105404,2026-01-09,organic
105405,2026-02-11,organic
105406,2026-02-18,organic
105407,2026-01-30,organic
105408,2026-01-11,organic
105409,2026-01-20,paid
105410,2026-02-08,paid
105411,2026-01-13,paid
105412,2026-01-25,paid
105413,2026-01-31,paid
105414,2026-02-18,organic
105415,2026-02-24,organic
105416,2026-01-08,organic
105417,2026-02-05,organic
105418,2026-02-03,organic
105419,2026-02-03,organic
105420,2026-01-28,organic
105421,2026-02-13,organic
105422,2026-01-23,paid
105423,2026-02-13,paid
105424,2026-01-29,paid
105425,2026-01-11,organic
105426,2026-01-01,paid
105427,2026-02-22,organic
105428,2026-01-02,paid
105429,2026-02-20,organic
105430,2026-01-23,paid
105431,2026-01-02,organic
105432,2026-02-23,organic
105433,2026-02-19,paid
105434,2026-01-14,organic
105435,2026-02-23,organic
105436,2026-01-08,organic
105437,2026-02-28,organic
105438,2026-02-14,organic
105439,2026-01-05,paid
105440,2026-01-09,organic
105441,2026-02-16,organic
105442,2026-01-03,organic
105443,2026-02-22,organic
105444,2026-01-03,paid
105445,2026-02-05,paid
105446,2026-01-19,paid
105447,2026-01-12,organic
105448,2026-01-07,referral
105449,2026-02-05,organic
105450,2026-02-07,paid
105451,2026-01-24,paid
105452,2026-01-31,organic
105453,2026-01-21,organic
105454,2026-01-24,organic
105455,2026-01-15,organic
105456,2026-01-02,paid
105457,2026-01-21,organic
105458,2026-01-30,organic
105459,2026-01-04,paid
105460,2026-01-22,paid
105461,2026-02-09,organic
105462,2026-01-19,organic
105463,2026-02-21,organic
105464,2026-01-31,organic
105465,2026-02-16,organic
105466,2026-02-05,paid
105467,2026-02-08,organic
105468,2026-02-14,organic
105469,2026-02-16,paid
105470,2026-01-06,paid
105471,2026-02-25,organic
105472,2026-02-12,organic
105473,2026-01-31,organic
105474,2026-02-04,organic
105475,2026-02-15,paid
105476,2026-02-18,paid
105477,2026-01-16,organic
105478,2026-01-12,organic
105479,2026-02-08,organic
105480,2026-01-26,paid
105481,2026-01-24,organic
105482,2026-01-16,paid
105483,2026-01-10,organic
105484,2026-02-15,organic
105485,2026-01-25,organic
105486,2026-01-08,organic
105487,2026-01-10,organic
105488,2026-02-21,organic
105489,2026-01-23,organic
105490,2026-02-18,organic
105491,2026-01-06,referral
105492,2026-01-27,organic
105493,2026-02-17,paid
105494,2026-01-04,paid
105495,2026-01-10,paid
105496,2026-01-06,paid
105497,2026-02-08,paid
105498,2026-02-20,organic
105499,2026-01-03,organic
105500,2026-02-05,organic
105501,2026-02-26,organic
105502,2026-01-21,paid
105503,2026-01-10,organic
105504,2026-02-08,paid
105505,2026-01-31,organic
105506,2026-01-17,organic
105507,2026-02-22,paid
105508,2026-02-01,paid
105509,2026-02-05,paid
105510,2026-02-26,organic
105511,2026-01-13,organic
105512,2026-02-21,organic
105513,2026-02-01,paid
105514,2026-01-30,organic
105515,2026-02-06,paid
105516,2026-02-13,paid
105517,2026-01-05,paid
105518,2026-01-20,paid
105519,2026-01-06,paid
105520,2026-02-15,paid
105521,2026-02-13,organic
105522,2026-01-03,organic
105523,2026-02-01,organic
105524,2026-01-18,paid
105525,2026-01-18,paid
105526,2026-01-16,organic
105527,2026-01-06,organic
105528,2026-01-11,organic
105529,2026-02-14,organic
105530,2026-02-12,organic
105531,2026-01-06,paid
105532,2026-01-03,organic
105533,2026-02-08,organic
105534,2026-02-22,organic
105535,2026-01-31,organic
105536,2026-02-04,organic
105537,2026-02-13,organic
105538,2026-02-28,organic
105539,2026-01-22,organic
105540,2026-01-30,organic
105541,2026-02-07,organic
105542,2026-02-10,organic
105543,2026-01-24,paid
105544,2026-01-04,organic
105545,2026-02-16,organic
105546,2026-02-17,organic
105547,2026-02-24,organic
105548,2026-02-10,organic
105549,2026-01-26,paid
105550,2026-02-25,organic
105551,2026-02-18,paid
105552,2026-02-07,organic
105553,2026-01-21,organic
105554,2026-01-31,organic
105555,2026-01-06,referral
105556,2026-01-31,organic
105557,2026-01-02,organic
105558,2026-02-04,organic
105559,2026-01-11,paid
105560,2026-02-02,organic
105561,2026-02-19,organic
105562,2026-01-23,paid
105563,2026-02-14,organic
105564,2026-01-09,paid
105565,2026-02-22,paid
105566,2026-01-10,organic
105567,2026-01-19,paid
105568,2026-01-16,paid
105569,2026-01-27,organic
105570,2026-02-26,organic
105571,2026-01-05,paid
105572,2026-01-07,paid
105573,2026-01-12,organic
105574,2026-02-28,organic
105575,2026-02-01,paid
105576,2026-02-21,paid
105577,2026-02-02,organic
105578,2026-01-23,organic
105579,2026-01-07,paid
105580,2026-01-22,paid
105581,2026-01-08,organic
105582,2026-01-12,organic
105583,2026-01-14,paid
105584,2026-02-21,paid
105585,2026-01-12,paid
105586,2026-01-29,paid
105587,2026-01-24,organic
105588,2026-01-10,organic
105589,2026-02-04,organic
105590,2026-01-31,organic
105591,2026-01-23,paid
105592,2026-02-17,organic
105593,2026-02-23,paid
105594,2026-01-15,paid
105595,2026-01-29,organic
105596,2026-01-27,paid
105597,2026-01-02,organic
105598,2026-01-01,organic
105599,2026-02-28,organic
105600,2026-01-08,paid
105601,2026-02-12,organic
105602,2026-02-13,organic
105603,2026-01-02,organic
105604,2026-01-16,organic
105605,2026-02-17,paid
105606,2026-01-26,paid
105607,2026-02-12,organic
105608,2026-02-26,paid
105609,2026-02-04,organic
105610,2026-01-17,paid
105611,2026-01-28,referral
105612,2026-01-10,organic
105613,2026-02-13,organic
105614,2026-01-27,organic
105615,2026-01-17,paid
105616,2026-02-24,organic
105617,2026-02-08,organic
105618,2026-01-24,organic
105619,2026-01-26,paid
105620,2026-02-02,paid
105621,2026-02-28,paid
105622,2026-02-23,organic
105623,2026-01-15,organic
105624,2026-01-18,organic
105625,2026-01-28,paid
105626,2026-01-17,organic
105627,2026-01-25,organic
105628,2026-01-18,organic
105629,2026-01-16,organic
105630,2026-01-12,organic
105631,2026-01-06,organic
105632,2026-02-19,paid
105633,2026-01-05,organic
105634,2026-01-29,paid
105635,2026-02-18,organic
105636,2026-02-11,organic
105637,2026-01-09,paid
105638,2026-02-10,organic
105639,2026-01-04,paid
105640,2026-01-16,organic
105641,2026-01-19,organic
105642,2026-02-27,paid
105643,2026-01-11,organic
105644,2026-02-10,paid
105645,2026-01-28,organic
105646,2026-02-28,organic
105647,2026-02-24,organic
105648,2026-02-19,organic
105649,2026-01-01,organic
105650,2026-02-09,organic
105651,2026-02-25,organic
105652,2026-01-31,organic
105653,2026-01-06,paid
105654,2026-01-03,organic
105655,2026-01-25,organic
105656,2026-02-09,organic
105657,2026-02-09,organic
105658,2026-02-11,organic
105659,2026-02-28,organic
105660,2026-02-09,organic
105661,2026-02-06,paid
105662,2026-01-16,organic
105663,2026-01-10,organic
105664,2026-02-18,paid
105665,2026-01-15,organic
105666,2026-02-09,organic
105667,2026-02-20,organic
105668,2026-02-10,paid
105669,2026-02-26,organic
105670,2026-01-15,paid
105671,2026-01-21,paid
105672,2026-01-19,organic
105673,2026-01-30,organic
105674,2026-01-18,organic
105675,2026-02-03,paid
105676,2026-01-11,organic
105677,2026-01-28,organic
105678,2026-01-18,organic
105679,2026-02-14,organic
105680,2026-01-11,paid
105681,2026-01-27,organic
105682,2026-02-25,organic
105683,2026-02-28,organic
105684,2026-02-08,organic
105685,2026-01-06,paid
105686,2026-02-28,organic
105687,2026-01-02,paid
105688,2026-02-09,organic
105689,2026-02-03,organic
105690,2026-01-27,paid
105691,2026-01-14,paid
105692,2026-02-16,organic
105693,2026-02-17,organic
105694,2026-01-12,organic
105695,2026-01-03,organic
105696,2026-01-18,paid
105697,2026-02-23,paid
105698,2026-01-20,paid
105699,2026-01-16,paid
105700,2026-01-21,organic
105701,2026-01-12,paid
105702,2026-01-27,organic
105703,2026-01-29,paid
105704,2026-01-24,paid
105705,2026-01-10,organic
105706,2026-01-04,paid
105707,2026-01-03,organic
105708,2026-01-18,organic
105709,2026-01-27,organic
105710,2026-01-30,paid
105711,2026-01-23,referral
105712,2026-02-15,organic
105713,2026-01-19,paid
105714,2026-02-26,organic
105715,2026-02-02,paid
105716,2026-02-24,organic
105717,2026-01-17,paid
105718,2026-01-03,organic
105719,2026-01-06,organic
105720,2026-02-04,paid
105721,2026-02-24,paid
105722,2026-02-16,organic
105723,2026-02-03,paid
105724,2026-01-31,organic
105725,2026-02-11,organic
105726,2026-01-17,paid
105727,2026-02-07,organic
105728,2026-01-10,organic
105729,2026-01-30,organic
105730,2026-01-17,paid
105731,2026-01-04,organic
105732,2026-02-11,paid
105733,2026-02-21,paid
105734,2026-01-15,paid
105735,2026-01-26,organic
105736,2026-02-15,paid
105737,2026-02-24,paid
105738,2026-01-30,organic
105739,2026-02-13,organic
105740,2026-02-14,organic
105741,2026-01-18,organic
105742,2026-02-02,paid
105743,2026-01-12,organic
105744,2026-01-21,organic
105745,2026-01-14,paid
105746,2026-01-09,organic
105747,2026-01-21,organic
105748,2026-02-14,paid
105749,2026-02-02,organic
105750,2026-02-03,organic
105751,2026-01-14,organic
105752,2026-01-29,organic
105753,2026-02-11,organic
105754,2026-01-12,paid
105755,2026-02-02,paid
105756,2026-02-20,organic
105757,2026-02-09,organic
105758,2026-01-19,organic
105759,2026-02-08,paid
105760,2026-02-21,organic
105761,2026-02-13,paid
105762,2026-02-20,organic
105763,2026-02-11,organic
105764,2026-02-04,organic
105765,2026-01-25,paid
105766,2026-01-18,organic
105767,2026-02-20,organic
105768,2026-02-18,organic
105769,2026-02-09,organic
105770,2026-01-22,organic
105771,2026-02-14,organic
105772,2026-02-15,organic
105773,2026-02-25,organic
105774,2026-01-23,organic
105775,2026-01-02,organic
105776,2026-01-23,organic
105777,2026-02-16,organic
105778,2026-01-19,paid
105779,2026-02-24,organic
105780,2026-01-01,organic
105781,2026-01-06,paid
105782,2026-01-16,paid
105783,2026-01-10,organic
105784,2026-02-25,organic
105785,2026-02-21,paid
105786,2026-01-20,organic
105787,2026-02-27,organic
105788,2026-01-21,organic
105789,2026-01-02,paid
105790,2026-02-15,paid
105791,2026-02-08,organic
105792,2026-02-13,organic
105793,2026-01-28,organic
105794,2026-02-11,referral
105795,2026-02-19,paid
105796,2026-02-18,paid
105797,2026-02-09,paid
105798,2026-02-24,organic
105799,2026-01-27,paid
105800,2026-02-27,paid
105801,2026-01-27,organic
105802,2026-01-12,organic
105803,2026-01-19,organic
105804,2026-02-17,referral
105805,2026-01-08,paid
105806,2026-01-02,organic
105807,2026-01-02,organic
105808,2026-01-16,organic
105809,2026-02-21,paid
105810,2026-01-13,referral
105811,2026-01-26,organic
105812,2026-01-07,organic
105813,2026-02-16,paid
105814,2026-01-31,organic
105815,2026-01-16,organic
105816,2026-02-03,organic
105817,2026-02-07,paid
105818,2026-01-31,organic
105819,2026-01-31,paid
105820,2026-01-30,organic
105821,2026-02-20,organic
105822,2026-02-03,organic
105823,2026-02-16,organic
105824,2026-01-06,organic
105825,2026-01-27,organic
105826,2026-02-25,organic
105827,2026-02-28,paid
105828,2026-02-07,paid
105829,2026-01-14,organic
105830,2026-01-13,organic
105831,2026-02-27,organic
105832,2026-01-31,paid
105833,2026-01-26,organic
105834,2026-01-15,organic
105835,2026-02-05,organic
105836,2026-01-14,paid
105837,2026-01-17,organic
105838,2026-02-22,organic
105839,2026-02-24,paid
105840,2026-02-25,organic
105841,2026-02-03,paid
105842,2026-02-01,organic
105843,2026-01-07,organic
105844,2026-02-09,organic
105845,2026-02-20,paid
105846,2026-02-19,organic
105847,2026-01-11,organic
105848,2026-01-09,organic
105849,2026-02-17,paid
105850,2026-02-03,referral
105851,2026-02-09,organic
105852,2026-01-08,organic
105853,2026-01-12,paid
105854,2026-01-20,referral
105855,2026-01-16,organic
105856,2026-01-09,organic
105857,2026-02-01,organic
105858,2026-02-07,referral
105859,2026-02-05,paid
105860,2026-01-29,organic
105861,2026-01-19,paid
105862,2026-01-07,organic
105863,2026-01-25,paid
105864,2026-02-17,organic
105865,2026-02-07,organic
105866,2026-01-18,organic
105867,2026-02-18,organic
105868,2026-02-18,organic
105869,2026-02-18,organic
105870,2026-01-26,organic
105871,2026-01-24,organic
105872,2026-01-25,organic
105873,2026-02-19,organic
105874,2026-02-24,organic
105875,2026-01-09,organic
105876,2026-02-01,organic
105877,2026-01-02,organic
105878,2026-01-08,organic
105879,2026-02-04,organic
105880,2026-01-05,paid
105881,2026-02-15,organic
105882,2026-01-22,organic
105883,2026-02-07,organic
105884,2026-02-17,paid
105885,2026-02-06,paid
105886,2026-01-11,organic
105887,2026-01-11,paid
105888,2026-01-21,organic
105889,2026-01-12,organic
105890,2026-01-15,organic
105891,2026-02-14,organic
105892,2026-01-18,organic
105893,2026-02-16,organic
105894,2026-01-06,referral
105895,2026-01-30,organic
105896,2026-01-31,paid
105897,2026-01-16,organic
105898,2026-02-27,organic
105899,2026-01-19,organic
105900,2026-01-18,organic
105901,2026-02-24,organic
105902,2026-02-20,organic
105903,2026-01-22,paid
105904,2026-02-26,paid
105905,2026-02-14,paid
105906,2026-01-15,organic
105907,2026-01-16,referral
105908,2026-01-05,organic
105909,2026-02-07,paid
105910,2026-01-17,organic
105911,2026-02-28,organic
105912,2026-02-27,organic
105913,2026-02-11,organic
105914,2026-01-31,organic
105915,2026-01-06,organic
105916,2026-02-14,referral
105917,2026-01-05,paid
105918,2026-01-25,paid
105919,2026-02-18,organic
105920,2026-02-19,organic
105921,2026-01-15,organic
105922,2026-01-05,organic
105923,2026-01-26,organic
105924,2026-01-28,organic
105925,2026-02-19,paid
105926,2026-02-28,organic
105927,2026-02-19,organic
105928,2026-01-20,organic
105929,2026-01-05,organic
105930,2026-01-20,paid
105931,2026-02-15,organic
105932,2026-02-19,paid
105933,2026-02-21,paid
105934,2026-01-22,paid
105935,2026-01-18,paid
105936,2026-01-06,paid
105937,2026-02-09,organic
105938,2026-02-19,paid
105939,2026-02-19,organic
105940,2026-01-20,organic
105941,2026-02-04,paid
105942,2026-02-17,organic
105943,2026-01-05,organic
105944,2026-01-11,organic
105945,2026-01-31,organic
105946,2026-01-05,organic
105947,2026-02-12,organic
105948,2026-01-07,organic
105949,2026-02-17,referral
105950,2026-01-14,organic
105951,2026-01-04,organic
105952,2026-01-29,organic
105953,2026-02-14,organic
105954,2026-02-25,organic
105955,2026-01-04,paid
105956,2026-01-16,organic
105957,2026-01-08,organic
105958,2026-01-06,paid
105959,2026-01-22,paid
105960,2026-01-27,organic
105961,2026-02-07,organic
105962,2026-01-21,organic
105963,2026-02-06,organic
105964,2026-01-07,organic
105965,2026-02-11,organic
105966,2026-02-26,organic
105967,2026-01-22,referral
105968,2026-01-08,organic
105969,2026-02-26,organic
105970,2026-02-16,paid
105971,2026-02-07,organic
105972,2026-02-16,organic
105973,2026-02-10,organic
105974,2026-02-11,paid
105975,2026-02-06,paid
105976,2026-02-09,organic
105977,2026-02-22,organic
105978,2026-02-05,organic
105979,2026-02-21,organic
105980,2026-01-31,paid
105981,2026-01-31,paid
105982,2026-01-11,paid
105983,2026-01-07,organic
105984,2026-01-20,referral
105985,2026-01-07,paid
105986,2026-02-15,organic
105987,2026-01-01,organic
105988,2026-01-29,paid
105989,2026-02-05,organic
105990,2026-01-20,organic
105991,2026-02-14,paid
105992,2026-01-30,organic
105993,2026-01-17,paid
105994,2026-01-03,organic
105995,2026-01-05,paid
105996,2026-02-10,paid
105997,2026-01-12,paid
105998,2026-01-21,organic
105999,2026-02-21,organic
106000,2026-01-05,organic
106001,2026-01-15,paid
106002,2026-01-24,organic
106003,2026-02-01,organic
106004,2026-02-17,organic
106005,2026-02-10,organic
106006,2026-02-07,organic
106007,2026-01-28,organic
106008,2026-01-17,organic
106009,2026-01-24,organic
106010,2026-02-14,organic
106011,2026-02-20,organic
106012,2026-01-15,paid
106013,2026-02-14,organic
106014,2026-01-07,organic
106015,2026-02-16,organic
106016,2026-02-18,organic
106017,2026-01-08,organic
106018,2026-01-22,organic
106019,2026-01-27,paid
106020,2026-02-25,paid
106021,2026-02-15,paid
106022,2026-02-15,organic
106023,2026-02-12,organic
106024,2026-01-08,organic
106025,2026-01-14,organic
106026,2026-01-11,organic
106027,2026-02-18,paid
106028,2026-01-30,organic
106029,2026-01-18,paid
106030,2026-01-04,paid
106031,2026-01-03,organic
106032,2026-02-27,paid
106033,2026-02-16,paid
106034,2026-01-29,organic
106035,2026-01-09,organic
106036,2026-02-02,organic
106037,2026-01-20,organic
106038,2026-01-14,organic
106039,2026-01-16,organic
106040,2026-02-24,paid
106041,2026-01-07,organic
106042,2026-02-14,paid
106043,2026-02-16,paid
106044,2026-02-06,organic
106045,2026-01-07,organic
106046,2026-02-16,paid
106047,2026-01-19,paid
106048,2026-01-25,paid
106049,2026-01-27,organic
106050,2026-02-26,paid
106051,2026-02-10,paid
106052,2026-01-12,organic
106053,2026-01-14,paid
106054,2026-01-28,referral
106055,2026-01-15,organic
106056,2026-01-06,paid
106057,2026-01-06,organic
106058,2026-02-10,organic
106059,2026-01-08,organic
106060,2026-01-20,referral
106061,2026-02-08,paid
106062,2026-01-16,paid
106063,2026-01-23,organic
106064,2026-01-05,organic
106065,2026-01-05,referral
106066,2026-02-27,organic
106067,2026-02-09,organic
106068,2026-02-13,organic
106069,2026-02-17,organic
106070,2026-01-27,organic
106071,2026-01-18,organic
106072,2026-01-04,paid
106073,2026-02-13,organic
106074,2026-02-27,organic
106075,2026-01-05,organic
106076,2026-01-13,organic
106077,2026-02-11,paid
106078,2026-02-10,organic
106079,2026-01-10,organic
106080,2026-01-15,paid
106081,2026-02-01,referral
106082,2026-02-03,organic
106083,2026-01-26,organic
106084,2026-01-08,organic
106085,2026-02-11,organic
106086,2026-02-23,organic
106087,2026-01-16,organic
106088,2026-01-16,organic
106089,2026-01-26,paid
106090,2026-01-18,organic
106091,2026-01-22,paid
106092,2026-01-24,referral
106093,2026-01-25,organic
106094,2026-01-13,organic
106095,2026-01-16,paid
106096,2026-01-01,referral
106097,2026-02-08,organic
106098,2026-01-15,organic
106099,2026-01-04,organic
106100,2026-01-06,paid
106101,2026-02-01,organic
106102,2026-02-01,organic
106103,2026-01-29,organic
106104,2026-01-10,organic
106105,2026-02-11,organic
106106,2026-01-23,paid
106107,2026-01-30,organic
106108,2026-01-19,referral
106109,2026-02-16,paid
106110,2026-02-27,paid
106111,2026-02-05,organic
106112,2026-02-27,referral
106113,2026-01-22,paid
106114,2026-02-19,organic
106115,2026-01-19,organic
106116,2026-01-03,organic
106117,2026-01-01,paid
106118,2026-02-02,organic
106119,2026-02-19,organic
106120,2026-01-24,paid
106121,2026-01-14,organic
106122,2026-01-11,organic
106123,2026-02-01,organic
106124,2026-01-17,organic
106125,2026-01-11,organic
106126,2026-01-04,organic
106127,2026-02-28,organic
106128,2026-01-07,referral
106129,2026-02-10,organic
106130,2026-01-10,organic
106131,2026-02-15,paid
106132,2026-01-03,paid
106133,2026-01-31,organic
106134,2026-02-17,organic
106135,2026-02-21,organic
106136,2026-01-04,organic
106137,2026-02-20,organic
106138,2026-01-21,paid
106139,2026-02-15,paid
106140,2026-01-20,organic
106141,2026-02-05,organic
106142,2026-01-22,paid
106143,2026-01-24,organic
106144,2026-01-18,organic
106145,2026-02-10,referral
106146,2026-02-01,organic
106147,2026-01-25,organic
106148,2026-01-15,organic
106149,2026-01-04,paid
106150,2026-02-09,organic
106151,2026-02-20,paid
106152,2026-01-01,organic
106153,2026-02-01,paid
106154,2026-01-02,paid
106155,2026-01-21,paid
106156,2026-02-25,organic
106157,2026-02-04,paid
106158,2026-01-26,organic
106159,2026-02-14,organic
106160,2026-01-07,paid
106161,2026-02-18,organic
106162,2026-02-19,organic
106163,2026-01-15,organic
106164,2026-01-31,organic
106165,2026-02-04,organic
106166,2026-02-12,organic
106167,2026-01-21,organic
106168,2026-01-21,organic
106169,2026-02-24,paid
106170,2026-02-27,paid
106171,2026-01-22,organic
106172,2026-01-14,organic
106173,2026-01-17,paid
106174,2026-01-15,organic
106175,2026-01-17,organic
106176,2026-01-27,organic
106177,2026-01-26,organic
106178,2026-01-05,paid
106179,2026-02-24,paid
106180,2026-02-01,organic
106181,2026-01-09,organic
106182,2026-02-26,paid
106183,2026-01-26,paid
106184,2026-02-16,organic
106185,2026-01-12,organic
106186,2026-01-07,paid
106187,2026-01-21,organic
106188,2026-02-06,paid
106189,2026-01-23,paid
106190,2026-01-01,referral
106191,2026-01-18,organic
106192,2026-01-30,organic
106193,2026-01-05,organic
106194,2026-02-05,paid
106195,2026-02-13,organic
106196,2026-02-12,organic
106197,2026-01-10,organic
106198,2026-01-29,paid
106199,2026-01-05,organic
106200,2026-01-23,paid
106201,2026-02-27,organic
106202,2026-01-11,organic
106203,2026-02-05,organic
106204,2026-02-03,organic
106205,2026-01-08,organic
106206,2026-01-10,organic
106207,2026-02-02,organic
106208,2026-01-19,paid
106209,2026-01-11,organic
106210,2026-01-11,organic
106211,2026-02-05,paid
106212,2026-01-29,organic
106213,2026-02-03,paid
106214,2026-02-03,paid
106215,2026-01-29,organic
106216,2026-01-03,organic
106217,2026-01-29,organic
106218,2026-01-02,paid
106219,2026-01-19,paid
106220,2026-02-04,paid
106221,2026-01-22,paid
106222,2026-01-22,paid
106223,2026-02-04,organic
106224,2026-02-27,organic
106225,2026-01-10,referral
106226,2026-02-22,organic
106227,2026-02-05,organic
106228,2026-02-13,organic
106229,2026-01-20,paid
106230,2026-01-03,paid
106231,2026-01-29,organic
106232,2026-01-29,referral
106233,2026-01-20,organic
106234,2026-01-31,organic
106235,2026-02-18,organic
106236,2026-01-09,paid
106237,2026-02-14,organic
106238,2026-02-27,organic
106239,2026-02-14,organic
106240,2026-01-20,organic
106241,2026-02-25,organic
106242,2026-01-05,organic
106243,2026-01-29,organic
106244,2026-02-15,paid
106245,2026-01-04,organic
106246,2026-01-02,organic
106247,2026-01-20,paid
106248,2026-02-27,organic
106249,2026-02-07,paid
106250,2026-02-24,paid
106251,2026-02-07,organic
106252,2026-01-29,organic
106253,2026-01-18,referral
106254,2026-02-08,paid
106255,2026-01-23,organic
106256,2026-02-04,paid
106257,2026-01-03,organic
106258,2026-01-14,organic
106259,2026-02-15,paid
106260,2026-02-18,paid
106261,2026-02-13,paid
106262,2026-02-13,organic
106263,2026-01-08,organic
106264,2026-01-17,organic
106265,2026-02-01,organic
106266,2026-02-15,organic
106267,2026-01-02,paid
106268,2026-02-09,organic
106269,2026-01-14,organic
106270,2026-02-03,paid
106271,2026-02-20,organic
106272,2026-02-05,paid
106273,2026-02-19,organic
106274,2026-02-12,paid
106275,2026-01-21,organic
106276,2026-02-15,organic
106277,2026-02-05,organic
106278,2026-02-06,organic
106279,2026-02-08,organic
106280,2026-01-29,organic
106281,2026-01-04,organic
106282,2026-01-24,paid
106283,2026-02-21,organic
106284,2026-01-22,paid
106285,2026-01-04,organic
106286,2026-01-30,paid
106287,2026-01-20,paid
106288,2026-02-09,organic
106289,2026-01-20,paid
106290,2026-02-27,organic
106291,2026-01-11,organic
106292,2026-01-14,organic
106293,2026-02-07,paid
106294,2026-01-25,paid
106295,2026-01-15,organic
106296,2026-01-07,paid
106297,2026-01-19,paid
106298,2026-02-26,paid
106299,2026-01-09,organic
106300,2026-01-10,organic
106301,2026-02-02,organic
106302,2026-02-16,paid
106303,2026-01-29,organic
106304,2026-02-16,paid
106305,2026-02-28,paid
106306,2026-01-27,organic
106307,2026-02-23,referral
106308,2026-02-07,paid
106309,2026-01-21,organic
106310,2026-02-17,paid
106311,2026-02-20,organic
106312,2026-01-24,paid
106313,2026-02-05,organic
106314,2026-02-09,organic
106315,2026-02-14,organic
106316,2026-01-24,paid
106317,2026-02-06,organic
106318,2026-01-21,organic
106319,2026-02-17,referral
106320,2026-02-27,organic
106321,2026-01-26,paid
106322,2026-02-21,organic
106323,2026-01-14,paid
106324,2026-01-23,referral
106325,2026-01-16,organic
106326,2026-01-07,organic
106327,2026-02-20,paid
106328,2026-02-27,paid
106329,2026-02-20,organic
106330,2026-02-14,referral
106331,2026-01-04,organic
106332,2026-02-26,organic
106333,2026-02-07,paid
106334,2026-01-28,paid
106335,2026-01-14,paid
106336,2026-02-27,organic
106337,2026-01-01,organic
106338,2026-01-28,organic
106339,2026-01-26,organic
106340,2026-02-06,organic
106341,2026-01-06,paid
106342,2026-02-02,organic
106343,2026-02-19,paid
106344,2026-02-16,paid
106345,2026-01-14,organic
106346,2026-01-15,paid
106347,2026-01-01,paid
106348,2026-01-19,paid
106349,2026-01-23,paid
106350,2026-01-16,paid
106351,2026-02-13,organic
106352,2026-02-05,paid
106353,2026-02-03,paid
106354,2026-01-15,organic
106355,2026-02-10,referral
106356,2026-02-27,organic
106357,2026-01-28,organic
106358,2026-02-20,organic
106359,2026-02-17,paid
106360,2026-02-16,organic
106361,2026-02-24,organic
106362,2026-01-26,paid
106363,2026-02-03,organic
106364,2026-02-25,paid
106365,2026-02-11,paid
106366,2026-01-03,paid
106367,2026-02-21,organic
106368,2026-02-28,organic
106369,2026-01-11,organic
106370,2026-02-17,organic
106371,2026-01-06,organic
106372,2026-01-18,organic
106373,2026-01-20,organic
106374,2026-01-01,organic
106375,2026-02-20,referral
106376,2026-01-08,organic
106377,2026-01-07,organic
106378,2026-02-02,organic
106379,2026-02-22,organic
106380,2026-01-12,organic
106381,2026-01-25,paid
106382,2026-02-08,paid
106383,2026-01-23,referral
106384,2026-02-21,organic
106385,2026-02-17,organic
106386,2026-01-28,paid
106387,2026-01-03,organic
106388,2026-01-10,organic
106389,2026-01-04,paid
106390,2026-01-23,paid
106391,2026-02-14,organic
106392,2026-01-16,paid
106393,2026-01-31,paid
106394,2026-01-13,paid
106395,2026-01-27,organic
106396,2026-02-18,organic
106397,2026-02-22,organic
106398,2026-02-02,organic
106399,2026-02-09,paid
106400,2026-01-07,organic
106401,2026-02-15,organic
106402,2026-01-19,organic
106403,2026-02-09,paid
106404,2026-01-23,organic
106405,2026-01-17,paid
106406,2026-02-27,organic
106407,2026-01-18,paid
106408,2026-02-13,organic
106409,2026-01-14,paid
106410,2026-02-11,organic
106411,2026-01-18,organic
106412,2026-02-14,paid
106413,2026-01-12,organic
106414,2026-01-30,organic
106415,2026-01-22,organic
106416,2026-02-22,paid
106417,2026-02-21,paid
106418,2026-02-27,paid
106419,2026-01-12,organic
106420,2026-01-09,paid
106421,2026-02-27,paid
106422,2026-02-15,paid
106423,2026-01-28,referral
106424,2026-01-05,paid
106425,2026-01-12,organic
106426,2026-01-30,organic
106427,2026-01-12,organic
106428,2026-01-07,organic
106429,2026-02-01,paid
106430,2026-02-17,organic
106431,2026-02-16,paid
106432,2026-02-13,organic
106433,2026-02-14,organic
106434,2026-01-27,organic
106435,2026-02-15,organic
106436,2026-02-22,paid
106437,2026-02-18,referral
106438,2026-01-22,organic
106439,2026-02-21,organic
106440,2026-01-06,organic
106441,2026-01-04,paid
106442,2026-01-06,organic
106443,2026-01-22,organic
106444,2026-02-01,organic
106445,2026-01-19,organic
106446,2026-01-12,organic
106447,2026-01-30,referral
106448,2026-02-09,paid
106449,2026-01-20,paid
106450,2026-02-05,organic
106451,2026-01-30,referral
106452,2026-02-26,organic
106453,2026-02-07,paid
106454,2026-01-08,organic
106455,2026-02-25,organic
106456,2026-02-02,organic
106457,2026-01-31,paid
106458,2026-01-28,paid
106459,2026-02-11,paid
106460,2026-01-04,referral
106461,2026-01-19,organic
106462,2026-01-29,organic
106463,2026-02-04,paid
106464,2026-02-08,organic
106465,2026-02-26,organic
106466,2026-01-15,organic
106467,2026-02-26,organic
106468,2026-01-07,paid
106469,2026-02-10,paid
106470,2026-02-02,paid
106471,2026-01-10,organic
106472,2026-02-17,paid
106473,2026-01-30,paid
106474,2026-01-03,paid
106475,2026-02-16,organic
106476,2026-02-10,organic
106477,2026-01-08,organic
106478,2026-01-05,paid
106479,2026-01-11,organic
106480,2026-01-03,paid
106481,2026-01-01,organic
106482,2026-01-08,paid
106483,2026-01-11,organic
106484,2026-01-15,organic
106485,2026-02-14,organic
106486,2026-01-29,organic
106487,2026-02-22,paid
106488,2026-01-31,organic
106489,2026-02-06,organic
106490,2026-01-12,organic
106491,2026-02-25,organic
106492,2026-02-04,paid
106493,2026-01-10,organic
106494,2026-02-15,paid
106495,2026-02-19,paid
106496,2026-01-05,paid
106497,2026-02-25,organic
106498,2026-02-13,organic
106499,2026-02-09,organic
106500,2026-02-17,organic
106501,2026-02-27,paid
106502,2026-01-12,organic
106503,2026-01-23,paid
106504,2026-02-12,paid
106505,2026-02-15,organic
106506,2026-01-12,paid
106507,2026-01-19,paid
106508,2026-02-03,paid
106509,2026-01-21,referral
106510,2026-02-14,organic
106511,2026-01-20,organic
106512,2026-01-24,organic
106513,2026-02-17,paid
106514,2026-01-01,organic
106515,2026-01-30,paid
106516,2026-01-20,organic
106517,2026-01-25,referral
106518,2026-01-19,paid
106519,2026-01-01,organic
106520,2026-01-12,paid
106521,2026-01-25,organic
106522,2026-02-26,organic
106523,2026-01-23,organic
106524,2026-01-21,paid
106525,2026-01-16,paid
106526,2026-02-25,paid
106527,2026-01-22,organic
106528,2026-02-08,organic
106529,2026-02-16,paid
106530,2026-02-12,paid
106531,2026-01-07,organic
106532,2026-01-23,paid
106533,2026-02-24,paid
106534,2026-01-16,paid
106535,2026-01-19,paid
106536,2026-01-13,organic
106537,2026-01-30,organic
106538,2026-02-13,organic
106539,2026-01-17,organic
106540,2026-02-04,paid
106541,2026-01-02,organic
106542,2026-01-21,paid
106543,2026-02-17,paid
106544,2026-01-03,organic
106545,2026-02-07,referral
106546,2026-01-02,organic
106547,2026-02-18,paid
106548,2026-02-21,organic
106549,2026-01-30,referral
106550,2026-01-11,paid
106551,2026-02-13,organic
106552,2026-01-06,organic
106553,2026-02-20,paid
106554,2026-01-26,organic
106555,2026-01-21,paid
106556,2026-02-16,paid
106557,2026-02-01,organic
106558,2026-01-24,organic
106559,2026-02-26,organic
106560,2026-01-01,referral
106561,2026-01-23,paid
106562,2026-01-16,organic
106563,2026-01-12,organic
106564,2026-02-22,organic
106565,2026-02-20,paid
106566,2026-02-04,paid
106567,2026-01-11,paid
106568,2026-01-15,paid
106569,2026-02-04,organic
106570,2026-01-04,organic
106571,2026-01-07,organic
106572,2026-02-25,organic
106573,2026-01-23,paid
106574,2026-02-21,organic
106575,2026-01-13,organic
106576,2026-02-10,organic
106577,2026-02-04,paid
106578,2026-02-11,organic
106579,2026-01-15,organic
106580,2026-02-06,organic
106581,2026-01-08,organic
106582,2026-01-20,organic
106583,2026-02-10,paid
106584,2026-02-05,paid
106585,2026-02-03,paid
106586,2026-02-26,organic
106587,2026-02-20,organic
106588,2026-01-29,organic
106589,2026-01-13,organic
106590,2026-02-01,organic
106591,2026-01-14,organic
106592,2026-01-23,referral
106593,2026-02-20,organic
106594,2026-01-16,organic
106595,2026-01-21,referral
106596,2026-01-21,organic
106597,2026-02-14,paid
106598,2026-01-08,organic
106599,2026-02-23,paid
106600,2026-01-25,organic
106601,2026-02-13,organic
106602,2026-02-16,paid
106603,2026-02-20,organic
106604,2026-02-13,referral
106605,2026-02-25,organic
106606,2026-01-21,paid
106607,2026-02-09,organic
106608,2026-02-11,referral
106609,2026-01-24,organic
106610,2026-01-27,paid
106611,2026-02-09,referral
106612,2026-01-29,organic
106613,2026-02-13,paid
106614,2026-02-27,organic
106615,2026-02-06,paid
106616,2026-01-08,paid
106617,2026-01-07,paid
106618,2026-02-25,organic
106619,2026-01-02,paid
106620,2026-02-11,organic
106621,2026-01-18,paid
106622,2026-01-08,organic
106623,2026-02-20,paid
106624,2026-02-16,paid
106625,2026-02-03,organic
106626,2026-02-27,organic
106627,2026-01-28,organic
106628,2026-02-12,paid
106629,2026-01-17,organic
106630,2026-01-17,organic
106631,2026-01-15,paid
106632,2026-01-23,paid
106633,2026-01-23,organic
106634,2026-01-25,paid
106635,2026-01-07,organic
106636,2026-01-25,organic
106637,2026-01-19,organic
106638,2026-01-07,paid
106639,2026-02-20,organic
106640,2026-01-12,paid
106641,2026-02-11,paid
106642,2026-01-29,organic
106643,2026-01-16,organic
106644,2026-01-19,organic
106645,2026-02-25,paid
106646,2026-01-28,organic
106647,2026-01-15,paid
106648,2026-02-01,organic
106649,2026-02-18,paid
106650,2026-01-15,organic
106651,2026-02-16,organic
106652,2026-02-27,paid
106653,2026-02-17,organic
106654,2026-01-31,organic
106655,2026-02-19,paid
106656,2026-01-17,organic
106657,2026-02-06,organic
106658,2026-01-13,organic
106659,2026-01-31,paid
106660,2026-01-27,organic
106661,2026-01-12,organic
106662,2026-01-16,organic
106663,2026-01-19,organic
106664,2026-01-10,paid
106665,2026-01-28,paid
106666,2026-01-11,organic
106667,2026-01-26,organic
106668,2026-01-12,paid
106669,2026-01-30,paid
106670,2026-02-17,paid
106671,2026-01-12,organic
106672,2026-01-31,organic
106673,2026-01-11,referral
106674,2026-02-14,paid
106675,2026-02-19,organic
106676,2026-01-18,paid
106677,2026-02-04,organic
106678,2026-02-22,organic
106679,2026-02-04,paid
106680,2026-02-02,organic
106681,2026-01-19,organic
106682,2026-02-18,organic
106683,2026-01-16,paid
106684,2026-01-28,organic
106685,2026-01-12,organic
106686,2026-01-17,organic
106687,2026-02-04,organic
106688,2026-01-09,paid
106689,2026-02-03,organic
106690,2026-02-25,paid
106691,2026-01-21,organic
106692,2026-02-20,organic
106693,2026-01-27,organic
106694,2026-02-05,organic
106695,2026-02-26,paid
106696,2026-02-12,organic
106697,2026-02-25,paid
106698,2026-01-22,organic
106699,2026-02-01,organic
106700,2026-02-27,organic
106701,2026-01-26,paid
106702,2026-02-06,organic
106703,2026-02-24,organic
106704,2026-02-19,organic
106705,2026-02-05,paid
106706,2026-01-18,referral
106707,2026-02-05,paid
106708,2026-01-14,paid
106709,2026-02-08,paid
106710,2026-02-15,organic
106711,2026-02-28,paid
106712,2026-01-24,organic
106713,2026-01-01,organic
106714,2026-01-07,organic
106715,2026-01-07,paid
106716,2026-02-16,paid
106717,2026-02-14,organic
106718,2026-01-04,organic
106719,2026-01-14,paid
106720,2026-01-13,paid
106721,2026-02-24,organic
106722,2026-01-24,organic
106723,2026-02-27,organic
106724,2026-02-20,organic
106725,2026-01-08,organic
106726,2026-01-22,paid
106727,2026-02-17,organic
106728,2026-02-13,paid
106729,2026-01-01,paid
106730,2026-01-19,organic
106731,2026-01-27,paid
106732,2026-01-09,paid
106733,2026-02-22,paid
106734,2026-02-19,paid
106735,2026-02-06,organic
106736,2026-02-07,organic
106737,2026-02-15,organic
106738,2026-01-03,organic
106739,2026-01-01,organic
106740,2026-01-09,organic
106741,2026-02-18,organic
106742,2026-01-18,paid
106743,2026-02-21,organic
106744,2026-01-12,paid
106745,2026-02-09,organic
106746,2026-02-18,organic
106747,2026-02-08,organic
106748,2026-02-16,paid
106749,2026-02-15,paid
106750,2026-01-01,paid
106751,2026-01-02,organic
106752,2026-01-18,organic
106753,2026-02-25,organic
106754,2026-02-06,organic
106755,2026-02-15,organic
106756,2026-02-22,organic
106757,2026-02-13,paid
106758,2026-02-20,referral
106759,2026-02-04,organic
106760,2026-02-06,paid
106761,2026-01-17,organic
106762,2026-02-01,organic
106763,2026-01-12,organic
106764,2026-02-20,organic
106765,2026-01-24,organic
106766,2026-01-16,paid
106767,2026-01-14,organic
106768,2026-01-30,paid
106769,2026-02-02,paid
106770,2026-02-03,organic
106771,2026-01-22,organic
106772,2026-02-16,paid
106773,2026-02-01,organic
106774,2026-01-03,organic
106775,2026-02-04,paid
106776,2026-01-12,paid
106777,2026-02-26,organic
106778,2026-02-02,paid
106779,2026-01-05,organic
106780,2026-01-07,paid
106781,2026-01-11,paid
106782,2026-02-25,paid
106783,2026-02-25,paid
106784,2026-01-04,organic
106785,2026-02-06,paid
106786,2026-01-20,organic
106787,2026-02-06,paid
106788,2026-02-28,organic
106789,2026-02-09,organic
106790,2026-02-03,paid
106791,2026-01-13,paid
106792,2026-01-20,organic
106793,2026-01-15,paid
106794,2026-02-05,organic
106795,2026-01-30,organic
106796,2026-01-19,organic
106797,2026-01-08,organic
106798,2026-01-14,organic
106799,2026-02-20,paid
106800,2026-02-09,paid
106801,2026-01-29,paid
106802,2026-01-24,referral
106803,2026-01-19,paid
106804,2026-01-02,paid
106805,2026-02-18,organic
106806,2026-01-19,organic
106807,2026-02-14,organic
106808,2026-02-16,organic
106809,2026-02-14,organic
106810,2026-01-18,referral
106811,2026-01-21,paid
106812,2026-02-01,organic
106813,2026-02-01,paid
106814,2026-01-12,organic
106815,2026-02-24,organic
106816,2026-01-11,paid
106817,2026-01-13,organic
106818,2026-01-23,paid
106819,2026-02-14,organic
106820,2026-02-14,referral
106821,2026-01-06,organic
106822,2026-02-19,organic
106823,2026-01-13,paid
106824,2026-01-21,organic
106825,2026-01-17,organic
106826,2026-02-15,paid
106827,2026-01-02,organic
106828,2026-01-26,organic
106829,2026-01-16,organic
106830,2026-02-11,paid
106831,2026-02-19,organic
106832,2026-02-18,organic
106833,2026-02-10,organic
106834,2026-02-20,organic
106835,2026-02-09,paid
106836,2026-01-01,organic
106837,2026-02-27,organic
106838,2026-02-22,referral
106839,2026-02-25,organic
106840,2026-02-07,organic
106841,2026-02-13,organic
106842,2026-01-22,organic
106843,2026-01-01,organic
106844,2026-01-05,organic
106845,2026-01-29,paid
106846,2026-01-16,paid
106847,2026-02-16,organic
106848,2026-02-11,organic
106849,2026-01-29,organic
106850,2026-02-03,organic
106851,2026-02-05,paid
106852,2026-01-12,paid
106853,2026-02-24,referral
106854,2026-01-11,referral
106855,2026-02-06,organic
106856,2026-01-10,paid
106857,2026-02-08,organic
106858,2026-02-07,paid
106859,2026-01-15,organic
106860,2026-01-24,organic
106861,2026-01-18,organic
106862,2026-02-11,paid
106863,2026-02-26,paid
106864,2026-02-07,organic
106865,2026-01-13,paid
106866,2026-01-07,organic
106867,2026-01-03,paid
106868,2026-02-05,organic
106869,2026-02-07,organic
106870,2026-02-18,organic
106871,2026-01-13,organic
106872,2026-01-04,paid
106873,2026-01-25,organic
106874,2026-01-23,organic
106875,2026-01-06,organic
106876,2026-01-13,organic
106877,2026-02-10,organic
106878,2026-02-08,organic
106879,2026-01-26,paid
106880,2026-01-18,organic
106881,2026-01-03,organic
106882,2026-01-25,paid
106883,2026-02-17,organic
106884,2026-01-15,organic
106885,2026-02-19,paid
106886,2026-02-05,paid
106887,2026-02-20,organic
106888,2026-02-03,paid
106889,2026-02-09,organic
106890,2026-02-23,paid
106891,2026-02-04,organic
106892,2026-01-17,organic
106893,2026-01-13,organic
106894,2026-01-07,organic
106895,2026-01-09,paid
106896,2026-01-16,paid
106897,2026-02-06,paid
106898,2026-01-10,paid
106899,2026-02-15,paid
106900,2026-01-19,organic
106901,2026-01-11,organic
106902,2026-02-27,organic
106903,2026-01-11,organic
106904,2026-01-16,paid
106905,2026-01-30,organic
106906,2026-01-07,organic
106907,2026-01-29,paid
106908,2026-01-13,organic
106909,2026-02-05,organic
106910,2026-02-17,paid
106911,2026-01-15,paid
106912,2026-02-26,organic
106913,2026-01-13,organic
106914,2026-02-03,organic
106915,2026-01-10,organic
106916,2026-02-28,referral
106917,2026-02-25,organic
106918,2026-01-05,organic
106919,2026-01-19,referral
106920,2026-01-05,referral
106921,2026-02-14,organic
106922,2026-01-31,organic
106923,2026-02-04,paid
106924,2026-01-22,referral
106925,2026-02-18,organic
106926,2026-01-23,organic
106927,2026-02-03,organic
106928,2026-02-06,organic
106929,2026-01-03,paid
106930,2026-01-09,organic
106931,2026-01-23,paid
106932,2026-01-17,organic
106933,2026-02-04,paid
106934,2026-02-12,paid
106935,2026-01-13,organic
106936,2026-01-05,paid
106937,2026-01-15,organic
106938,2026-02-26,paid
106939,2026-01-02,organic
106940,2026-02-06,organic
106941,2026-01-12,referral
106942,2026-01-24,organic
106943,2026-02-06,organic
106944,2026-02-07,organic
106945,2026-01-08,paid
106946,2026-01-04,paid
106947,2026-02-18,organic
106948,2026-02-10,referral
106949,2026-01-23,organic
106950,2026-02-16,organic
106951,2026-01-11,paid
106952,2026-02-19,organic
106953,2026-01-17,organic
106954,2026-02-26,paid
106955,2026-01-13,organic
106956,2026-01-30,organic
106957,2026-02-03,paid
106958,2026-02-08,paid
106959,2026-02-01,organic
106960,2026-02-20,organic
106961,2026-02-22,paid
106962,2026-02-09,organic
106963,2026-01-06,organic
106964,2026-02-17,paid
106965,2026-01-19,paid
106966,2026-01-20,organic
106967,2026-01-08,paid
106968,2026-01-12,organic
106969,2026-01-11,paid
106970,2026-01-16,paid
106971,2026-01-08,paid
106972,2026-02-25,paid
106973,2026-01-13,paid
106974,2026-02-24,organic
106975,2026-02-01,paid
106976,2026-02-14,organic
106977,2026-01-11,organic
106978,2026-02-04,organic
106979,2026-01-19,paid
106980,2026-02-06,organic
106981,2026-01-27,organic
106982,2026-02-17,organic
106983,2026-02-11,organic
106984,2026-02-08,organic
106985,2026-02-10,organic
106986,2026-01-15,organic
106987,2026-02-25,paid
106988,2026-02-16,paid
106989,2026-02-04,organic
106990,2026-02-04,organic
106991,2026-01-28,organic
106992,2026-01-19,organic
106993,2026-02-23,organic
106994,2026-02-18,paid
106995,2026-02-27,paid
106996,2026-02-28,organic
106997,2026-01-23,paid
106998,2026-02-12,organic
106999,2026-01-24,paid
107000,2026-01-08,paid
107001,2026-01-13,organic
107002,2026-01-21,referral
107003,2026-01-13,paid
107004,2026-02-23,organic
107005,2026-02-04,paid
107006,2026-02-28,organic
107007,2026-01-13,paid
107008,2026-02-02,organic
107009,2026-02-08,referral
107010,2026-01-02,organic
107011,2026-01-13,organic
107012,2026-01-23,organic
107013,2026-02-08,paid
107014,2026-02-16,organic
107015,2026-01-17,referral
107016,2026-01-22,organic
107017,2026-01-10,referral
107018,2026-01-01,organic
107019,2026-01-02,organic
107020,2026-02-26,paid
107021,2026-02-08,paid
107022,2026-02-10,paid
107023,2026-02-28,organic
107024,2026-01-15,paid
107025,2026-02-01,organic
107026,2026-02-14,organic
107027,2026-02-11,paid
107028,2026-01-07,paid
107029,2026-02-18,paid
107030,2026-01-16,referral
107031,2026-01-07,paid
107032,2026-02-14,organic
107033,2026-01-20,organic
107034,2026-02-08,organic
107035,2026-01-09,organic
107036,2026-02-17,paid
107037,2026-01-17,paid
107038,2026-02-08,paid
107039,2026-02-26,organic
107040,2026-01-04,paid
107041,2026-02-16,paid
107042,2026-02-09,paid
107043,2026-02-01,organic
107044,2026-02-03,paid
107045,2026-02-19,organic
107046,2026-01-14,paid
107047,2026-02-01,paid
107048,2026-02-07,organic
107049,2026-02-01,paid
107050,2026-02-12,paid
107051,2026-01-02,organic
107052,2026-01-03,paid
107053,2026-01-23,organic
107054,2026-01-07,referral
107055,2026-01-19,organic
107056,2026-01-17,organic
107057,2026-01-24,paid
107058,2026-01-11,organic
107059,2026-02-10,organic
107060,2026-01-11,organic
107061,2026-01-23,organic
107062,2026-01-01,paid
107063,2026-01-22,paid
107064,2026-02-08,organic
107065,2026-02-28,organic
107066,2026-01-25,organic
107067,2026-01-17,organic
107068,2026-01-22,organic
107069,2026-02-09,paid
107070,2026-01-02,organic
107071,2026-02-07,paid
107072,2026-01-12,paid
107073,2026-02-11,organic
107074,2026-02-02,organic
107075,2026-01-10,organic
107076,2026-02-15,paid
107077,2026-01-28,organic
107078,2026-01-24,organic
107079,2026-01-18,organic
107080,2026-02-07,organic
107081,2026-02-08,paid
107082,2026-01-22,organic
107083,2026-02-11,organic
107084,2026-01-01,organic
107085,2026-01-15,paid
107086,2026-01-25,paid
107087,2026-02-15,organic
107088,2026-02-21,paid
107089,2026-01-20,organic
107090,2026-02-13,paid
107091,2026-01-04,organic
107092,2026-02-22,paid
107093,2026-01-12,referral
107094,2026-02-14,paid
107095,2026-01-20,organic
107096,2026-01-10,paid
107097,2026-01-05,organic
107098,2026-02-06,organic
107099,2026-02-14,organic
107100,2026-01-21,paid
107101,2026-01-24,paid
107102,2026-01-26,organic
107103,2026-01-04,paid
107104,2026-01-07,organic
107105,2026-02-26,paid
107106,2026-01-08,paid
107107,2026-01-04,organic
107108,2026-02-25,organic
107109,2026-02-10,referral
107110,2026-01-12,paid
107111,2026-01-31,paid
107112,2026-01-31,paid
107113,2026-02-25,organic
107114,2026-01-05,paid
107115,2026-02-23,referral
107116,2026-01-05,paid
107117,2026-02-21,paid
107118,2026-01-06,paid
107119,2026-01-07,paid
107120,2026-01-30,organic
107121,2026-02-27,paid
107122,2026-01-07,paid
107123,2026-02-25,organic
107124,2026-02-24,organic
107125,2026-01-23,organic
107126,2026-02-10,organic
107127,2026-02-12,organic
107128,2026-02-03,organic
107129,2026-02-16,organic
107130,2026-02-06,paid
107131,2026-02-14,organic
107132,2026-02-13,organic
107133,2026-02-03,paid
107134,2026-02-06,paid
107135,2026-01-07,referral
107136,2026-02-02,organic
107137,2026-02-12,organic
107138,2026-01-23,organic
107139,2026-02-24,paid
107140,2026-01-23,paid
107141,2026-02-07,organic
107142,2026-01-18,paid
107143,2026-01-20,paid
107144,2026-01-25,organic
107145,2026-01-28,organic
107146,2026-02-28,paid
107147,2026-01-05,referral
107148,2026-02-26,paid
107149,2026-01-11,organic
107150,2026-01-17,paid
107151,2026-02-25,organic
107152,2026-01-19,paid
107153,2026-02-09,organic
107154,2026-01-03,paid
107155,2026-01-09,paid
107156,2026-02-04,paid
107157,2026-02-10,organic
107158,2026-02-13,organic
107159,2026-02-04,organic
107160,2026-02-01,organic
107161,2026-01-16,paid
107162,2026-01-02,organic
107163,2026-02-19,organic
107164,2026-01-27,organic
107165,2026-01-03,organic
107166,2026-02-01,paid
107167,2026-01-18,organic
107168,2026-02-11,paid
107169,2026-01-14,organic
107170,2026-02-08,paid
107171,2026-02-08,paid
107172,2026-02-15,paid
107173,2026-01-17,organic
107174,2026-02-04,organic
107175,2026-02-09,organic
107176,2026-01-26,organic
107177,2026-01-22,paid
107178,2026-01-01,organic
107179,2026-02-09,organic
107180,2026-02-03,organic
107181,2026-01-27,organic
107182,2026-02-16,paid
107183,2026-02-26,organic
107184,2026-01-26,organic
107185,2026-01-12,organic
107186,2026-01-17,paid
107187,2026-01-10,paid
107188,2026-02-15,organic
107189,2026-01-08,organic
107190,2026-02-12,organic
107191,2026-01-06,organic
107192,2026-01-29,referral
107193,2026-01-13,paid
107194,2026-01-05,paid
107195,2026-01-06,paid
107196,2026-02-07,paid
107197,2026-02-18,paid
107198,2026-02-18,organic
107199,2026-01-09,organic
107200,2026-01-05,organic
107201,2026-02-24,paid
107202,2026-02-23,organic
107203,2026-02-11,paid
107204,2026-01-05,organic
107205,2026-01-06,organic
107206,2026-01-02,paid
107207,2026-02-27,paid
107208,2026-01-24,paid
107209,2026-02-04,paid
107210,2026-01-21,organic
107211,2026-01-27,organic
107212,2026-02-07,organic
107213,2026-02-05,organic
107214,2026-01-16,organic
107215,2026-02-08,organic
107216,2026-02-14,organic
107217,2026-01-24,paid
107218,2026-01-04,organic
107219,2026-01-10,paid
107220,2026-01-02,organic
107221,2026-02-14,organic
107222,2026-01-19,organic
107223,2026-02-18,organic
107224,2026-01-25,organic
107225,2026-01-02,organic
107226,2026-01-17,paid
107227,2026-01-10,organic
107228,2026-01-01,paid
107229,2026-01-27,paid
107230,2026-02-03,paid
107231,2026-01-10,paid
107232,2026-01-14,paid
107233,2026-02-25,paid
107234,2026-01-03,organic
107235,2026-01-14,paid
107236,2026-01-08,organic
107237,2026-02-06,organic
107238,2026-01-06,organic
107239,2026-01-30,paid
107240,2026-02-12,organic
107241,2026-01-11,organic
107242,2026-01-11,organic
107243,2026-02-26,organic
107244,2026-01-06,organic
107245,2026-02-24,organic
107246,2026-02-08,organic
107247,2026-01-31,organic
107248,2026-01-28,paid
107249,2026-02-06,organic
107250,2026-01-03,organic
107251,2026-02-09,paid
107252,2026-01-09,organic
107253,2026-01-05,paid
107254,2026-01-07,paid
107255,2026-01-04,organic
107256,2026-02-15,organic
107257,2026-01-19,organic
107258,2026-01-21,paid
107259,2026-01-16,paid
107260,2026-02-22,organic
107261,2026-01-12,organic
107262,2026-01-28,organic
107263,2026-02-18,organic
107264,2026-01-29,paid
107265,2026-01-19,paid
107266,2026-02-27,organic
107267,2026-02-15,organic
107268,2026-02-10,paid
107269,2026-02-26,paid
107270,2026-01-20,paid
107271,2026-01-28,paid
107272,2026-01-31,organic
107273,2026-01-10,organic
107274,2026-02-28,referral
107275,2026-02-12,referral
107276,2026-02-07,organic
107277,2026-01-24,organic
107278,2026-02-11,organic
107279,2026-01-08,paid
107280,2026-02-14,organic
107281,2026-02-03,organic
107282,2026-01-20,organic
107283,2026-02-11,organic
107284,2026-02-28,paid
107285,2026-02-20,organic
107286,2026-01-26,organic
107287,2026-02-05,referral
107288,2026-02-07,organic
107289,2026-02-17,paid
107290,2026-01-22,organic
107291,2026-01-13,paid
107292,2026-02-13,organic
107293,2026-02-07,organic
107294,2026-01-04,referral
107295,2026-02-23,paid
107296,2026-01-03,organic
107297,2026-02-28,organic
107298,2026-02-14,paid
107299,2026-01-31,organic
107300,2026-02-23,paid
107301,2026-02-08,organic
107302,2026-02-25,organic
107303,2026-02-02,paid
107304,2026-01-28,organic
107305,2026-02-03,paid
107306,2026-01-07,paid
107307,2026-02-19,organic
107308,2026-01-11,paid
107309,2026-01-18,paid
107310,2026-02-19,organic
107311,2026-02-11,organic
107312,2026-01-26,paid
107313,2026-01-19,paid
107314,2026-01-26,paid
107315,2026-01-11,organic
107316,2026-01-04,organic
107317,2026-01-25,organic
107318,2026-01-19,paid
107319,2026-01-17,organic
107320,2026-02-01,organic
107321,2026-02-27,organic
107322,2026-01-12,referral
107323,2026-01-21,organic
107324,2026-02-15,organic
107325,2026-02-08,organic
107326,2026-02-27,referral
107327,2026-01-26,organic
107328,2026-01-05,paid
107329,2026-02-12,paid
107330,2026-01-15,referral
107331,2026-02-10,organic
107332,2026-01-11,paid
107333,2026-01-23,paid
107334,2026-02-03,organic
107335,2026-02-26,paid
107336,2026-01-12,paid
107337,2026-01-26,organic
107338,2026-01-19,paid
107339,2026-02-11,organic
107340,2026-02-17,paid
107341,2026-02-03,organic
107342,2026-01-09,referral
107343,2026-02-01,paid
107344,2026-01-06,paid
107345,2026-02-27,organic
107346,2026-02-20,paid
107347,2026-01-21,organic
107348,2026-01-16,paid
107349,2026-02-11,referral
107350,2026-01-06,organic
107351,2026-01-26,organic
107352,2026-02-28,organic
107353,2026-02-23,organic
107354,2026-02-22,organic
107355,2026-02-06,organic
107356,2026-01-30,organic
107357,2026-01-30,paid
107358,2026-02-02,organic
107359,2026-01-28,paid
107360,2026-01-29,organic
107361,2026-02-25,organic
107362,2026-02-07,organic
107363,2026-01-30,organic
107364,2026-01-25,paid
107365,2026-01-27,paid
107366,2026-01-28,paid
107367,2026-02-12,organic
107368,2026-02-27,organic
107369,2026-02-26,organic
107370,2026-02-23,paid
107371,2026-01-06,paid
107372,2026-01-05,referral
107373,2026-02-09,organic
107374,2026-01-25,organic
107375,2026-02-24,organic
107376,2026-02-12,organic
107377,2026-02-19,organic
107378,2026-02-24,referral
107379,2026-01-15,organic
107380,2026-01-20,organic
107381,2026-01-23,paid
107382,2026-02-24,organic
107383,2026-01-24,paid
107384,2026-01-13,paid
107385,2026-02-27,referral
107386,2026-01-15,organic
107387,2026-01-20,organic
107388,2026-02-10,paid
107389,2026-02-04,paid
107390,2026-01-30,organic
107391,2026-01-28,paid
107392,2026-01-02,organic
107393,2026-01-09,organic
107394,2026-01-23,organic
107395,2026-02-21,organic
107396,2026-02-18,organic
107397,2026-02-14,organic
107398,2026-01-11,paid
107399,2026-01-22,paid
107400,2026-02-27,organic
107401,2026-01-22,organic
107402,2026-02-02,organic
107403,2026-02-26,paid
107404,2026-02-11,organic
107405,2026-01-16,paid
107406,2026-02-16,organic
107407,2026-02-22,organic
107408,2026-02-23,referral
107409,2026-01-29,organic
107410,2026-02-04,organic
107411,2026-01-09,organic
107412,2026-02-19,organic
107413,2026-01-04,organic
107414,2026-01-14,organic
107415,2026-01-06,organic
107416,2026-01-02,paid
107417,2026-02-04,paid
107418,2026-01-26,paid
107419,2026-01-16,paid
107420,2026-01-06,paid
107421,2026-01-06,referral
107422,2026-01-12,paid
107423,2026-02-17,paid
107424,2026-01-23,organic
107425,2026-02-04,paid
107426,2026-02-27,organic
107427,2026-02-26,paid
107428,2026-01-06,organic
107429,2026-02-23,paid
107430,2026-01-12,organic
107431,2026-01-30,organic
107432,2026-02-19,organic
107433,2026-01-04,organic
107434,2026-02-28,organic
107435,2026-02-15,organic
107436,2026-02-12,paid
107437,2026-01-23,organic
107438,2026-01-19,paid
107439,2026-01-22,paid
107440,2026-02-17,organic
107441,2026-02-06,organic
107442,2026-01-14,paid
107443,2026-02-24,organic
107444,2026-02-23,paid
107445,2026-01-02,organic
107446,2026-01-24,organic
107447,2026-02-13,organic
107448,2026-01-15,organic
107449,2026-02-25,paid
107450,2026-02-20,organic
107451,2026-01-01,referral
107452,2026-01-14,paid
107453,2026-02-18,paid
107454,2026-02-17,organic
107455,2026-02-23,paid
107456,2026-02-14,paid
107457,2026-02-01,paid
107458,2026-01-07,paid
107459,2026-01-24,paid
107460,2026-01-14,organic
107461,2026-01-26,paid
107462,2026-02-08,paid
107463,2026-01-19,organic
107464,2026-02-02,paid
107465,2026-02-24,organic
107466,2026-02-24,paid
107467,2026-02-04,paid
107468,2026-02-24,organic
107469,2026-01-31,paid
107470,2026-02-05,organic
107471,2026-02-25,organic
107472,2026-01-04,organic
107473,2026-02-12,organic
107474,2026-01-01,organic
107475,2026-01-25,organic
107476,2026-02-13,paid
107477,2026-02-21,organic
107478,2026-01-02,paid
107479,2026-02-02,paid
107480,2026-02-18,organic
107481,2026-02-08,paid
107482,2026-02-22,organic
107483,2026-01-23,organic
107484,2026-01-29,organic
107485,2026-01-11,organic
107486,2026-01-18,paid
107487,2026-02-18,organic
107488,2026-01-10,paid
107489,2026-02-11,paid
107490,2026-02-26,organic
107491,2026-02-15,paid
107492,2026-02-22,paid
107493,2026-01-12,organic
107494,2026-02-01,paid
107495,2026-02-17,paid
107496,2026-02-06,organic
107497,2026-01-20,organic
107498,2026-02-02,organic
107499,2026-02-07,organic
107500,2026-02-20,organic
107501,2026-02-05,organic
107502,2026-01-21,referral
107503,2026-02-18,organic
107504,2026-01-12,referral
107505,2026-01-15,organic
107506,2026-02-06,paid
107507,2026-01-15,organic
107508,2026-02-24,organic
107509,2026-01-22,organic
107510,2026-01-16,organic
107511,2026-01-14,organic
107512,2026-02-25,paid
107513,2026-01-13,paid
107514,2026-02-06,organic
107515,2026-01-20,referral
107516,2026-01-06,organic
107517,2026-01-02,paid
107518,2026-01-04,paid
107519,2026-01-31,organic
107520,2026-01-18,organic
107521,2026-02-11,organic
107522,2026-02-16,organic
107523,2026-02-04,paid
107524,2026-02-14,paid
107525,2026-02-04,organic
107526,2026-02-20,paid
107527,2026-01-17,organic
107528,2026-02-17,paid
107529,2026-01-23,paid
107530,2026-02-04,organic
107531,2026-02-26,organic
107532,2026-01-26,organic
107533,2026-02-19,organic
107534,2026-02-08,paid
107535,2026-01-25,paid
107536,2026-02-10,organic
107537,2026-02-06,organic
107538,2026-01-08,referral
107539,2026-02-06,organic
107540,2026-01-13,paid
107541,2026-01-11,organic
107542,2026-02-13,organic
107543,2026-01-14,organic
107544,2026-02-07,referral
107545,2026-01-15,organic
107546,2026-01-27,paid
107547,2026-01-26,organic
107548,2026-01-08,organic
107549,2026-01-06,paid
107550,2026-01-16,organic
107551,2026-01-17,paid
107552,2026-01-15,paid
107553,2026-01-11,organic
107554,2026-02-14,organic
107555,2026-02-09,paid
107556,2026-02-19,paid
107557,2026-01-16,organic
107558,2026-02-23,organic
107559,2026-01-21,organic
107560,2026-02-27,organic
107561,2026-01-09,organic
107562,2026-01-19,organic
107563,2026-02-19,organic
107564,2026-01-04,organic
107565,2026-01-08,paid
107566,2026-01-24,organic
107567,2026-02-28,organic
107568,2026-01-19,organic
107569,2026-01-25,organic
107570,2026-01-21,organic
107571,2026-01-17,paid
107572,2026-01-16,organic
107573,2026-02-21,organic
107574,2026-01-18,organic
107575,2026-01-01,referral
107576,2026-01-07,organic
107577,2026-02-02,organic
107578,2026-02-07,paid
107579,2026-02-28,paid
107580,2026-01-09,organic
107581,2026-01-28,organic
107582,2026-02-01,paid
107583,2026-01-22,organic
107584,2026-01-13,organic
107585,2026-01-30,organic
107586,2026-01-24,organic
107587,2026-02-09,organic
107588,2026-01-07,organic
107589,2026-01-31,paid
107590,2026-02-28,organic
107591,2026-02-21,paid
107592,2026-01-31,paid
107593,2026-02-21,paid
107594,2026-02-17,paid
107595,2026-02-21,organic
107596,2026-02-17,paid
107597,2026-02-01,organic
107598,2026-01-07,organic
107599,2026-02-13,organic
107600,2026-01-16,organic
107601,2026-01-24,paid
107602,2026-01-21,organic
107603,2026-02-01,organic
107604,2026-02-14,paid
107605,2026-02-28,organic
107606,2026-02-22,paid
107607,2026-02-15,organic
107608,2026-01-01,organic
107609,2026-01-27,organic
107610,2026-02-07,organic
107611,2026-01-21,paid
107612,2026-02-09,organic
107613,2026-02-17,paid
107614,2026-02-25,organic
107615,2026-02-28,organic
107616,2026-02-07,organic
107617,2026-02-26,paid
107618,2026-01-30,paid
107619,2026-02-20,referral
107620,2026-01-03,paid
107621,2026-01-01,organic
107622,2026-02-03,paid
107623,2026-01-27,paid
107624,2026-01-02,organic
107625,2026-01-23,organic
107626,2026-01-06,paid
107627,2026-02-27,organic
107628,2026-01-10,organic
107629,2026-01-04,organic
107630,2026-01-26,paid
107631,2026-02-25,organic
107632,2026-01-03,organic
107633,2026-02-06,organic
107634,2026-01-03,paid
107635,2026-02-21,organic
107636,2026-02-02,organic
107637,2026-01-12,organic
107638,2026-01-31,organic
107639,2026-02-22,organic
107640,2026-01-23,paid
107641,2026-02-07,organic
107642,2026-02-21,referral
107643,2026-01-01,organic
107644,2026-02-05,organic
107645,2026-02-12,organic
107646,2026-01-29,organic
107647,2026-02-18,organic
107648,2026-01-09,organic
107649,2026-02-04,paid
107650,2026-01-23,organic
107651,2026-02-10,organic
107652,2026-01-02,organic
107653,2026-02-06,paid
107654,2026-01-29,organic
107655,2026-02-11,organic
107656,2026-01-23,organic
107657,2026-02-22,organic
107658,2026-01-28,paid
107659,2026-02-16,organic
107660,2026-02-18,organic
107661,2026-02-11,paid
107662,2026-02-22,organic
107663,2026-01-26,paid
107664,2026-02-12,organic
107665,2026-01-01,paid
107666,2026-01-30,paid
107667,2026-02-03,paid
107668,2026-02-17,organic
107669,2026-01-20,organic
107670,2026-02-07,organic
107671,2026-01-31,paid
107672,2026-02-05,organic
107673,2026-02-18,organic
107674,2026-01-16,referral
107675,2026-01-03,paid
107676,2026-02-08,organic
107677,2026-02-28,paid
107678,2026-01-12,organic
107679,2026-02-17,paid
107680,2026-01-07,paid
107681,2026-01-21,organic
107682,2026-02-23,organic
107683,2026-02-17,organic
107684,2026-01-03,organic
107685,2026-02-21,organic
107686,2026-01-01,organic
107687,2026-02-03,paid
107688,2026-01-19,organic
107689,2026-01-12,organic
107690,2026-01-05,organic
107691,2026-01-23,organic
107692,2026-02-13,organic
107693,2026-01-03,organic
107694,2026-01-25,referral
107695,2026-01-23,paid
107696,2026-02-26,paid
107697,2026-02-08,organic
107698,2026-02-21,organic
107699,2026-01-28,organic
107700,2026-01-28,organic
107701,2026-01-04,paid
107702,2026-01-30,organic
107703,2026-01-30,organic
107704,2026-02-18,referral
107705,2026-01-08,organic
107706,2026-01-14,paid
107707,2026-01-27,paid
107708,2026-02-06,organic
107709,2026-01-17,organic
107710,2026-02-27,paid
107711,2026-02-07,paid
107712,2026-02-22,organic
107713,2026-01-29,organic
107714,2026-01-14,organic
107715,2026-01-12,organic
107716,2026-01-15,organic
107717,2026-02-12,organic
107718,2026-01-28,paid
107719,2026-01-15,organic
107720,2026-02-07,organic
107721,2026-02-22,organic
107722,2026-02-23,paid
107723,2026-02-21,organic
107724,2026-01-18,paid
107725,2026-02-21,paid
107726,2026-02-21,organic
107727,2026-02-15,organic
107728,2026-02-05,organic
107729,2026-01-03,organic
107730,2026-01-21,organic
107731,2026-01-13,paid
107732,2026-02-03,organic
107733,2026-02-09,organic
107734,2026-01-06,paid
107735,2026-01-27,paid
107736,2026-01-11,referral
107737,2026-01-13,paid
107738,2026-01-14,organic
107739,2026-02-19,paid
107740,2026-02-24,paid
107741,2026-01-28,organic
107742,2026-02-07,referral
107743,2026-01-18,organic
107744,2026-02-10,referral
107745,2026-02-27,referral
107746,2026-01-25,organic
107747,2026-01-12,paid
107748,2026-01-14,organic
107749,2026-02-01,organic
107750,2026-01-29,paid
107751,2026-02-10,organic
107752,2026-01-02,organic
107753,2026-01-02,organic
107754,2026-01-31,organic
107755,2026-01-16,paid
107756,2026-02-18,organic
107757,2026-01-24,organic
107758,2026-02-10,organic
107759,2026-02-21,referral
107760,2026-01-08,organic
107761,2026-02-22,organic
107762,2026-02-19,organic
107763,2026-02-26,organic
107764,2026-02-06,organic
107765,2026-01-15,paid
107766,2026-02-23,organic
107767,2026-02-04,organic
107768,2026-02-04,organic
107769,2026-01-22,organic
107770,2026-01-31,organic
107771,2026-02-04,paid
107772,2026-02-25,organic
107773,2026-01-11,organic
107774,2026-01-30,organic
107775,2026-02-15,organic
107776,2026-01-27,organic
107777,2026-02-19,organic
107778,2026-02-23,organic
107779,2026-01-31,organic
107780,2026-01-01,paid
107781,2026-01-23,organic
107782,2026-02-13,organic
107783,2026-01-20,paid
107784,2026-02-03,organic
107785,2026-02-25,organic
107786,2026-01-28,paid
107787,2026-01-12,organic
107788,2026-02-22,organic
107789,2026-01-23,organic
107790,2026-02-25,organic
107791,2026-02-09,organic
107792,2026-01-24,organic
107793,2026-01-27,organic
107794,2026-01-22,organic
107795,2026-01-16,organic
107796,2026-01-24,organic
107797,2026-02-21,paid
107798,2026-02-11,organic
107799,2026-02-28,organic
107800,2026-01-30,organic
107801,2026-02-24,paid
107802,2026-02-12,paid
107803,2026-02-12,paid
107804,2026-01-14,organic
107805,2026-02-15,organic
107806,2026-01-29,organic
107807,2026-01-10,paid
107808,2026-02-14,organic
107809,2026-02-03,paid
107810,2026-01-02,referral
107811,2026-01-08,organic
107812,2026-02-02,paid
107813,2026-01-21,organic
107814,2026-01-02,paid
107815,2026-01-25,paid
107816,2026-02-18,paid
107817,2026-02-09,paid
107818,2026-01-20,organic
107819,2026-02-01,organic
107820,2026-01-09,organic
107821,2026-02-28,paid
107822,2026-01-12,organic
107823,2026-02-17,organic
107824,2026-01-06,referral
107825,2026-01-08,paid
107826,2026-02-12,organic
107827,2026-02-13,organic
107828,2026-02-11,paid
107829,2026-01-26,organic
107830,2026-02-08,organic
107831,2026-02-18,organic
107832,2026-02-28,paid
107833,2026-01-28,paid
107834,2026-02-11,organic
107835,2026-01-03,organic
107836,2026-02-28,paid
107837,2026-02-07,organic
107838,2026-02-15,organic
107839,2026-02-28,paid
107840,2026-01-26,organic
107841,2026-02-27,paid
107842,2026-02-10,organic
107843,2026-01-07,paid
107844,2026-02-13,organic
107845,2026-02-09,paid
107846,2026-01-11,organic
107847,2026-01-04,organic
107848,2026-01-15,organic
107849,2026-01-15,paid
107850,2026-02-01,organic
107851,2026-01-27,paid
107852,2026-02-28,paid
107853,2026-02-22,organic
107854,2026-02-05,paid
107855,2026-02-15,organic
107856,2026-02-23,organic
107857,2026-01-27,organic
107858,2026-01-04,paid
107859,2026-01-05,organic
107860,2026-01-19,organic
107861,2026-02-04,organic
107862,2026-01-30,organic
107863,2026-02-08,organic
107864,2026-02-11,organic
107865,2026-02-20,organic
107866,2026-02-05,organic
107867,2026-02-07,organic
107868,2026-01-28,organic
107869,2026-02-02,organic
107870,2026-02-24,paid
107871,2026-01-30,organic
107872,2026-01-20,paid
107873,2026-01-09,organic
107874,2026-01-01,referral
107875,2026-01-12,organic
107876,2026-02-06,paid
107877,2026-01-01,organic
107878,2026-01-20,organic
107879,2026-02-23,organic
107880,2026-02-18,organic
107881,2026-01-25,organic
107882,2026-02-01,organic
107883,2026-02-23,organic
107884,2026-02-04,organic
107885,2026-01-10,organic
107886,2026-01-31,organic
107887,2026-01-26,referral
107888,2026-01-05,organic
107889,2026-02-03,organic
107890,2026-02-21,paid
107891,2026-01-29,organic
107892,2026-02-06,organic
107893,2026-01-04,paid
107894,2026-02-25,organic
107895,2026-01-10,organic
107896,2026-02-07,paid
107897,2026-02-04,organic
107898,2026-01-21,paid
107899,2026-01-11,paid
107900,2026-02-02,organic
107901,2026-01-21,paid
107902,2026-02-01,organic
107903,2026-01-29,paid
107904,2026-01-07,paid
107905,2026-01-21,organic
107906,2026-01-20,paid
107907,2026-02-09,organic
107908,2026-02-10,organic
107909,2026-01-17,organic
107910,2026-01-22,organic
107911,2026-02-02,paid
107912,2026-01-05,organic
107913,2026-02-03,paid
107914,2026-01-12,organic
107915,2026-01-17,paid
107916,2026-01-18,paid
107917,2026-02-01,organic
107918,2026-02-02,organic
107919,2026-01-10,paid
107920,2026-02-19,organic
107921,2026-01-25,paid
107922,2026-02-08,organic
107923,2026-01-04,paid
107924,2026-02-03,paid
107925,2026-01-10,paid
107926,2026-01-19,paid
107927,2026-02-18,organic
107928,2026-01-03,paid
107929,2026-01-30,paid
107930,2026-01-30,paid
107931,2026-01-23,organic
107932,2026-02-17,paid
107933,2026-02-23,paid
107934,2026-02-15,organic
107935,2026-02-05,organic
107936,2026-01-29,organic
107937,2026-02-03,paid
107938,2026-01-27,organic
107939,2026-01-15,organic
107940,2026-01-15,paid
107941,2026-01-18,paid
107942,2026-02-13,organic
107943,2026-01-28,paid
107944,2026-01-25,paid
107945,2026-02-23,organic
107946,2026-01-10,organic
107947,2026-01-25,organic
107948,2026-01-19,paid
107949,2026-01-21,paid
107950,2026-02-03,paid
107951,2026-02-21,organic
107952,2026-02-18,paid
107953,2026-01-05,organic
107954,2026-01-22,organic
107955,2026-01-14,organic
107956,2026-02-28,referral
107957,2026-01-28,referral
107958,2026-01-06,referral
107959,2026-01-28,organic
107960,2026-01-17,paid
107961,2026-02-06,organic
107962,2026-01-02,organic
107963,2026-01-22,organic
107964,2026-02-26,organic
107965,2026-01-10,organic
107966,2026-01-21,paid
107967,2026-02-23,paid
107968,2026-02-21,organic
107969,2026-02-11,paid
107970,2026-02-24,organic
107971,2026-01-13,organic
107972,2026-01-02,paid
107973,2026-01-30,paid
107974,2026-02-22,organic
107975,2026-01-14,organic
107976,2026-01-03,organic
107977,2026-02-23,organic
107978,2026-02-23,paid
107979,2026-02-04,organic
107980,2026-02-04,paid
107981,2026-01-06,paid
107982,2026-01-12,referral
107983,2026-01-28,referral
107984,2026-01-24,paid
107985,2026-02-22,organic
107986,2026-02-19,organic
107987,2026-01-28,paid
107988,2026-02-26,organic
107989,2026-02-03,organic
107990,2026-01-23,paid
107991,2026-02-09,paid
107992,2026-02-06,paid
107993,2026-01-19,referral
107994,2026-02-17,organic
107995,2026-01-27,organic
107996,2026-02-19,organic
107997,2026-01-22,paid
107998,2026-01-02,organic
107999,2026-02-26,paid
200000,2026-03-18,organic
200001,2026-04-25,referral
200002,2026-04-14,referral
200003,2026-03-04,organic
200004,2026-04-03,referral
200005,2026-03-29,referral
200006,2026-03-13,referral
200007,2026-03-10,referral
200008,2026-03-01,paid
200009,2026-03-20,organic
200010,2026-04-03,referral
200011,2026-03-07,referral
200012,2026-03-12,paid
200013,2026-04-09,paid
200014,2026-04-15,organic
200015,2026-03-04,referral
200016,2026-03-09,referral
200017,2026-04-09,referral
200018,2026-03-27,organic
200019,2026-03-03,referral
200020,2026-04-17,organic
200021,2026-04-17,referral
200022,2026-03-20,organic
200023,2026-03-05,referral
200024,2026-03-30,referral
200025,2026-03-26,organic
200026,2026-04-03,referral
200027,2026-04-18,referral
200028,2026-03-01,referral
200029,2026-03-06,organic
200030,2026-03-31,organic
200031,2026-04-23,referral
200032,2026-04-14,referral
200033,2026-03-11,referral
200034,2026-04-19,paid
200035,2026-04-08,referral
200036,2026-04-13,organic
200037,2026-03-03,referral
200038,2026-03-03,organic
200039,2026-04-17,organic
200040,2026-03-27,paid
200041,2026-03-10,referral
200042,2026-04-06,referral
200043,2026-04-06,organic
200044,2026-04-10,organic
200045,2026-03-11,referral
200046,2026-03-13,referral
200047,2026-04-19,paid
200048,2026-04-14,paid
200049,2026-03-24,organic
200050,2026-03-20,paid
200051,2026-03-06,paid
200052,2026-03-26,paid
200053,2026-03-01,paid
200054,2026-04-25,organic
200055,2026-03-29,organic
200056,2026-03-29,organic
200057,2026-04-08,organic
200058,2026-03-17,referral
200059,2026-03-17,organic
200060,2026-04-01,organic
200061,2026-03-24,paid
200062,2026-03-19,organic
200063,2026-03-27,organic
200064,2026-04-06,referral
200065,2026-03-30,referral
200066,2026-04-25,organic
200067,2026-04-13,organic
200068,2026-04-03,referral
200069,2026-03-31,organic
200070,2026-04-15,referral
200071,2026-03-27,organic
200072,2026-03-24,paid
200073,2026-04-15,organic
200074,2026-03-04,referral
200075,2026-04-04,paid
200076,2026-03-04,referral
200077,2026-04-15,referral
200078,2026-04-09,paid
200079,2026-03-30,referral
200080,2026-03-19,referral
200081,2026-03-09,referral
200082,2026-03-28,paid
200083,2026-04-07,paid
200084,2026-04-24,organic
200085,2026-03-05,organic
200086,2026-03-10,referral
200087,2026-03-28,organic
200088,2026-03-10,referral
200089,2026-04-19,referral
200090,2026-03-06,referral
200091,2026-04-02,referral
200092,2026-04-18,referral
200093,2026-03-29,referral
200094,2026-03-21,referral
200095,2026-04-08,referral
200096,2026-04-07,organic
200097,2026-03-17,referral
200098,2026-03-16,paid
200099,2026-04-24,paid
200100,2026-03-15,referral
200101,2026-03-26,referral
200102,2026-04-04,organic
200103,2026-03-11,organic
200104,2026-03-23,referral
200105,2026-03-08,organic
200106,2026-03-12,referral
200107,2026-04-03,organic
200108,2026-04-24,referral
200109,2026-04-25,organic
200110,2026-03-08,referral
200111,2026-03-02,referral
200112,2026-03-23,referral
200113,2026-04-02,organic
200114,2026-03-20,paid
200115,2026-03-26,referral
200116,2026-03-11,paid
200117,2026-04-01,organic
200118,2026-03-31,referral
200119,2026-04-23,referral
200120,2026-03-10,referral
200121,2026-03-13,referral
200122,2026-04-09,referral
200123,2026-03-12,referral
200124,2026-03-24,referral
200125,2026-03-10,paid
200126,2026-04-21,organic
200127,2026-04-03,referral
200128,2026-03-23,paid
200129,2026-03-30,organic
200130,2026-03-24,organic
200131,2026-04-05,organic
200132,2026-03-06,paid
200133,2026-04-22,referral
200134,2026-04-13,referral
200135,2026-04-09,referral
200136,2026-04-10,referral
200137,2026-04-04,referral
200138,2026-03-23,paid
200139,2026-04-03,referral
200140,2026-04-14,organic
200141,2026-03-21,referral
200142,2026-04-25,referral
200143,2026-04-15,organic
200144,2026-04-23,paid
200145,2026-03-12,organic
200146,2026-04-25,organic
200147,2026-03-14,referral
200148,2026-04-18,paid
200149,2026-03-02,organic
200150,2026-03-08,organic
200151,2026-03-02,referral
200152,2026-04-10,referral
200153,2026-03-14,organic
200154,2026-04-02,referral
200155,2026-04-12,paid
200156,2026-03-15,referral
200157,2026-04-01,organic
200158,2026-03-01,paid
200159,2026-04-09,referral
200160,2026-04-05,referral
200161,2026-04-05,organic
200162,2026-04-24,referral
200163,2026-03-02,referral
200164,2026-03-01,organic
200165,2026-03-30,referral
200166,2026-04-07,paid
200167,2026-04-12,referral
200168,2026-03-07,referral
200169,2026-03-30,referral
200170,2026-04-24,referral
200171,2026-03-17,referral
200172,2026-04-03,organic
200173,2026-03-24,referral
200174,2026-04-23,organic
200175,2026-04-24,organic
200176,2026-04-17,referral
200177,2026-03-25,referral
200178,2026-03-15,organic
200179,2026-04-15,organic
200180,2026-03-14,paid
200181,2026-03-22,referral
200182,2026-04-21,organic
200183,2026-04-23,organic
200184,2026-04-25,organic
200185,2026-03-25,organic
200186,2026-03-17,paid
200187,2026-04-01,referral
200188,2026-04-18,referral
200189,2026-04-12,organic
200190,2026-04-06,referral
200191,2026-03-13,organic
200192,2026-04-08,organic
200193,2026-04-04,organic
200194,2026-04-20,paid
200195,2026-03-13,organic
200196,2026-03-30,organic
200197,2026-04-23,referral
200198,2026-03-06,paid
200199,2026-04-14,organic
200200,2026-03-04,referral
200201,2026-03-25,organic
200202,2026-03-28,referral
200203,2026-03-11,referral
200204,2026-04-21,organic
200205,2026-03-28,paid
200206,2026-04-09,referral
200207,2026-03-02,paid
200208,2026-03-13,organic
200209,2026-03-25,organic
200210,2026-03-01,organic
200211,2026-04-15,referral
200212,2026-03-20,paid
200213,2026-03-16,referral
200214,2026-03-06,organic
200215,2026-04-16,organic
200216,2026-04-19,paid
200217,2026-04-11,referral
200218,2026-04-14,organic
200219,2026-03-02,organic
200220,2026-04-14,organic
200221,2026-03-05,referral
200222,2026-04-16,paid
200223,2026-04-05,referral
200224,2026-03-04,organic
200225,2026-03-15,organic
200226,2026-03-24,organic
200227,2026-03-30,referral
200228,2026-04-09,organic
200229,2026-03-19,referral
200230,2026-03-29,referral
200231,2026-03-06,paid
200232,2026-04-16,organic
200233,2026-03-22,organic
200234,2026-04-01,organic
200235,2026-03-04,referral
200236,2026-03-05,referral
200237,2026-03-20,referral
200238,2026-04-24,referral
200239,2026-03-09,paid
200240,2026-04-04,referral
200241,2026-04-17,organic
200242,2026-03-10,referral
200243,2026-04-18,referral
200244,2026-03-14,referral
200245,2026-03-20,paid
200246,2026-04-22,referral
200247,2026-03-28,paid
200248,2026-04-24,organic
200249,2026-03-26,organic
200250,2026-04-22,organic
200251,2026-03-15,referral
200252,2026-03-02,referral
200253,2026-04-05,referral
200254,2026-04-13,referral
200255,2026-03-21,referral
200256,2026-03-05,referral
200257,2026-04-11,referral
200258,2026-03-11,organic
200259,2026-04-12,organic
200260,2026-04-10,referral
200261,2026-03-14,paid
200262,2026-04-09,paid
200263,2026-03-25,referral
200264,2026-04-02,organic
200265,2026-03-12,paid
200266,2026-03-29,paid
200267,2026-04-07,referral
200268,2026-04-14,organic
200269,2026-04-03,organic
200270,2026-03-22,organic
200271,2026-03-11,referral
200272,2026-03-01,referral
200273,2026-03-15,referral
200274,2026-04-13,paid
200275,2026-03-07,organic
200276,2026-03-11,referral
200277,2026-03-09,organic
200278,2026-03-22,paid
200279,2026-03-16,referral
200280,2026-03-01,referral
200281,2026-04-12,organic
200282,2026-03-10,referral
200283,2026-04-11,paid
200284,2026-03-17,organic
200285,2026-03-12,organic
200286,2026-03-29,paid
200287,2026-03-15,referral
200288,2026-04-24,paid
200289,2026-03-16,referral
200290,2026-04-16,organic
200291,2026-04-14,referral
200292,2026-04-13,referral
200293,2026-04-25,referral
200294,2026-04-07,organic
200295,2026-04-10,referral
200296,2026-04-06,paid
200297,2026-04-14,referral
200298,2026-04-18,paid
200299,2026-04-14,organic
200300,2026-03-14,referral
200301,2026-04-07,paid
200302,2026-04-04,organic
200303,2026-04-09,referral
200304,2026-03-10,paid
200305,2026-04-18,referral
200306,2026-03-29,referral
200307,2026-03-25,organic
200308,2026-03-25,organic
200309,2026-04-08,referral
200310,2026-04-05,referral
200311,2026-04-12,organic
200312,2026-04-13,paid
200313,2026-04-19,referral
200314,2026-04-07,referral
200315,2026-04-03,organic
200316,2026-04-13,paid
200317,2026-04-24,paid
200318,2026-03-13,organic
200319,2026-03-18,paid
200320,2026-03-18,paid
200321,2026-04-02,organic
200322,2026-04-24,referral
200323,2026-04-25,referral
200324,2026-04-18,referral
200325,2026-03-03,referral
200326,2026-03-23,organic
200327,2026-03-16,paid
200328,2026-04-02,organic
200329,2026-04-13,organic
200330,2026-04-11,organic
200331,2026-03-10,organic
200332,2026-04-23,paid
200333,2026-03-17,paid
200334,2026-04-24,organic
200335,2026-03-03,referral
200336,2026-04-15,referral
200337,2026-03-25,referral
200338,2026-04-25,referral
200339,2026-04-03,referral
200340,2026-04-22,organic
200341,2026-03-24,organic
200342,2026-04-03,referral
200343,2026-04-18,paid
200344,2026-04-03,referral
200345,2026-03-08,organic
200346,2026-03-24,referral
200347,2026-03-14,paid
200348,2026-04-07,paid
200349,2026-04-10,referral
200350,2026-03-18,organic
200351,2026-03-17,referral
200352,2026-04-11,organic
200353,2026-03-11,paid
200354,2026-03-10,referral
200355,2026-03-12,paid
200356,2026-04-17,paid
200357,2026-03-10,organic
200358,2026-03-09,referral
200359,2026-04-20,organic
200360,2026-04-04,referral
200361,2026-03-06,organic
200362,2026-04-10,referral
200363,2026-04-04,referral
200364,2026-04-24,referral
200365,2026-04-16,paid
200366,2026-03-10,paid
200367,2026-03-15,referral
200368,2026-03-06,organic
200369,2026-03-30,referral
200370,2026-04-05,referral
200371,2026-04-17,organic
200372,2026-04-01,referral
200373,2026-03-09,referral
200374,2026-03-04,organic
200375,2026-03-17,referral
200376,2026-03-17,organic
200377,2026-03-18,referral
200378,2026-04-20,organic
200379,2026-03-15,referral
200380,2026-03-02,organic
200381,2026-04-16,referral
200382,2026-04-24,referral
200383,2026-04-20,referral
200384,2026-03-09,organic
200385,2026-04-04,referral
200386,2026-04-23,organic
200387,2026-03-28,referral
200388,2026-03-28,organic
200389,2026-03-12,referral
200390,2026-03-16,referral
200391,2026-03-28,paid
200392,2026-03-24,organic
200393,2026-04-06,referral
200394,2026-04-23,referral
200395,2026-04-24,organic
200396,2026-03-23,paid
200397,2026-03-31,organic
200398,2026-04-23,organic
200399,2026-04-16,referral
200400,2026-04-20,organic
200401,2026-03-19,referral
200402,2026-04-20,referral
200403,2026-03-10,referral
200404,2026-03-23,referral
200405,2026-03-12,paid
200406,2026-04-07,organic
200407,2026-03-21,referral
200408,2026-04-17,paid
200409,2026-04-01,organic
200410,2026-04-18,paid
200411,2026-03-27,paid
200412,2026-03-29,paid
200413,2026-04-21,referral
200414,2026-03-26,organic
200415,2026-03-31,referral
200416,2026-04-23,referral
200417,2026-04-12,referral
200418,2026-03-08,referral
200419,2026-03-21,paid
200420,2026-03-24,referral
200421,2026-03-02,referral
200422,2026-04-22,referral
200423,2026-04-14,organic
200424,2026-03-04,referral
200425,2026-04-02,referral
200426,2026-03-28,referral
200427,2026-03-09,paid
200428,2026-04-05,referral
200429,2026-03-22,referral
200430,2026-03-10,referral
200431,2026-03-09,referral
200432,2026-03-12,organic
200433,2026-04-14,organic
200434,2026-03-14,organic
200435,2026-04-11,organic
200436,2026-03-01,referral
200437,2026-03-14,organic
200438,2026-04-14,referral
200439,2026-04-10,organic
200440,2026-03-12,referral
200441,2026-04-12,referral
200442,2026-04-04,organic
200443,2026-04-23,referral
200444,2026-03-17,referral
200445,2026-04-06,referral
200446,2026-03-12,organic
200447,2026-03-16,paid
200448,2026-03-04,organic
200449,2026-03-29,referral
200450,2026-03-13,referral
200451,2026-04-14,referral
200452,2026-04-01,organic
200453,2026-04-18,paid
200454,2026-03-05,referral
200455,2026-03-07,referral
200456,2026-03-26,organic
200457,2026-03-15,organic
200458,2026-03-27,referral
200459,2026-04-04,referral
200460,2026-04-07,paid
200461,2026-04-17,referral
200462,2026-03-11,referral
200463,2026-03-18,organic
200464,2026-04-24,referral
200465,2026-04-10,organic
200466,2026-03-26,organic
200467,2026-04-03,paid
200468,2026-03-05,referral
200469,2026-03-24,organic
200470,2026-04-07,referral
200471,2026-04-20,referral
200472,2026-03-13,referral
200473,2026-03-15,referral
200474,2026-04-24,referral
200475,2026-04-10,organic
200476,2026-03-29,organic
200477,2026-03-21,paid
200478,2026-03-11,paid
200479,2026-04-16,referral
200480,2026-03-21,organic
200481,2026-03-03,paid
200482,2026-03-19,organic
200483,2026-03-19,referral
200484,2026-03-25,referral
200485,2026-04-21,referral
200486,2026-04-03,referral
200487,2026-03-02,referral
200488,2026-03-22,organic
200489,2026-04-09,organic
200490,2026-04-07,organic
200491,2026-03-23,organic
200492,2026-03-08,referral
200493,2026-04-20,paid
200494,2026-04-21,referral
200495,2026-03-30,organic
200496,2026-04-03,organic
200497,2026-04-23,referral
200498,2026-03-02,referral
200499,2026-04-17,referral
200500,2026-04-02,referral
200501,2026-04-16,referral
200502,2026-03-31,referral
200503,2026-03-04,referral
200504,2026-03-31,organic
200505,2026-04-06,referral
200506,2026-04-11,paid
200507,2026-03-18,referral
200508,2026-03-28,paid
200509,2026-04-04,paid
200510,2026-03-29,paid
200511,2026-03-26,referral
200512,2026-03-03,paid
200513,2026-04-14,referral
200514,2026-03-18,organic
200515,2026-03-15,paid
200516,2026-03-14,paid
200517,2026-03-09,referral
200518,2026-04-06,paid
200519,2026-03-25,organic
200520,2026-03-27,organic
200521,2026-04-20,referral
200522,2026-03-19,paid
200523,2026-03-25,referral
200524,2026-04-11,referral
200525,2026-04-19,paid
200526,2026-03-21,referral
200527,2026-03-18,referral
200528,2026-03-30,paid
200529,2026-03-18,paid
200530,2026-03-16,referral
200531,2026-03-14,organic
200532,2026-04-10,organic
200533,2026-04-04,referral
200534,2026-04-05,referral
200535,2026-04-12,organic
200536,2026-04-15,paid
200537,2026-04-13,organic
200538,2026-04-18,organic
200539,2026-03-12,referral
200540,2026-04-05,organic
200541,2026-04-04,organic
200542,2026-04-02,organic
200543,2026-03-13,referral
200544,2026-03-09,paid
200545,2026-04-24,referral
200546,2026-04-18,organic
200547,2026-03-11,referral
200548,2026-04-15,referral
200549,2026-03-29,referral
200550,2026-03-07,referral
200551,2026-04-09,referral
200552,2026-03-22,referral
200553,2026-03-07,paid
200554,2026-04-10,organic
200555,2026-04-12,organic
200556,2026-04-10,referral
200557,2026-03-19,referral
200558,2026-04-13,referral
200559,2026-04-11,paid
200560,2026-03-06,referral
200561,2026-04-14,paid
200562,2026-03-19,referral
200563,2026-04-20,referral
200564,2026-03-15,paid
200565,2026-04-22,referral
200566,2026-03-12,organic
200567,2026-04-15,organic
200568,2026-03-02,referral
200569,2026-04-17,referral
200570,2026-03-29,referral
200571,2026-03-31,referral
200572,2026-03-28,referral
200573,2026-03-15,referral
200574,2026-04-24,paid
200575,2026-03-04,referral
200576,2026-04-22,referral
200577,2026-03-28,referral
200578,2026-03-11,referral
200579,2026-03-24,paid
200580,2026-04-07,referral
200581,2026-04-24,referral
200582,2026-04-25,paid
200583,2026-04-06,referral
200584,2026-04-25,referral
200585,2026-03-03,organic
200586,2026-03-19,referral
200587,2026-04-02,referral
200588,2026-03-11,organic
200589,2026-03-11,organic
200590,2026-04-05,organic
200591,2026-04-08,referral
200592,2026-03-31,referral
200593,2026-03-15,organic
200594,2026-04-10,paid
200595,2026-03-11,referral
200596,2026-03-25,referral
200597,2026-03-21,referral
200598,2026-04-15,referral
200599,2026-04-04,paid
200600,2026-03-01,referral
200601,2026-03-26,organic
200602,2026-03-16,referral
200603,2026-04-01,paid
200604,2026-03-17,referral
200605,2026-03-21,paid
200606,2026-03-07,paid
200607,2026-03-07,paid
200608,2026-04-21,organic
200609,2026-03-04,organic
200610,2026-04-07,referral
200611,2026-04-19,paid
200612,2026-03-29,paid
200613,2026-03-22,paid
200614,2026-03-01,referral
200615,2026-03-14,organic
200616,2026-03-27,organic
200617,2026-03-29,referral
200618,2026-03-03,referral
200619,2026-04-07,referral
200620,2026-03-22,paid
200621,2026-03-08,paid
200622,2026-03-24,referral
200623,2026-03-25,paid
200624,2026-03-17,paid
200625,2026-03-12,referral
200626,2026-03-23,referral
200627,2026-04-06,paid
200628,2026-04-05,organic
200629,2026-04-11,organic
200630,2026-03-14,referral
200631,2026-04-08,referral
200632,2026-04-17,paid
200633,2026-04-03,referral
200634,2026-03-21,organic
200635,2026-03-16,organic
200636,2026-04-14,referral
200637,2026-03-17,paid
200638,2026-03-05,organic
200639,2026-03-13,referral
200640,2026-03-30,organic
200641,2026-03-20,referral
200642,2026-03-23,paid
200643,2026-04-02,paid
200644,2026-04-19,referral
200645,2026-03-22,referral
200646,2026-04-09,paid
200647,2026-03-07,referral
200648,2026-04-04,organic
200649,2026-04-08,organic
200650,2026-03-27,referral
200651,2026-04-10,organic
200652,2026-04-14,organic
200653,2026-03-29,referral
200654,2026-04-03,organic
200655,2026-03-07,referral
200656,2026-03-22,referral
200657,2026-04-10,organic
200658,2026-03-22,organic
200659,2026-03-03,referral
200660,2026-03-27,referral
200661,2026-03-24,referral
200662,2026-03-14,referral
200663,2026-04-18,organic
200664,2026-04-25,referral
200665,2026-03-20,paid
200666,2026-03-16,referral
200667,2026-03-21,paid
200668,2026-04-19,paid
200669,2026-03-04,organic
200670,2026-04-21,paid
200671,2026-04-24,paid
200672,2026-04-18,organic
200673,2026-04-23,organic
200674,2026-04-17,paid
200675,2026-03-10,organic
200676,2026-04-14,organic
200677,2026-03-10,referral
200678,2026-04-16,referral
200679,2026-03-10,referral
200680,2026-04-05,paid
200681,2026-03-20,organic
200682,2026-04-12,referral
200683,2026-03-06,paid
200684,2026-03-13,organic
200685,2026-04-05,referral
200686,2026-04-25,paid
200687,2026-04-01,organic
200688,2026-03-01,organic
200689,2026-03-01,paid
200690,2026-03-08,organic
200691,2026-04-21,referral
200692,2026-03-02,referral
200693,2026-03-04,referral
200694,2026-03-07,paid
200695,2026-03-21,referral
200696,2026-03-31,referral
200697,2026-04-14,paid
200698,2026-03-08,referral
200699,2026-03-10,organic
200700,2026-04-09,referral
200701,2026-04-15,referral
200702,2026-03-24,referral
200703,2026-03-13,referral
200704,2026-03-12,referral
200705,2026-03-24,referral
200706,2026-03-19,organic
200707,2026-04-04,referral
200708,2026-03-02,organic
200709,2026-04-19,referral
200710,2026-04-06,organic
200711,2026-04-06,referral
200712,2026-03-01,referral
200713,2026-03-14,paid
200714,2026-03-24,paid
200715,2026-03-29,organic
200716,2026-03-22,paid
200717,2026-04-12,paid
200718,2026-03-23,paid
200719,2026-03-24,referral
200720,2026-03-01,referral
200721,2026-04-03,paid
200722,2026-03-28,referral
200723,2026-03-27,organic
200724,2026-04-22,referral
200725,2026-03-23,organic
200726,2026-03-01,paid
200727,2026-03-09,organic
200728,2026-04-13,organic
200729,2026-04-24,referral
200730,2026-03-14,referral
200731,2026-03-25,referral
200732,2026-04-03,referral
200733,2026-03-10,referral
200734,2026-04-01,referral
200735,2026-03-21,organic
200736,2026-03-06,referral
200737,2026-04-08,referral
200738,2026-03-12,referral
200739,2026-03-02,organic
200740,2026-03-23,organic
200741,2026-03-09,referral
200742,2026-03-27,organic
200743,2026-04-15,organic
200744,2026-03-17,referral
200745,2026-03-10,organic
200746,2026-04-13,referral
200747,2026-03-16,organic
200748,2026-04-25,referral
200749,2026-04-11,referral
200750,2026-04-24,organic
200751,2026-03-30,organic
200752,2026-03-09,organic
200753,2026-04-17,referral
200754,2026-04-19,referral
200755,2026-04-23,referral
200756,2026-03-23,organic
200757,2026-03-29,referral
200758,2026-03-17,referral
200759,2026-04-23,referral
200760,2026-04-18,referral
200761,2026-04-02,referral
200762,2026-03-04,referral
200763,2026-04-23,referral
200764,2026-03-18,paid
200765,2026-04-25,organic
200766,2026-04-09,organic
200767,2026-03-30,organic
200768,2026-04-06,organic
200769,2026-04-12,organic
200770,2026-04-16,referral
200771,2026-04-12,referral
200772,2026-03-04,referral
200773,2026-04-01,referral
200774,2026-03-17,referral
200775,2026-04-20,referral
200776,2026-03-01,organic
200777,2026-03-25,referral
200778,2026-03-18,organic
200779,2026-04-09,referral
200780,2026-03-16,paid
200781,2026-04-10,referral
200782,2026-04-17,referral
200783,2026-04-20,paid
200784,2026-04-10,referral
200785,2026-03-05,referral
200786,2026-03-12,referral
200787,2026-03-27,organic
200788,2026-04-06,referral
200789,2026-04-11,paid
200790,2026-04-03,organic
200791,2026-03-22,referral
200792,2026-03-07,referral
200793,2026-04-13,paid
200794,2026-03-27,referral
200795,2026-04-14,referral
200796,2026-03-16,paid
200797,2026-04-19,organic
200798,2026-03-19,referral
200799,2026-03-17,referral
200800,2026-03-16,organic
200801,2026-04-14,organic
200802,2026-04-02,referral
200803,2026-03-11,organic
200804,2026-03-12,organic
200805,2026-03-17,referral
200806,2026-03-12,referral
200807,2026-03-11,referral
200808,2026-04-01,referral
200809,2026-04-12,referral
200810,2026-03-05,referral
200811,2026-03-11,organic
200812,2026-03-31,referral
200813,2026-04-22,organic
200814,2026-03-25,organic
200815,2026-04-15,organic
200816,2026-03-18,paid
200817,2026-04-13,paid
200818,2026-03-28,referral
200819,2026-03-02,referral
200820,2026-03-09,referral
200821,2026-03-24,referral
200822,2026-03-30,referral
200823,2026-04-08,organic
200824,2026-04-08,referral
200825,2026-04-01,referral
200826,2026-03-07,referral
200827,2026-04-22,paid
200828,2026-04-12,referral
200829,2026-04-20,referral
200830,2026-04-23,referral
200831,2026-04-17,referral
200832,2026-03-15,paid
200833,2026-03-23,referral
200834,2026-03-08,referral
200835,2026-03-27,referral
200836,2026-03-16,referral
200837,2026-04-06,organic
200838,2026-03-17,organic
200839,2026-04-07,paid
200840,2026-03-19,referral
200841,2026-03-28,referral
200842,2026-04-09,referral
200843,2026-03-05,organic
200844,2026-03-04,referral
200845,2026-03-18,paid
200846,2026-03-28,referral
200847,2026-03-28,organic
200848,2026-04-07,referral
200849,2026-04-24,referral
200850,2026-03-07,organic
200851,2026-03-15,organic
200852,2026-03-07,paid
200853,2026-03-07,referral
200854,2026-03-27,organic
200855,2026-04-15,paid
200856,2026-04-01,paid
200857,2026-04-24,organic
200858,2026-04-05,organic
200859,2026-04-21,organic
200860,2026-03-12,referral
200861,2026-04-10,referral
200862,2026-03-06,referral
200863,2026-04-05,referral
200864,2026-03-15,referral
200865,2026-03-07,paid
200866,2026-04-22,paid
200867,2026-03-21,referral
200868,2026-03-29,paid
200869,2026-04-03,referral
200870,2026-04-02,referral
200871,2026-03-17,referral
200872,2026-04-18,referral
200873,2026-03-03,referral
200874,2026-04-19,referral
200875,2026-04-14,organic
200876,2026-03-01,paid
200877,2026-03-18,paid
200878,2026-04-04,organic
200879,2026-03-25,referral
200880,2026-03-14,organic
200881,2026-04-03,organic
200882,2026-03-07,paid
200883,2026-03-13,referral
200884,2026-04-12,referral
200885,2026-03-26,referral
200886,2026-03-13,referral
200887,2026-03-20,referral
200888,2026-04-12,paid
200889,2026-03-13,organic
200890,2026-04-14,referral
200891,2026-03-11,referral
200892,2026-04-01,paid
200893,2026-03-21,referral
200894,2026-03-14,referral
200895,2026-03-09,organic
200896,2026-04-20,referral
200897,2026-04-04,referral
200898,2026-03-09,referral
200899,2026-03-18,paid
200900,2026-04-11,organic
200901,2026-03-05,paid
200902,2026-03-17,referral
200903,2026-04-17,referral
200904,2026-04-23,organic
200905,2026-03-25,referral
200906,2026-03-08,organic
200907,2026-03-25,referral
200908,2026-03-02,referral
200909,2026-03-09,paid
200910,2026-04-11,organic
200911,2026-04-15,referral
200912,2026-03-24,referral
200913,2026-04-06,organic
200914,2026-04-15,paid
200915,2026-04-07,referral
200916,2026-03-18,organic
200917,2026-03-24,referral
200918,2026-03-23,referral
200919,2026-04-24,paid
200920,2026-04-18,paid
200921,2026-03-18,referral
200922,2026-04-17,paid
200923,2026-04-17,referral
200924,2026-03-08,organic
200925,2026-03-30,referral
200926,2026-04-25,organic
200927,2026-04-09,organic
200928,2026-03-14,organic
200929,2026-03-24,organic
200930,2026-04-15,referral
200931,2026-04-06,organic
200932,2026-03-04,organic
200933,2026-04-05,organic
200934,2026-03-23,organic
200935,2026-04-25,referral
200936,2026-04-22,paid
200937,2026-03-14,organic
200938,2026-04-17,paid
200939,2026-03-07,paid
200940,2026-03-07,referral
200941,2026-04-13,organic
200942,2026-04-05,referral
200943,2026-03-07,referral
200944,2026-04-07,referral
200945,2026-03-01,organic
200946,2026-03-31,organic
200947,2026-04-10,organic
200948,2026-03-04,referral
200949,2026-03-31,organic
200950,2026-04-09,paid
200951,2026-04-17,paid
200952,2026-04-08,organic
200953,2026-03-30,referral
200954,2026-03-16,paid
200955,2026-03-25,referral
200956,2026-04-25,organic
200957,2026-03-10,referral
200958,2026-03-10,referral
200959,2026-04-20,organic
200960,2026-04-08,organic
200961,2026-03-03,referral
200962,2026-04-22,referral
200963,2026-03-09,organic
200964,2026-03-16,referral
200965,2026-04-03,referral
200966,2026-04-01,organic
200967,2026-03-18,referral
200968,2026-04-15,organic
200969,2026-03-14,referral
200970,2026-03-19,referral
200971,2026-03-05,referral
200972,2026-04-03,organic
200973,2026-04-14,referral
200974,2026-03-20,referral
200975,2026-03-03,referral
200976,2026-04-15,organic
200977,2026-03-26,paid
200978,2026-03-26,paid
200979,2026-03-29,organic
200980,2026-04-03,referral
200981,2026-03-25,referral
200982,2026-04-14,organic
200983,2026-03-03,referral
200984,2026-03-06,organic
200985,2026-03-04,organic
200986,2026-03-12,referral
200987,2026-04-01,referral
200988,2026-04-18,referral
200989,2026-03-09,paid
200990,2026-04-24,referral
200991,2026-04-02,referral
200992,2026-03-12,organic
200993,2026-04-01,referral
200994,2026-03-05,referral
200995,2026-04-15,paid
200996,2026-03-25,referral
200997,2026-03-11,referral
200998,2026-04-17,organic
200999,2026-03-30,referral
201000,2026-04-01,referral
201001,2026-04-20,referral
201002,2026-04-01,referral
201003,2026-03-14,referral
201004,2026-04-18,paid
201005,2026-03-06,referral
201006,2026-03-26,referral
201007,2026-03-26,paid
201008,2026-03-24,organic
201009,2026-04-15,referral
201010,2026-04-07,referral
201011,2026-04-15,referral
201012,2026-03-11,referral
201013,2026-03-22,organic
201014,2026-04-20,organic
201015,2026-03-14,organic
201016,2026-04-12,referral
201017,2026-03-04,paid
201018,2026-04-20,referral
201019,2026-03-13,organic
201020,2026-03-23,organic
201021,2026-04-01,organic
201022,2026-03-15,organic
201023,2026-03-12,organic
201024,2026-04-23,organic
201025,2026-04-09,referral
201026,2026-04-21,organic
201027,2026-04-06,referral
201028,2026-03-04,paid
201029,2026-03-24,referral
201030,2026-03-30,referral
201031,2026-04-06,organic
201032,2026-03-14,referral
201033,2026-04-24,referral
201034,2026-04-06,paid
201035,2026-03-13,organic
201036,2026-03-20,referral
201037,2026-03-24,paid
201038,2026-04-17,paid
201039,2026-04-04,referral
201040,2026-03-24,paid
201041,2026-03-04,paid
201042,2026-04-22,referral
201043,2026-03-30,referral
201044,2026-04-04,referral
201045,2026-03-26,referral
201046,2026-03-20,paid
201047,2026-04-11,paid
201048,2026-03-28,organic
201049,2026-04-23,referral
201050,2026-04-15,organic
201051,2026-04-12,paid
201052,2026-04-02,organic
201053,2026-03-02,referral
201054,2026-03-04,referral
201055,2026-03-14,referral
201056,2026-03-28,paid
201057,2026-04-24,referral
201058,2026-04-05,organic
201059,2026-03-01,referral
201060,2026-04-08,referral
201061,2026-04-20,referral
201062,2026-03-03,organic
201063,2026-03-20,paid
201064,2026-03-08,organic
201065,2026-03-03,organic
201066,2026-04-10,referral
201067,2026-03-21,organic
201068,2026-04-18,paid
201069,2026-04-12,referral
201070,2026-04-15,organic
201071,2026-03-02,referral
201072,2026-03-19,paid
201073,2026-03-22,referral
201074,2026-04-13,referral
201075,2026-03-23,referral
201076,2026-04-17,referral
201077,2026-03-12,organic
201078,2026-04-07,paid
201079,2026-04-08,paid
201080,2026-04-13,organic
201081,2026-03-16,organic
201082,2026-03-10,referral
201083,2026-04-23,referral
201084,2026-03-06,paid
201085,2026-04-15,referral
201086,2026-04-21,referral
201087,2026-03-30,referral
201088,2026-04-02,referral
201089,2026-03-30,organic
201090,2026-03-03,referral
201091,2026-03-15,paid
201092,2026-03-17,referral
201093,2026-04-21,paid
201094,2026-04-23,referral
201095,2026-04-06,referral
201096,2026-03-11,referral
201097,2026-04-04,referral
201098,2026-03-13,referral
201099,2026-04-17,paid
201100,2026-03-10,referral
201101,2026-04-05,referral
201102,2026-04-01,referral
201103,2026-03-14,paid
201104,2026-03-02,paid
201105,2026-04-15,paid
201106,2026-04-22,referral
201107,2026-04-06,referral
201108,2026-04-07,referral
201109,2026-04-16,paid
201110,2026-04-06,organic
201111,2026-03-16,organic
201112,2026-03-05,referral
201113,2026-03-07,referral
201114,2026-03-04,referral
201115,2026-03-30,referral
201116,2026-04-05,paid
201117,2026-04-19,referral
201118,2026-03-26,referral
201119,2026-03-13,referral
201120,2026-04-14,referral
201121,2026-04-08,paid
201122,2026-03-11,paid
201123,2026-03-12,referral
201124,2026-03-29,referral
201125,2026-04-10,paid
201126,2026-04-04,referral
201127,2026-04-21,referral
201128,2026-04-23,referral
201129,2026-03-01,referral
201130,2026-04-16,referral
201131,2026-03-06,organic
201132,2026-03-12,paid
201133,2026-03-29,referral
201134,2026-04-22,paid
201135,2026-04-05,paid
201136,2026-04-04,referral
201137,2026-04-22,referral
201138,2026-03-13,paid
201139,2026-03-26,organic
201140,2026-03-20,referral
201141,2026-04-09,referral
201142,2026-03-17,paid
201143,2026-04-24,organic
201144,2026-04-16,paid
201145,2026-04-09,paid
201146,2026-03-24,referral
201147,2026-04-22,organic
201148,2026-03-06,organic
201149,2026-03-18,referral
201150,2026-03-31,organic
201151,2026-04-06,organic
201152,2026-03-17,referral
201153,2026-04-09,organic
201154,2026-03-11,referral
201155,2026-04-13,organic
201156,2026-03-28,paid
201157,2026-04-13,referral
201158,2026-03-11,referral
201159,2026-03-25,referral
201160,2026-04-22,organic
201161,2026-03-22,paid
201162,2026-03-29,referral
201163,2026-04-17,referral
201164,2026-03-30,referral
201165,2026-03-11,paid
201166,2026-03-22,paid
201167,2026-03-26,referral
201168,2026-04-17,organic
201169,2026-03-11,referral
201170,2026-03-18,referral
201171,2026-03-28,referral
201172,2026-04-04,referral
201173,2026-04-03,referral
201174,2026-04-25,paid
201175,2026-03-21,referral
201176,2026-04-18,referral
201177,2026-03-31,referral
201178,2026-04-03,referral
201179,2026-04-24,referral
201180,2026-03-30,referral
201181,2026-03-04,referral
201182,2026-03-19,organic
201183,2026-03-06,organic
201184,2026-04-11,paid
201185,2026-04-05,referral
201186,2026-03-10,referral
201187,2026-04-22,referral
201188,2026-03-03,organic
201189,2026-04-20,referral
201190,2026-03-02,paid
201191,2026-04-01,referral
201192,2026-04-20,referral
201193,2026-04-25,referral
201194,2026-03-05,organic
201195,2026-03-06,referral
201196,2026-03-20,paid
201197,2026-03-09,organic
201198,2026-03-20,organic
201199,2026-03-16,paid
201200,2026-03-16,paid
201201,2026-03-14,referral
201202,2026-04-24,referral
201203,2026-03-24,referral
201204,2026-03-17,paid
201205,2026-04-16,paid
201206,2026-04-04,organic
201207,2026-04-01,organic
201208,2026-04-21,organic
201209,2026-03-11,referral
201210,2026-03-22,paid
201211,2026-03-03,referral
201212,2026-04-20,paid
201213,2026-04-09,organic
201214,2026-03-18,referral
201215,2026-03-31,referral
201216,2026-03-19,organic
201217,2026-03-20,referral
201218,2026-04-14,organic
201219,2026-03-24,organic
201220,2026-03-17,referral
201221,2026-03-29,referral
201222,2026-04-25,referral
201223,2026-04-10,paid
201224,2026-04-16,paid
201225,2026-03-23,paid
201226,2026-03-17,referral
201227,2026-03-04,organic
201228,2026-03-20,paid
201229,2026-03-08,organic
201230,2026-04-08,paid
201231,2026-04-09,paid
201232,2026-04-08,referral
201233,2026-04-17,paid
201234,2026-03-22,referral
201235,2026-03-08,referral
201236,2026-04-10,paid
201237,2026-03-24,referral
201238,2026-03-08,referral
201239,2026-04-18,organic
201240,2026-04-03,organic
201241,2026-03-28,organic
201242,2026-03-19,organic
201243,2026-04-25,paid
201244,2026-04-19,organic
201245,2026-03-09,referral
201246,2026-04-15,organic
201247,2026-04-10,paid
201248,2026-04-04,referral
201249,2026-04-23,organic
201250,2026-03-17,referral
201251,2026-04-08,referral
201252,2026-04-23,organic
201253,2026-03-06,paid
201254,2026-04-16,organic
201255,2026-04-16,referral
201256,2026-03-20,organic
201257,2026-03-30,paid
201258,2026-03-27,organic
201259,2026-04-22,organic
201260,2026-03-24,paid
201261,2026-03-13,paid
201262,2026-03-27,referral
201263,2026-04-16,paid
201264,2026-03-31,referral
201265,2026-04-24,paid
201266,2026-04-13,referral
201267,2026-04-23,organic
201268,2026-03-05,referral
201269,2026-03-10,referral
201270,2026-04-25,referral
201271,2026-04-13,referral
201272,2026-03-13,organic
201273,2026-03-27,organic
201274,2026-04-09,referral
201275,2026-04-22,referral
201276,2026-03-29,paid
201277,2026-04-09,organic
201278,2026-03-10,organic
201279,2026-04-13,organic
201280,2026-04-25,organic
201281,2026-04-12,referral
201282,2026-03-04,organic
201283,2026-03-05,referral
201284,2026-03-06,paid
201285,2026-04-01,referral
201286,2026-04-09,organic
201287,2026-03-18,referral
201288,2026-03-01,referral
201289,2026-03-05,paid
201290,2026-03-27,referral
201291,2026-03-17,referral
201292,2026-03-14,organic
201293,2026-04-09,paid
201294,2026-03-30,organic
201295,2026-03-10,organic
201296,2026-03-27,referral
201297,2026-03-08,referral
201298,2026-04-01,referral
201299,2026-03-19,referral
201300,2026-03-08,referral
201301,2026-03-29,paid
201302,2026-03-11,paid
201303,2026-04-20,referral
201304,2026-04-08,organic
201305,2026-04-11,referral
201306,2026-04-13,organic
201307,2026-03-16,paid
201308,2026-03-01,referral
201309,2026-04-10,referral
201310,2026-04-08,paid
201311,2026-03-03,paid
201312,2026-03-12,referral
201313,2026-04-25,organic
201314,2026-03-30,referral
201315,2026-04-23,organic
201316,2026-04-24,paid
201317,2026-03-05,paid
201318,2026-03-13,referral
201319,2026-04-16,referral
201320,2026-03-29,referral
201321,2026-04-02,referral
201322,2026-04-19,referral
201323,2026-03-30,paid
201324,2026-03-11,organic
201325,2026-04-10,referral
201326,2026-03-16,referral
201327,2026-04-01,organic
201328,2026-03-21,referral
201329,2026-03-08,paid
201330,2026-03-03,referral
201331,2026-04-07,paid
201332,2026-03-18,organic
201333,2026-03-20,organic
201334,2026-03-25,referral
201335,2026-03-19,referral
201336,2026-04-10,paid
201337,2026-04-07,referral
201338,2026-03-04,referral
201339,2026-04-21,paid
201340,2026-04-01,referral
201341,2026-04-01,referral
201342,2026-04-09,paid
201343,2026-04-19,paid
201344,2026-04-18,organic
201345,2026-03-19,referral
201346,2026-04-08,referral
201347,2026-04-20,referral
201348,2026-04-09,organic
201349,2026-04-18,organic
201350,2026-03-10,referral
201351,2026-03-25,paid
201352,2026-03-03,referral
201353,2026-03-17,paid
201354,2026-04-14,paid
201355,2026-03-14,organic
201356,2026-03-16,organic
201357,2026-04-24,organic
201358,2026-03-16,referral
201359,2026-03-12,referral
201360,2026-04-25,referral
201361,2026-04-04,paid
201362,2026-03-22,paid
201363,2026-03-11,paid
201364,2026-04-19,referral
201365,2026-03-04,referral
201366,2026-03-15,referral
201367,2026-03-23,referral
201368,2026-03-08,referral
201369,2026-03-19,referral
201370,2026-04-23,referral
201371,2026-03-13,referral
201372,2026-03-24,paid
201373,2026-03-16,referral
201374,2026-03-31,referral
201375,2026-03-31,referral
201376,2026-03-26,referral
201377,2026-03-21,referral
201378,2026-04-04,organic
201379,2026-03-11,organic
201380,2026-03-01,organic
201381,2026-04-09,organic
201382,2026-03-16,organic
201383,2026-03-27,organic
201384,2026-04-03,referral
201385,2026-03-26,paid
201386,2026-03-13,paid
201387,2026-03-12,organic
201388,2026-04-08,organic
201389,2026-03-12,organic
201390,2026-04-16,referral
201391,2026-03-06,organic
201392,2026-04-01,paid
201393,2026-03-03,referral
201394,2026-03-21,paid
201395,2026-04-21,referral
201396,2026-04-16,paid
201397,2026-03-31,referral
201398,2026-03-25,referral
201399,2026-04-11,paid
201400,2026-03-22,paid
201401,2026-03-27,paid
201402,2026-03-20,referral
201403,2026-03-06,referral
201404,2026-04-10,paid
201405,2026-04-20,referral
201406,2026-03-09,referral
201407,2026-03-21,referral
201408,2026-03-02,referral
201409,2026-04-07,organic
201410,2026-04-17,referral
201411,2026-03-11,referral
201412,2026-04-20,referral
201413,2026-04-11,organic
201414,2026-04-19,referral
201415,2026-03-31,referral
201416,2026-03-23,referral
201417,2026-04-21,referral
201418,2026-04-06,referral
201419,2026-04-20,referral
201420,2026-04-03,referral
201421,2026-04-01,paid
201422,2026-03-02,organic
201423,2026-03-22,referral
201424,2026-03-06,paid
201425,2026-03-26,organic
201426,2026-04-22,referral
201427,2026-04-07,paid
201428,2026-04-12,referral
201429,2026-04-24,organic
201430,2026-03-19,referral
201431,2026-03-12,organic
201432,2026-03-08,paid
201433,2026-03-04,referral
201434,2026-03-27,paid
201435,2026-04-12,paid
201436,2026-04-22,referral
201437,2026-04-15,referral
201438,2026-03-19,paid
201439,2026-04-03,referral
201440,2026-03-04,organic
201441,2026-03-20,organic
201442,2026-03-17,organic
201443,2026-03-03,referral
201444,2026-03-18,organic
201445,2026-03-06,referral
201446,2026-04-24,referral
201447,2026-03-05,organic
201448,2026-04-01,referral
201449,2026-03-21,organic
201450,2026-03-22,paid
201451,2026-03-25,paid
201452,2026-04-21,paid
201453,2026-03-30,organic
201454,2026-03-15,referral
201455,2026-04-12,referral
201456,2026-04-20,paid
201457,2026-03-14,referral
201458,2026-04-15,referral
201459,2026-03-21,organic
201460,2026-03-25,referral
201461,2026-04-17,organic
201462,2026-03-11,paid
201463,2026-03-26,referral
201464,2026-03-15,organic
201465,2026-03-26,referral
201466,2026-03-20,referral
201467,2026-03-14,organic
201468,2026-04-04,referral
201469,2026-04-22,paid
201470,2026-03-29,organic
201471,2026-03-12,organic
201472,2026-03-09,organic
201473,2026-04-13,paid
201474,2026-04-04,referral
201475,2026-04-04,organic
201476,2026-03-17,organic
201477,2026-03-01,referral
201478,2026-04-14,organic
201479,2026-03-05,organic
201480,2026-04-19,paid
201481,2026-04-14,organic
201482,2026-04-08,referral
201483,2026-03-23,referral
201484,2026-03-27,paid
201485,2026-03-21,organic
201486,2026-03-17,referral
201487,2026-04-05,referral
201488,2026-03-24,organic
201489,2026-03-06,paid
201490,2026-04-07,paid
201491,2026-04-20,organic
201492,2026-03-14,organic
201493,2026-04-08,referral
201494,2026-04-18,organic
201495,2026-04-09,organic
201496,2026-03-24,organic
201497,2026-04-04,organic
201498,2026-03-13,paid
201499,2026-03-02,organic
201500,2026-04-09,paid
201501,2026-04-16,referral
201502,2026-04-01,organic
201503,2026-03-25,organic
201504,2026-03-19,paid
201505,2026-03-06,referral
201506,2026-04-21,organic
201507,2026-03-05,referral
201508,2026-03-11,referral
201509,2026-04-09,referral
201510,2026-04-24,referral
201511,2026-04-22,referral
201512,2026-04-03,referral
201513,2026-03-11,referral
201514,2026-04-13,referral
201515,2026-03-23,referral
201516,2026-04-03,organic
201517,2026-04-25,referral
201518,2026-03-19,paid
201519,2026-04-23,organic
201520,2026-03-17,referral
201521,2026-03-24,organic
201522,2026-03-25,referral
201523,2026-03-25,organic
201524,2026-04-21,referral
201525,2026-04-18,referral
201526,2026-04-08,organic
201527,2026-04-13,referral
201528,2026-04-13,referral
201529,2026-03-28,organic
201530,2026-03-08,referral
201531,2026-04-10,organic
201532,2026-03-17,organic
201533,2026-03-24,referral
201534,2026-03-21,paid
201535,2026-04-20,referral
201536,2026-04-02,organic
201537,2026-04-18,referral
201538,2026-03-01,referral
201539,2026-04-18,referral
201540,2026-03-29,referral
201541,2026-04-17,referral
201542,2026-04-11,paid
201543,2026-04-19,paid
201544,2026-04-15,organic
201545,2026-04-14,paid
201546,2026-04-19,referral
201547,2026-03-17,paid
201548,2026-04-09,organic
201549,2026-04-04,organic
201550,2026-03-21,referral
201551,2026-04-25,referral
201552,2026-04-06,organic
201553,2026-03-20,referral
201554,2026-03-15,referral
201555,2026-04-06,organic
201556,2026-04-21,referral
201557,2026-03-08,organic
201558,2026-04-02,referral
201559,2026-03-14,organic
201560,2026-03-23,referral
201561,2026-04-22,organic
201562,2026-03-27,referral
201563,2026-03-31,organic
201564,2026-03-03,referral
201565,2026-04-24,referral
201566,2026-04-10,referral
201567,2026-03-22,organic
201568,2026-03-11,referral
201569,2026-03-22,referral
201570,2026-04-05,organic
201571,2026-03-23,paid
201572,2026-04-08,organic
201573,2026-04-10,referral
201574,2026-04-24,organic
201575,2026-03-04,referral
201576,2026-03-28,paid
201577,2026-03-09,paid
201578,2026-04-17,organic
201579,2026-03-15,organic
201580,2026-03-26,referral
201581,2026-04-09,organic
201582,2026-03-27,organic
201583,2026-04-19,paid
201584,2026-03-20,referral
201585,2026-03-18,referral
201586,2026-03-21,paid
201587,2026-04-18,organic
201588,2026-03-25,paid
201589,2026-04-03,organic
201590,2026-03-26,organic
201591,2026-04-09,referral
201592,2026-04-08,organic
201593,2026-03-13,referral
201594,2026-03-08,organic
201595,2026-04-14,organic
201596,2026-03-11,referral
201597,2026-04-17,organic
201598,2026-03-15,referral
201599,2026-04-09,organic
201600,2026-03-04,paid
201601,2026-03-28,organic
201602,2026-03-05,referral
201603,2026-03-26,referral
201604,2026-04-20,paid
201605,2026-04-12,referral
201606,2026-04-09,referral
201607,2026-04-09,paid
201608,2026-03-06,referral
201609,2026-03-22,referral
201610,2026-03-24,organic
201611,2026-04-06,referral
201612,2026-04-22,paid
201613,2026-03-16,referral
201614,2026-03-09,paid
201615,2026-03-19,organic
201616,2026-04-10,referral
201617,2026-03-24,organic
201618,2026-03-03,referral
201619,2026-04-09,referral
201620,2026-04-19,referral
201621,2026-04-18,organic
201622,2026-04-03,organic
201623,2026-03-22,organic
201624,2026-04-20,organic
201625,2026-03-30,organic
201626,2026-03-12,referral
201627,2026-04-03,organic
201628,2026-03-04,organic
201629,2026-04-09,referral
201630,2026-04-16,referral
201631,2026-03-14,paid
201632,2026-03-15,organic
201633,2026-03-25,referral
201634,2026-03-03,organic
201635,2026-03-28,referral
201636,2026-04-12,referral
201637,2026-04-04,organic
201638,2026-03-01,paid
201639,2026-04-23,paid
201640,2026-03-25,organic
201641,2026-03-20,referral
201642,2026-04-18,organic
201643,2026-04-01,referral
201644,2026-03-09,referral
201645,2026-04-24,paid
201646,2026-04-23,referral
201647,2026-04-02,referral
201648,2026-03-20,organic
201649,2026-03-01,organic
201650,2026-03-12,paid
201651,2026-03-22,paid
201652,2026-03-31,referral
201653,2026-04-13,organic
201654,2026-03-26,organic
201655,2026-04-23,organic
201656,2026-03-28,referral
201657,2026-04-20,referral
201658,2026-04-16,referral
201659,2026-04-22,paid
201660,2026-04-14,referral
201661,2026-04-03,referral
201662,2026-03-28,referral
201663,2026-04-05,paid
201664,2026-03-04,referral
201665,2026-04-10,referral
201666,2026-03-21,organic
201667,2026-04-18,organic
201668,2026-04-09,referral
201669,2026-04-10,organic
201670,2026-03-09,referral
201671,2026-03-19,referral
201672,2026-04-24,referral
201673,2026-03-23,referral
201674,2026-04-04,organic
201675,2026-03-17,organic
201676,2026-04-13,organic
201677,2026-03-16,referral
201678,2026-03-10,paid
201679,2026-04-02,organic
201680,2026-04-11,organic
201681,2026-03-17,organic
201682,2026-03-21,paid
201683,2026-03-05,referral
201684,2026-04-10,organic
201685,2026-03-05,organic
201686,2026-03-02,referral
201687,2026-03-03,referral
201688,2026-04-12,referral
201689,2026-03-18,referral
201690,2026-04-05,organic
201691,2026-04-07,referral
201692,2026-04-12,referral
201693,2026-04-14,paid
201694,2026-04-12,paid
201695,2026-03-24,paid
201696,2026-04-24,paid
201697,2026-03-20,referral
201698,2026-04-13,organic
201699,2026-03-29,paid
201700,2026-03-22,paid
201701,2026-04-05,referral
201702,2026-03-09,referral
201703,2026-04-15,organic
201704,2026-04-13,referral
201705,2026-04-10,referral
201706,2026-03-03,referral
201707,2026-04-02,referral
201708,2026-03-28,referral
201709,2026-04-10,paid
201710,2026-04-17,referral
201711,2026-03-13,referral
201712,2026-03-27,organic
201713,2026-03-27,referral
201714,2026-04-20,referral
201715,2026-03-26,referral
201716,2026-04-21,referral
201717,2026-04-15,referral
201718,2026-04-23,paid
201719,2026-04-06,organic
201720,2026-03-02,referral
201721,2026-04-03,paid
201722,2026-04-24,organic
201723,2026-03-04,paid
201724,2026-03-17,organic
201725,2026-03-29,referral
201726,2026-03-24,organic
201727,2026-04-09,organic
201728,2026-04-13,paid
201729,2026-03-06,organic
201730,2026-04-10,referral
201731,2026-04-03,referral
201732,2026-03-11,organic
201733,2026-03-09,referral
201734,2026-03-06,referral
201735,2026-03-12,referral
201736,2026-03-13,referral
201737,2026-04-05,paid
201738,2026-04-09,referral
201739,2026-03-13,organic
201740,2026-03-05,organic
201741,2026-04-07,referral
201742,2026-03-26,referral
201743,2026-03-27,organic
201744,2026-03-27,paid
201745,2026-03-02,referral
201746,2026-03-27,paid
201747,2026-03-26,referral
201748,2026-03-14,organic
201749,2026-03-20,organic
201750,2026-03-02,referral
201751,2026-04-12,referral
201752,2026-03-31,referral
201753,2026-04-09,referral
201754,2026-04-12,organic
201755,2026-04-18,paid
201756,2026-03-31,referral
201757,2026-03-21,organic
201758,2026-03-17,referral
201759,2026-04-10,referral
201760,2026-04-02,referral
201761,2026-03-29,organic
201762,2026-03-20,referral
201763,2026-03-28,paid
201764,2026-04-23,paid
201765,2026-04-05,referral
201766,2026-03-14,paid
201767,2026-03-24,referral
201768,2026-03-15,referral
201769,2026-04-01,referral
201770,2026-03-24,referral
201771,2026-04-13,referral
201772,2026-03-01,organic
201773,2026-03-08,organic
201774,2026-04-22,referral
201775,2026-03-01,referral
201776,2026-03-03,organic
201777,2026-03-08,referral
201778,2026-04-13,organic
201779,2026-03-28,paid
201780,2026-03-03,referral
201781,2026-04-12,paid
201782,2026-04-10,organic
201783,2026-04-12,organic
201784,2026-03-04,organic
201785,2026-04-22,referral
201786,2026-03-16,organic
201787,2026-03-22,referral
201788,2026-04-25,referral
201789,2026-03-11,organic
201790,2026-03-26,organic
201791,2026-03-27,referral
201792,2026-04-12,paid
201793,2026-03-06,referral
201794,2026-03-31,paid
201795,2026-03-31,paid
201796,2026-04-17,paid
201797,2026-04-24,referral
201798,2026-03-03,paid
201799,2026-03-15,organic
201800,2026-03-25,referral
201801,2026-03-18,referral
201802,2026-03-19,organic
201803,2026-03-16,referral
201804,2026-04-25,referral
201805,2026-04-17,referral
201806,2026-04-17,organic
201807,2026-04-03,referral
201808,2026-03-08,referral
201809,2026-03-07,referral
201810,2026-03-11,organic
201811,2026-03-16,referral
201812,2026-04-01,organic
201813,2026-04-10,referral
201814,2026-04-18,organic
201815,2026-04-23,referral
201816,2026-03-01,referral
201817,2026-03-20,referral
201818,2026-04-12,organic
201819,2026-04-24,referral
201820,2026-03-04,paid
201821,2026-04-21,paid
201822,2026-04-18,organic
201823,2026-03-01,organic
201824,2026-03-23,referral
201825,2026-03-12,referral
201826,2026-04-19,paid
201827,2026-03-27,organic
201828,2026-03-04,organic
201829,2026-03-25,referral
201830,2026-04-19,referral
201831,2026-04-20,referral
201832,2026-03-29,organic
201833,2026-03-29,referral
201834,2026-04-21,organic
201835,2026-04-10,paid
201836,2026-03-01,referral
201837,2026-04-15,organic
201838,2026-03-20,organic
201839,2026-03-12,organic
201840,2026-04-02,paid
201841,2026-03-26,referral
201842,2026-04-25,organic
201843,2026-04-05,referral
201844,2026-04-19,paid
201845,2026-04-05,organic
201846,2026-04-06,referral
201847,2026-03-04,organic
201848,2026-03-08,paid
201849,2026-04-08,referral
201850,2026-04-17,paid
201851,2026-03-10,organic
201852,2026-04-23,paid
201853,2026-03-22,referral
201854,2026-03-30,organic
201855,2026-04-14,organic
201856,2026-04-20,referral
201857,2026-03-12,referral
201858,2026-03-29,referral
201859,2026-03-14,referral
201860,2026-03-24,organic
201861,2026-03-03,referral
201862,2026-04-19,paid
201863,2026-04-06,referral
201864,2026-04-09,paid
201865,2026-03-05,paid
201866,2026-03-05,referral
201867,2026-03-14,organic
201868,2026-04-08,organic
201869,2026-03-18,referral
201870,2026-03-02,paid
201871,2026-03-06,referral
201872,2026-03-06,paid
201873,2026-04-24,paid
201874,2026-03-12,organic
201875,2026-04-23,referral
201876,2026-03-01,referral
201877,2026-03-20,referral
201878,2026-03-07,referral
201879,2026-03-12,referral
201880,2026-03-09,referral
201881,2026-04-17,paid
201882,2026-03-16,organic
201883,2026-04-14,referral
201884,2026-03-26,referral
201885,2026-04-17,referral
201886,2026-04-23,referral
201887,2026-03-25,referral
201888,2026-04-21,paid
201889,2026-03-24,organic
201890,2026-03-30,referral
201891,2026-03-31,paid
201892,2026-03-23,paid
201893,2026-03-04,organic
201894,2026-03-17,paid
201895,2026-04-17,referral
201896,2026-04-10,referral
201897,2026-03-24,referral
201898,2026-04-17,organic
201899,2026-04-02,organic
201900,2026-03-25,paid
201901,2026-03-11,paid
201902,2026-03-11,referral
201903,2026-03-29,referral
201904,2026-04-17,organic
201905,2026-04-01,referral
201906,2026-04-04,referral
201907,2026-04-19,organic
201908,2026-03-24,organic
201909,2026-04-05,referral
201910,2026-04-12,organic
201911,2026-04-25,organic
201912,2026-03-14,organic
201913,2026-04-13,paid
201914,2026-04-07,referral
201915,2026-04-04,organic
201916,2026-04-13,referral
201917,2026-03-07,paid
201918,2026-04-02,referral
201919,2026-04-02,referral
201920,2026-04-20,referral
201921,2026-03-23,referral
201922,2026-04-15,paid
201923,2026-03-23,organic
201924,2026-03-26,referral
201925,2026-04-19,paid
201926,2026-03-20,organic
201927,2026-04-14,organic
201928,2026-03-24,referral
201929,2026-04-04,referral
201930,2026-03-22,referral
201931,2026-03-18,paid
201932,2026-04-04,referral
201933,2026-04-17,referral
201934,2026-03-31,referral
201935,2026-04-21,referral
201936,2026-04-13,organic
201937,2026-04-24,referral
201938,2026-03-13,referral
201939,2026-03-19,organic
201940,2026-03-02,referral
201941,2026-03-28,organic
201942,2026-04-15,organic
201943,2026-03-30,organic
201944,2026-04-04,organic
201945,2026-03-02,referral
201946,2026-04-04,paid
201947,2026-03-02,paid
201948,2026-03-26,referral
201949,2026-04-19,organic
201950,2026-04-12,organic
201951,2026-03-08,referral
201952,2026-03-17,referral
201953,2026-03-31,paid
201954,2026-04-20,paid
201955,2026-03-17,referral
201956,2026-04-10,referral
201957,2026-04-11,referral
201958,2026-03-28,referral
201959,2026-03-20,organic
201960,2026-04-20,referral
201961,2026-03-21,organic
201962,2026-03-15,paid
201963,2026-04-16,referral
201964,2026-04-24,paid
201965,2026-04-12,referral
201966,2026-03-24,referral
201967,2026-03-13,referral
201968,2026-04-08,organic
201969,2026-04-01,organic
201970,2026-03-21,referral
201971,2026-03-20,referral
201972,2026-04-22,organic
201973,2026-03-23,organic
201974,2026-03-26,paid
201975,2026-03-24,referral
201976,2026-04-23,referral
201977,2026-03-20,paid
201978,2026-03-28,organic
201979,2026-04-23,organic
201980,2026-03-18,organic
201981,2026-03-27,organic
201982,2026-04-18,referral
201983,2026-04-06,referral
201984,2026-03-17,organic
201985,2026-03-12,paid
201986,2026-03-22,referral
201987,2026-04-01,referral
201988,2026-03-02,referral
201989,2026-03-08,paid
201990,2026-03-04,organic
201991,2026-03-09,referral
201992,2026-03-17,organic
201993,2026-04-19,organic
201994,2026-04-18,organic
201995,2026-03-29,organic
201996,2026-03-22,referral
201997,2026-03-12,paid
201998,2026-04-14,paid
201999,2026-04-16,organic
202000,2026-03-16,referral
202001,2026-03-03,referral
202002,2026-03-22,paid
202003,2026-04-20,referral
202004,2026-03-15,paid
202005,2026-04-24,referral
202006,2026-03-24,paid
202007,2026-04-25,paid
202008,2026-04-19,organic
202009,2026-03-23,organic
202010,2026-04-08,referral
202011,2026-03-11,organic
202012,2026-03-23,referral
202013,2026-04-13,referral
202014,2026-03-01,organic
202015,2026-03-18,referral
202016,2026-03-26,referral
202017,2026-03-28,referral
202018,2026-03-11,paid
202019,2026-04-21,organic
202020,2026-03-23,organic
202021,2026-04-03,paid
202022,2026-04-23,referral
202023,2026-04-02,organic
202024,2026-03-08,organic
202025,2026-04-24,referral
202026,2026-03-26,referral
202027,2026-03-30,organic
202028,2026-04-16,organic
202029,2026-03-04,referral
202030,2026-03-27,referral
202031,2026-04-05,referral
202032,2026-04-20,paid
202033,2026-04-21,organic
202034,2026-03-04,paid
202035,2026-04-13,referral
202036,2026-03-04,organic
202037,2026-03-13,referral
202038,2026-04-16,referral
202039,2026-04-08,paid
202040,2026-03-22,referral
202041,2026-04-20,referral
202042,2026-04-20,referral
202043,2026-03-29,organic
202044,2026-03-04,referral
202045,2026-03-13,referral
202046,2026-03-20,referral
202047,2026-04-07,organic
202048,2026-03-08,paid
202049,2026-04-08,paid
202050,2026-03-29,paid
202051,2026-03-18,organic
202052,2026-03-01,referral
202053,2026-04-18,referral
202054,2026-03-12,referral
202055,2026-03-25,referral
202056,2026-03-29,organic
202057,2026-03-19,paid
202058,2026-03-03,referral
202059,2026-03-17,organic
202060,2026-04-11,paid
202061,2026-03-22,referral
202062,2026-04-22,organic
202063,2026-04-15,referral
202064,2026-04-08,organic
202065,2026-03-20,organic
202066,2026-03-27,referral
202067,2026-04-12,referral
202068,2026-04-01,referral
202069,2026-04-19,organic
202070,2026-04-22,paid
202071,2026-03-04,organic
202072,2026-03-03,referral
202073,2026-03-27,referral
202074,2026-04-09,referral
202075,2026-04-04,paid
202076,2026-04-24,organic
202077,2026-04-16,organic
202078,2026-03-18,referral
202079,2026-03-03,referral
202080,2026-04-13,organic
202081,2026-03-18,organic
202082,2026-03-09,referral
202083,2026-03-29,paid
202084,2026-04-06,referral
202085,2026-04-23,organic
202086,2026-04-10,paid
202087,2026-03-23,paid
202088,2026-04-19,referral
202089,2026-03-07,referral
202090,2026-03-05,organic
202091,2026-03-15,referral
202092,2026-03-23,referral
202093,2026-03-28,organic
202094,2026-04-05,referral
202095,2026-03-24,referral
202096,2026-03-15,paid
202097,2026-03-20,paid
202098,2026-03-31,referral
202099,2026-04-02,referral
202100,2026-03-27,referral
202101,2026-03-27,referral
202102,2026-04-22,organic
202103,2026-03-19,paid
202104,2026-04-22,referral
202105,2026-03-28,paid
202106,2026-04-11,organic
202107,2026-03-11,referral
202108,2026-04-09,organic
202109,2026-04-17,paid
202110,2026-04-20,referral
202111,2026-03-08,referral
202112,2026-03-02,paid
202113,2026-04-15,referral
202114,2026-03-27,organic
202115,2026-03-15,referral
202116,2026-04-16,organic
202117,2026-03-12,referral
202118,2026-04-12,organic
202119,2026-03-17,organic
202120,2026-03-09,organic
202121,2026-04-13,referral
202122,2026-04-14,organic
202123,2026-04-15,organic
202124,2026-04-18,referral
202125,2026-04-16,referral
202126,2026-03-29,referral
202127,2026-04-18,referral
202128,2026-03-03,organic
202129,2026-03-17,referral
202130,2026-03-28,referral
202131,2026-03-10,referral
202132,2026-03-13,organic
202133,2026-03-21,referral
202134,2026-03-03,paid
202135,2026-03-18,organic
202136,2026-03-12,organic
202137,2026-03-20,referral
202138,2026-04-19,referral
202139,2026-04-15,referral
202140,2026-04-05,referral
202141,2026-04-25,referral
202142,2026-03-06,referral
202143,2026-04-19,referral
202144,2026-04-05,organic
202145,2026-04-23,referral
202146,2026-03-16,paid
202147,2026-04-01,organic
202148,2026-04-04,referral
202149,2026-03-05,paid
202150,2026-04-08,referral
202151,2026-04-17,organic
202152,2026-04-11,organic
202153,2026-03-09,referral
202154,2026-04-14,referral
202155,2026-03-24,referral
202156,2026-04-25,organic
202157,2026-03-26,organic
202158,2026-04-04,paid
202159,2026-04-19,organic
202160,2026-03-14,referral
202161,2026-04-13,paid
202162,2026-04-01,referral
202163,2026-04-14,referral
202164,2026-03-10,referral
202165,2026-04-14,organic
202166,2026-03-06,organic
202167,2026-04-02,referral
202168,2026-03-18,organic
202169,2026-03-11,organic
202170,2026-03-24,organic
202171,2026-04-08,referral
202172,2026-03-13,organic
202173,2026-03-09,organic
202174,2026-04-13,referral
202175,2026-03-24,referral
202176,2026-03-11,referral
202177,2026-03-10,paid
202178,2026-03-17,referral
202179,2026-03-08,referral
202180,2026-04-19,organic
202181,2026-04-05,referral
202182,2026-04-20,referral
202183,2026-04-11,referral
202184,2026-04-18,organic
202185,2026-03-07,referral
202186,2026-03-11,organic
202187,2026-03-19,organic
202188,2026-03-21,organic
202189,2026-04-09,referral
202190,2026-03-27,organic
202191,2026-03-02,paid
202192,2026-04-11,referral
202193,2026-03-02,referral
202194,2026-04-10,referral
202195,2026-03-21,referral
202196,2026-03-13,organic
202197,2026-04-19,referral
202198,2026-04-16,referral
202199,2026-03-29,referral
202200,2026-03-28,organic
202201,2026-04-22,referral
202202,2026-03-18,referral
202203,2026-03-20,paid
202204,2026-03-15,referral
202205,2026-04-19,organic
202206,2026-04-03,referral
202207,2026-03-08,organic
202208,2026-03-18,organic
202209,2026-03-10,referral
202210,2026-03-02,referral
202211,2026-04-12,referral
202212,2026-04-21,referral
202213,2026-04-07,organic
202214,2026-03-03,paid
202215,2026-03-08,referral
202216,2026-04-22,organic
202217,2026-03-16,referral
202218,2026-04-01,paid
202219,2026-04-12,referral
202220,2026-04-16,referral
202221,2026-03-30,paid
202222,2026-04-23,organic
202223,2026-03-07,referral
202224,2026-04-10,referral
202225,2026-04-15,organic
202226,2026-03-28,referral
202227,2026-03-09,referral
202228,2026-03-02,referral
202229,2026-04-13,referral
202230,2026-03-03,referral
202231,2026-03-21,paid
202232,2026-03-06,organic
202233,2026-04-06,referral
202234,2026-03-26,referral
202235,2026-03-06,referral
202236,2026-04-11,organic
202237,2026-03-02,referral
202238,2026-03-02,referral
202239,2026-03-31,paid
202240,2026-03-31,referral
202241,2026-03-23,paid
202242,2026-03-30,organic
202243,2026-04-21,paid
202244,2026-04-14,referral
202245,2026-04-21,organic
202246,2026-04-16,paid
202247,2026-04-03,paid
202248,2026-03-02,referral
202249,2026-04-22,organic
202250,2026-04-16,referral
202251,2026-03-02,referral
202252,2026-04-10,organic
202253,2026-03-22,organic
202254,2026-04-07,referral
202255,2026-03-01,paid
202256,2026-03-12,referral
202257,2026-04-15,organic
202258,2026-03-05,paid
202259,2026-04-20,organic
202260,2026-04-18,referral
202261,2026-03-26,organic
202262,2026-03-20,paid
202263,2026-03-22,paid
202264,2026-04-23,paid
202265,2026-04-21,paid
202266,2026-03-05,organic
202267,2026-03-18,organic
202268,2026-03-31,referral
202269,2026-03-16,paid
202270,2026-03-04,paid
202271,2026-03-15,referral
202272,2026-03-14,paid
202273,2026-03-19,paid
202274,2026-04-15,referral
202275,2026-03-07,organic
202276,2026-04-11,referral
202277,2026-03-10,organic
202278,2026-04-08,organic
202279,2026-04-23,organic
202280,2026-03-02,referral
202281,2026-04-14,organic
202282,2026-04-15,referral
202283,2026-04-16,referral
202284,2026-03-31,referral
202285,2026-03-17,organic
202286,2026-03-22,paid
202287,2026-03-13,referral
202288,2026-03-26,referral
202289,2026-04-01,referral
202290,2026-03-06,paid
202291,2026-04-08,organic
202292,2026-03-11,referral
202293,2026-03-26,referral
202294,2026-04-06,referral
202295,2026-04-18,referral
202296,2026-03-17,paid
202297,2026-03-11,organic
202298,2026-03-20,referral
202299,2026-03-26,organic
202300,2026-03-08,referral
202301,2026-04-19,referral
202302,2026-04-10,referral
202303,2026-04-21,referral
202304,2026-03-13,referral
202305,2026-04-04,referral
202306,2026-03-14,organic
202307,2026-04-23,paid
202308,2026-03-11,referral
202309,2026-04-09,organic
202310,2026-03-12,paid
202311,2026-03-08,referral
202312,2026-03-03,referral
202313,2026-04-03,referral
202314,2026-04-11,paid
202315,2026-03-18,referral
202316,2026-03-02,referral
202317,2026-03-03,referral
202318,2026-03-15,organic
202319,2026-03-10,organic
202320,2026-03-21,organic
202321,2026-03-08,referral
202322,2026-03-22,paid
202323,2026-04-21,paid
202324,2026-03-13,paid
202325,2026-03-22,paid
202326,2026-03-18,referral
202327,2026-03-31,referral
202328,2026-04-14,organic
202329,2026-03-07,organic
202330,2026-04-06,organic
202331,2026-03-27,organic
202332,2026-04-05,referral
202333,2026-03-20,referral
202334,2026-03-30,referral
202335,2026-04-13,organic
202336,2026-04-01,organic
202337,2026-04-07,paid
202338,2026-03-17,organic
202339,2026-03-08,organic
202340,2026-03-08,referral
202341,2026-03-18,organic
202342,2026-03-31,referral
202343,2026-03-02,paid
202344,2026-04-21,organic
202345,2026-04-21,referral
202346,2026-03-10,referral
202347,2026-04-06,referral
202348,2026-04-10,referral
202349,2026-04-11,referral
202350,2026-03-28,referral
202351,2026-03-28,organic
202352,2026-04-13,referral
202353,2026-03-27,organic
202354,2026-04-06,referral
202355,2026-03-22,referral
202356,2026-04-18,organic
202357,2026-04-20,referral
202358,2026-03-31,referral
202359,2026-04-08,organic
202360,2026-03-11,referral
202361,2026-03-23,organic
202362,2026-03-19,organic
202363,2026-03-11,referral
202364,2026-04-03,referral
202365,2026-04-01,referral
202366,2026-03-23,organic
202367,2026-03-02,referral
202368,2026-04-05,referral
202369,2026-03-18,referral
202370,2026-03-26,paid
202371,2026-04-03,referral
202372,2026-04-09,referral
202373,2026-03-29,referral
202374,2026-03-31,referral
202375,2026-04-04,referral
202376,2026-03-17,referral
202377,2026-03-02,referral
202378,2026-04-22,paid
202379,2026-04-16,organic
202380,2026-04-24,referral
202381,2026-03-05,paid
202382,2026-03-16,referral
202383,2026-03-11,referral
202384,2026-03-01,referral
202385,2026-04-14,referral
202386,2026-03-31,organic
202387,2026-03-22,organic
202388,2026-04-22,paid
202389,2026-03-18,referral
202390,2026-03-11,referral
202391,2026-03-28,referral
202392,2026-04-25,paid
202393,2026-03-20,organic
202394,2026-03-28,referral
202395,2026-03-01,referral
202396,2026-03-12,referral
202397,2026-03-15,paid
202398,2026-03-26,referral
202399,2026-03-18,referral
202400,2026-04-12,referral
202401,2026-03-20,referral
202402,2026-04-24,paid
202403,2026-04-08,referral
202404,2026-04-14,organic
202405,2026-03-27,organic
202406,2026-04-05,organic
202407,2026-04-12,organic
202408,2026-03-30,organic
202409,2026-03-05,referral
202410,2026-03-28,referral
202411,2026-03-13,referral
202412,2026-03-07,organic
202413,2026-03-09,paid
202414,2026-03-03,paid
202415,2026-03-23,referral
202416,2026-04-21,referral
202417,2026-04-11,referral
202418,2026-04-03,referral
202419,2026-03-28,organic
202420,2026-04-02,referral
202421,2026-04-01,organic
202422,2026-03-12,referral
202423,2026-03-11,paid
202424,2026-04-07,organic
202425,2026-03-27,organic
202426,2026-04-25,referral
202427,2026-04-19,organic
202428,2026-03-29,paid
202429,2026-03-26,organic
202430,2026-03-16,paid
202431,2026-04-01,referral
202432,2026-03-09,paid
202433,2026-03-15,referral
202434,2026-04-09,organic
202435,2026-04-11,referral
202436,2026-04-13,referral
202437,2026-03-24,organic
202438,2026-03-11,referral
202439,2026-04-20,organic
202440,2026-04-15,paid
202441,2026-03-30,paid
202442,2026-03-29,referral
202443,2026-04-02,organic
202444,2026-03-22,organic
202445,2026-03-19,paid
202446,2026-03-31,referral
202447,2026-03-30,organic
202448,2026-04-07,referral
202449,2026-03-20,referral
202450,2026-04-06,paid
202451,2026-03-13,referral
202452,2026-03-24,paid
202453,2026-03-22,organic
202454,2026-03-02,paid
202455,2026-03-02,paid
202456,2026-04-03,organic
202457,2026-03-03,referral
202458,2026-03-21,referral
202459,2026-04-09,referral
202460,2026-04-20,referral
202461,2026-04-21,paid
202462,2026-03-05,organic
202463,2026-04-12,referral
202464,2026-04-07,referral
202465,2026-04-02,organic
202466,2026-04-05,referral
202467,2026-03-11,referral
202468,2026-04-21,organic
202469,2026-03-22,referral
202470,2026-03-06,referral
202471,2026-04-16,paid
202472,2026-03-21,referral
202473,2026-04-04,referral
202474,2026-04-07,referral
202475,2026-03-15,referral
202476,2026-03-06,organic
202477,2026-03-07,referral
202478,2026-03-06,organic
202479,2026-04-11,organic
202480,2026-04-10,organic
202481,2026-04-04,paid
202482,2026-03-10,paid
202483,2026-04-06,referral
202484,2026-04-03,organic
202485,2026-03-12,referral
202486,2026-03-11,referral
202487,2026-04-03,referral
202488,2026-04-07,referral
202489,2026-03-04,organic
202490,2026-03-03,organic
202491,2026-03-29,paid
202492,2026-03-03,organic
202493,2026-03-26,organic
202494,2026-03-02,organic
202495,2026-03-02,referral
202496,2026-04-17,organic
202497,2026-03-27,organic
202498,2026-04-25,organic
202499,2026-04-06,referral
202500,2026-04-09,paid
202501,2026-03-23,organic
202502,2026-04-12,referral
202503,2026-03-31,referral
202504,2026-03-21,paid
202505,2026-03-17,referral
202506,2026-03-22,organic
202507,2026-03-06,organic
202508,2026-03-13,organic
202509,2026-03-26,paid
202510,2026-03-27,organic
202511,2026-03-23,referral
202512,2026-04-25,organic
202513,2026-04-24,paid
202514,2026-03-15,referral
202515,2026-03-10,paid
202516,2026-03-07,organic
202517,2026-04-21,organic
202518,2026-04-04,organic
202519,2026-03-10,organic
202520,2026-03-08,referral
202521,2026-04-04,referral
202522,2026-04-13,referral
202523,2026-03-30,referral
202524,2026-04-25,referral
202525,2026-04-01,paid
202526,2026-03-26,paid
202527,2026-03-14,paid
202528,2026-03-10,organic
202529,2026-04-16,organic
202530,2026-04-07,referral
202531,2026-03-31,referral
202532,2026-04-21,referral
202533,2026-04-12,organic
202534,2026-04-13,organic
202535,2026-03-03,paid
202536,2026-03-31,referral
202537,2026-03-07,paid
202538,2026-04-10,organic
202539,2026-03-20,referral
202540,2026-04-15,organic
202541,2026-03-11,organic
202542,2026-03-06,organic
202543,2026-04-01,paid
202544,2026-04-06,organic
202545,2026-03-19,referral
202546,2026-04-16,referral
202547,2026-04-18,organic
202548,2026-03-16,referral
202549,2026-04-16,organic
202550,2026-03-14,organic
202551,2026-04-10,organic
202552,2026-03-09,referral
202553,2026-04-17,organic
202554,2026-04-23,organic
202555,2026-04-12,paid
202556,2026-03-05,referral
202557,2026-03-19,organic
202558,2026-04-03,organic
202559,2026-03-12,referral
202560,2026-04-14,paid
202561,2026-03-04,referral
202562,2026-03-17,referral
202563,2026-04-08,referral
202564,2026-03-09,paid
202565,2026-03-03,referral
202566,2026-04-21,paid
202567,2026-04-03,paid
202568,2026-04-10,organic
202569,2026-03-19,organic
202570,2026-03-02,organic
202571,2026-03-30,paid
202572,2026-04-11,paid
202573,2026-04-13,paid
202574,2026-04-06,referral
202575,2026-03-21,referral
202576,2026-03-24,paid
202577,2026-03-23,referral
202578,2026-03-25,referral
202579,2026-03-18,organic
202580,2026-04-19,referral
202581,2026-04-17,referral
202582,2026-04-08,referral
202583,2026-04-16,referral
202584,2026-03-09,referral
202585,2026-04-18,referral
202586,2026-03-25,referral
202587,2026-03-14,paid
202588,2026-03-29,paid
202589,2026-04-06,referral
202590,2026-03-12,referral
202591,2026-03-02,referral
202592,2026-03-17,paid
202593,2026-04-20,referral
202594,2026-04-16,referral
202595,2026-03-15,organic
202596,2026-04-13,referral
202597,2026-04-09,referral
202598,2026-03-13,referral
202599,2026-03-10,organic
202600,2026-04-06,paid
202601,2026-03-11,referral
202602,2026-04-03,paid
202603,2026-04-13,referral
202604,2026-03-24,organic
202605,2026-03-08,referral
202606,2026-04-22,organic
202607,2026-03-24,referral
202608,2026-04-22,referral
202609,2026-04-08,organic
202610,2026-03-25,organic
202611,2026-04-14,organic
202612,2026-03-06,referral
202613,2026-03-11,referral
202614,2026-03-09,referral
202615,2026-03-23,organic
202616,2026-04-18,referral
202617,2026-03-09,referral
202618,2026-03-20,paid
202619,2026-04-19,organic
202620,2026-03-18,organic
202621,2026-04-02,paid
202622,2026-04-09,referral
202623,2026-03-20,referral
202624,2026-04-22,referral
202625,2026-04-04,paid
202626,2026-04-15,organic
202627,2026-03-02,paid
202628,2026-03-03,referral
202629,2026-04-14,referral
202630,2026-03-18,paid
202631,2026-03-03,referral
202632,2026-04-19,organic
202633,2026-03-05,paid
202634,2026-03-27,organic
202635,2026-03-31,organic
202636,2026-04-23,organic
202637,2026-04-19,referral
202638,2026-04-13,paid
202639,2026-03-23,paid
202640,2026-04-22,paid
202641,2026-04-21,paid
202642,2026-03-31,organic
202643,2026-04-03,paid
202644,2026-03-06,referral
202645,2026-04-17,referral
202646,2026-03-26,organic
202647,2026-04-25,referral
202648,2026-04-11,referral
202649,2026-04-16,referral
202650,2026-03-04,referral
202651,2026-03-17,organic
202652,2026-03-21,referral
202653,2026-03-27,referral
202654,2026-03-27,referral
202655,2026-04-02,referral
202656,2026-04-03,organic
202657,2026-03-17,organic
202658,2026-03-15,paid
202659,2026-04-22,organic
202660,2026-03-18,organic
202661,2026-04-22,referral
202662,2026-03-14,referral
202663,2026-03-19,referral
202664,2026-04-01,referral
202665,2026-04-12,referral
202666,2026-04-22,referral
202667,2026-03-18,referral
202668,2026-03-07,paid
202669,2026-03-29,referral
202670,2026-03-18,paid
202671,2026-03-27,paid
202672,2026-03-14,referral
202673,2026-03-04,organic
202674,2026-03-27,referral
202675,2026-04-14,organic
202676,2026-03-11,referral
202677,2026-03-23,organic
202678,2026-04-02,referral
202679,2026-03-04,organic
202680,2026-03-11,organic
202681,2026-03-06,referral
202682,2026-04-01,referral
202683,2026-04-17,referral
202684,2026-04-25,paid
202685,2026-04-11,paid
202686,2026-04-19,referral
202687,2026-04-14,referral
202688,2026-03-21,paid
202689,2026-04-20,organic
202690,2026-03-10,paid
202691,2026-03-29,referral
202692,2026-03-16,paid
202693,2026-04-19,referral
202694,2026-04-20,organic
202695,2026-04-10,referral
202696,2026-03-06,referral
202697,2026-03-25,referral
202698,2026-03-24,organic
202699,2026-03-19,organic
202700,2026-04-20,organic
202701,2026-03-31,organic
202702,2026-04-17,referral
202703,2026-04-14,organic
202704,2026-03-01,organic
202705,2026-04-05,referral
202706,2026-03-10,referral
202707,2026-03-31,referral
202708,2026-04-01,referral
202709,2026-03-26,organic
202710,2026-04-24,referral
202711,2026-03-21,referral
202712,2026-04-10,referral
202713,2026-04-25,referral
202714,2026-04-10,paid
202715,2026-04-10,referral
202716,2026-04-25,organic
202717,2026-04-01,organic
202718,2026-03-08,referral
202719,2026-03-28,referral
202720,2026-04-04,referral
202721,2026-04-21,referral
202722,2026-04-21,organic
202723,2026-04-23,organic
202724,2026-03-02,paid
202725,2026-04-07,referral
202726,2026-03-18,organic
202727,2026-04-11,referral
202728,2026-03-07,referral
202729,2026-03-09,referral
202730,2026-03-08,referral
202731,2026-04-07,paid
202732,2026-03-12,organic
202733,2026-04-24,paid
202734,2026-03-13,organic
202735,2026-03-14,organic
202736,2026-03-14,organic
202737,2026-03-30,paid
202738,2026-04-16,organic
202739,2026-03-03,referral
202740,2026-04-19,referral
202741,2026-04-23,referral
202742,2026-03-18,paid
202743,2026-03-27,referral
202744,2026-03-05,organic
202745,2026-03-22,organic
202746,2026-03-25,organic
202747,2026-03-23,referral
202748,2026-04-01,referral
202749,2026-03-16,referral
202750,2026-04-09,paid
202751,2026-04-18,referral
202752,2026-04-03,referral
202753,2026-03-03,paid
202754,2026-04-11,referral
202755,2026-04-03,referral
202756,2026-04-24,referral
202757,2026-04-21,referral
202758,2026-04-24,referral
202759,2026-03-19,paid
202760,2026-04-08,organic
202761,2026-03-22,referral
202762,2026-04-25,paid
202763,2026-04-14,organic
202764,2026-04-24,referral
202765,2026-04-07,organic
202766,2026-03-16,referral
202767,2026-03-03,referral
202768,2026-04-11,referral
202769,2026-03-28,referral
202770,2026-03-12,paid
202771,2026-03-07,referral
202772,2026-04-24,paid
202773,2026-04-07,organic
202774,2026-03-14,organic
202775,2026-03-22,referral
202776,2026-04-17,referral
202777,2026-04-07,organic
202778,2026-04-24,referral
202779,2026-03-06,paid
202780,2026-04-25,paid
202781,2026-03-12,referral
202782,2026-04-05,organic
202783,2026-03-23,organic
202784,2026-04-17,referral
202785,2026-04-23,organic
202786,2026-03-19,referral
202787,2026-03-06,referral
202788,2026-04-17,paid
202789,2026-03-12,paid
202790,2026-03-10,paid
202791,2026-04-03,referral
202792,2026-03-15,organic
202793,2026-03-17,referral
202794,2026-03-20,referral
202795,2026-03-21,paid
202796,2026-04-15,organic
202797,2026-03-02,organic
202798,2026-04-04,paid
202799,2026-04-21,paid
202800,2026-03-18,referral
202801,2026-03-31,organic
202802,2026-03-09,organic
202803,2026-03-27,referral
202804,2026-03-05,organic
202805,2026-04-25,organic
202806,2026-03-02,referral
202807,2026-04-16,paid
202808,2026-04-24,organic
202809,2026-04-05,paid
202810,2026-03-09,referral
202811,2026-03-09,referral
202812,2026-03-01,referral
202813,2026-03-20,paid
202814,2026-03-23,organic
202815,2026-04-24,organic
202816,2026-03-21,organic
202817,2026-03-07,organic
202818,2026-03-07,organic
202819,2026-04-05,referral
202820,2026-04-20,organic
202821,2026-04-05,referral
202822,2026-03-28,referral
202823,2026-04-21,referral
202824,2026-04-16,paid
202825,2026-03-07,referral
202826,2026-03-06,paid
202827,2026-04-10,organic
202828,2026-03-26,referral
202829,2026-04-20,referral
202830,2026-04-06,organic
202831,2026-04-03,organic
202832,2026-04-13,referral
202833,2026-04-21,referral
202834,2026-04-19,referral
202835,2026-03-10,organic
202836,2026-04-04,organic
202837,2026-04-03,organic
202838,2026-03-23,paid
202839,2026-03-11,organic
202840,2026-03-12,referral
202841,2026-04-07,paid
202842,2026-03-28,paid
202843,2026-03-07,referral
202844,2026-03-07,referral
202845,2026-04-06,paid
202846,2026-03-22,referral
202847,2026-04-09,organic
202848,2026-03-05,organic
202849,2026-03-20,referral
202850,2026-03-18,paid
202851,2026-03-16,referral
202852,2026-04-05,referral
202853,2026-03-09,referral
202854,2026-03-04,referral
202855,2026-04-14,organic
202856,2026-03-21,organic
202857,2026-04-19,paid
202858,2026-03-09,referral
202859,2026-04-17,referral
202860,2026-03-03,referral
202861,2026-03-09,paid
202862,2026-03-23,organic
202863,2026-04-13,organic
202864,2026-03-25,referral
202865,2026-03-25,organic
202866,2026-04-14,organic
202867,2026-04-04,paid
202868,2026-04-22,paid
202869,2026-04-02,organic
202870,2026-04-15,paid
202871,2026-04-08,referral
202872,2026-03-14,referral
202873,2026-03-03,referral
202874,2026-04-12,paid
202875,2026-03-23,organic
202876,2026-04-02,referral
202877,2026-03-18,referral
202878,2026-03-06,organic
202879,2026-03-10,referral
202880,2026-04-03,paid
202881,2026-04-01,organic
202882,2026-03-24,organic
202883,2026-03-20,paid
202884,2026-04-25,paid
202885,2026-03-28,referral
202886,2026-03-06,referral
202887,2026-03-26,referral
202888,2026-04-04,organic
202889,2026-04-17,referral
202890,2026-03-30,organic
202891,2026-04-20,organic
202892,2026-03-12,referral
202893,2026-04-23,organic
202894,2026-04-11,organic
202895,2026-03-29,referral
202896,2026-03-13,organic
202897,2026-04-14,referral
202898,2026-03-08,organic
202899,2026-04-08,referral
202900,2026-03-11,referral
202901,2026-04-09,paid
202902,2026-04-12,referral
202903,2026-03-10,referral
202904,2026-03-05,referral
202905,2026-03-30,organic
202906,2026-04-03,referral
202907,2026-04-21,paid
202908,2026-03-05,paid
202909,2026-04-08,paid
202910,2026-03-21,referral
202911,2026-04-12,referral
202912,2026-04-20,referral
202913,2026-04-13,referral
202914,2026-03-13,referral
202915,2026-04-08,organic
202916,2026-03-15,referral
202917,2026-03-19,referral
202918,2026-03-01,referral
202919,2026-03-07,referral
202920,2026-03-22,organic
202921,2026-03-10,referral
202922,2026-03-07,referral
202923,2026-04-06,paid
202924,2026-04-17,referral
202925,2026-03-09,organic
202926,2026-04-24,organic
202927,2026-03-16,organic
202928,2026-04-02,referral
202929,2026-04-09,organic
202930,2026-03-25,paid
202931,2026-04-06,organic
202932,2026-04-01,referral
202933,2026-03-03,referral
202934,2026-03-24,organic
202935,2026-04-25,paid
202936,2026-03-18,paid
202937,2026-03-21,referral
202938,2026-04-17,referral
202939,2026-04-09,referral
202940,2026-04-01,referral
202941,2026-03-08,referral
202942,2026-03-17,referral
202943,2026-03-22,organic
202944,2026-03-02,organic
202945,2026-03-01,referral
202946,2026-04-08,organic
202947,2026-03-18,organic
202948,2026-03-02,referral
202949,2026-04-20,referral
202950,2026-03-23,organic
202951,2026-03-12,referral
202952,2026-04-05,referral
202953,2026-03-20,organic
202954,2026-03-26,referral
202955,2026-03-14,organic
202956,2026-04-01,organic
202957,2026-04-20,referral
202958,2026-03-11,paid
202959,2026-03-30,organic
202960,2026-04-25,paid
202961,2026-03-04,organic
202962,2026-04-05,referral
202963,2026-03-21,organic
202964,2026-04-21,referral
202965,2026-04-25,paid
202966,2026-04-13,referral
202967,2026-03-06,referral
202968,2026-03-16,paid
202969,2026-04-03,referral
202970,2026-04-15,organic
202971,2026-03-29,referral
202972,2026-04-24,referral
202973,2026-03-13,referral
202974,2026-04-08,organic
202975,2026-04-07,paid
202976,2026-03-24,referral
202977,2026-04-16,paid
202978,2026-04-01,referral
202979,2026-04-20,referral
202980,2026-04-02,referral
202981,2026-04-02,referral
202982,2026-04-08,paid
202983,2026-04-16,referral
202984,2026-03-29,referral
202985,2026-03-21,referral
202986,2026-03-03,referral
202987,2026-04-12,organic
202988,2026-03-16,referral
202989,2026-03-06,referral
202990,2026-04-12,referral
202991,2026-04-21,referral
202992,2026-04-16,organic
202993,2026-04-09,paid
202994,2026-04-11,referral
202995,2026-04-25,organic
202996,2026-04-23,referral
202997,2026-03-31,organic
202998,2026-04-15,organic
202999,2026-04-07,referral
203000,2026-03-05,organic
203001,2026-03-23,organic
203002,2026-04-22,referral
203003,2026-03-15,referral
203004,2026-03-30,referral
203005,2026-04-12,paid
203006,2026-04-06,referral
203007,2026-04-11,organic
203008,2026-03-21,referral
203009,2026-03-15,referral
203010,2026-04-23,organic
203011,2026-04-13,organic
203012,2026-03-22,referral
203013,2026-04-07,paid
203014,2026-03-08,referral
203015,2026-04-01,referral
203016,2026-03-15,referral
203017,2026-04-14,referral
203018,2026-03-02,organic
203019,2026-03-07,paid
203020,2026-04-22,referral
203021,2026-04-16,paid
203022,2026-03-05,referral
203023,2026-03-17,referral
203024,2026-04-03,organic
203025,2026-04-16,referral
203026,2026-04-01,organic
203027,2026-04-15,organic
203028,2026-04-07,organic
203029,2026-03-16,referral
203030,2026-03-29,organic
203031,2026-03-11,referral
203032,2026-03-12,referral
203033,2026-04-07,referral
203034,2026-03-08,organic
203035,2026-03-01,organic
203036,2026-04-20,referral
203037,2026-04-20,referral
203038,2026-04-09,paid
203039,2026-04-17,referral
203040,2026-04-01,referral
203041,2026-04-03,paid
203042,2026-03-17,paid
203043,2026-03-24,organic
203044,2026-03-22,referral
203045,2026-04-13,paid
203046,2026-03-29,organic
203047,2026-03-02,organic
203048,2026-04-18,referral
203049,2026-04-01,referral
203050,2026-04-23,paid
203051,2026-03-07,paid
203052,2026-04-12,organic
203053,2026-04-15,organic
203054,2026-04-12,referral
203055,2026-03-22,organic
203056,2026-04-19,referral
203057,2026-03-27,organic
203058,2026-03-03,referral
203059,2026-04-22,organic
203060,2026-03-12,referral
203061,2026-03-05,referral
203062,2026-04-05,paid
203063,2026-04-25,referral
203064,2026-03-01,referral
203065,2026-03-09,paid
203066,2026-04-15,referral
203067,2026-04-23,paid
203068,2026-04-13,referral
203069,2026-03-16,paid
203070,2026-04-23,referral
203071,2026-03-16,paid
203072,2026-03-16,organic
203073,2026-04-08,referral
203074,2026-03-04,paid
203075,2026-04-11,referral
203076,2026-03-22,referral
203077,2026-03-23,referral
203078,2026-04-18,referral
203079,2026-04-10,paid
203080,2026-04-07,referral
203081,2026-04-01,organic
203082,2026-04-03,paid
203083,2026-03-16,organic
203084,2026-03-09,organic
203085,2026-03-24,referral
203086,2026-04-07,organic
203087,2026-03-28,organic
203088,2026-03-02,referral
203089,2026-04-21,organic
203090,2026-04-04,referral
203091,2026-04-24,organic
203092,2026-03-08,organic
203093,2026-03-10,organic
203094,2026-03-12,referral
203095,2026-04-19,organic
203096,2026-03-23,organic
203097,2026-04-13,referral
203098,2026-04-18,referral
203099,2026-04-20,organic
203100,2026-04-05,referral
203101,2026-04-04,paid
203102,2026-03-18,organic
203103,2026-03-15,organic
203104,2026-04-21,referral
203105,2026-04-13,referral
203106,2026-04-12,referral
203107,2026-04-12,organic
203108,2026-04-07,paid
203109,2026-04-06,referral
203110,2026-03-20,referral
203111,2026-03-12,paid
203112,2026-04-25,paid
203113,2026-03-31,paid
203114,2026-04-08,referral
203115,2026-04-10,referral
203116,2026-04-16,paid
203117,2026-04-25,organic
203118,2026-03-31,paid
203119,2026-03-08,organic
203120,2026-03-23,paid
203121,2026-04-21,referral
203122,2026-04-21,paid
203123,2026-04-20,referral
203124,2026-04-19,referral
203125,2026-04-08,referral
203126,2026-04-21,referral
203127,2026-04-08,organic
203128,2026-04-01,referral
203129,2026-03-06,referral
203130,2026-03-27,referral
203131,2026-03-12,referral
203132,2026-03-10,paid
203133,2026-04-09,organic
203134,2026-03-21,referral
203135,2026-04-23,referral
203136,2026-04-15,referral
203137,2026-04-25,organic
203138,2026-03-02,referral
203139,2026-04-08,organic
203140,2026-04-07,organic
203141,2026-04-06,organic
203142,2026-03-19,organic
203143,2026-03-09,referral
203144,2026-03-22,referral
203145,2026-04-19,organic
203146,2026-04-01,referral
203147,2026-03-27,referral
203148,2026-03-03,referral
203149,2026-03-26,organic
203150,2026-03-21,organic
203151,2026-04-08,referral
203152,2026-04-17,paid
203153,2026-03-14,organic
203154,2026-03-18,paid
203155,2026-04-22,referral
203156,2026-03-06,referral
203157,2026-03-28,referral
203158,2026-04-12,referral
203159,2026-03-07,referral
203160,2026-04-04,paid
203161,2026-04-25,organic
203162,2026-03-03,organic
203163,2026-03-18,referral
203164,2026-04-20,organic
203165,2026-04-10,referral
203166,2026-03-24,paid
203167,2026-03-13,paid
203168,2026-03-11,referral
203169,2026-04-19,paid
203170,2026-03-05,referral
203171,2026-03-18,referral
203172,2026-04-21,paid
203173,2026-03-15,organic
203174,2026-03-12,paid
203175,2026-03-19,referral
203176,2026-03-05,paid
203177,2026-03-29,organic
203178,2026-03-25,organic
203179,2026-04-20,organic
203180,2026-03-11,organic
203181,2026-04-03,referral
203182,2026-03-07,referral
203183,2026-03-06,organic
203184,2026-03-11,referral
203185,2026-03-26,referral
203186,2026-04-14,referral
203187,2026-03-13,referral
203188,2026-04-05,referral
203189,2026-04-11,organic
203190,2026-04-19,referral
203191,2026-04-20,organic
203192,2026-03-15,organic
203193,2026-03-29,referral
203194,2026-04-20,referral
203195,2026-04-04,referral
203196,2026-03-04,referral
203197,2026-04-12,referral
203198,2026-04-18,referral
203199,2026-04-16,referral
203200,2026-03-28,referral
203201,2026-04-16,referral
203202,2026-04-06,referral
203203,2026-03-22,organic
203204,2026-03-08,referral
203205,2026-04-03,organic
203206,2026-03-16,referral
203207,2026-04-14,organic
203208,2026-04-03,referral
203209,2026-04-11,referral
203210,2026-03-23,paid
203211,2026-04-24,referral
203212,2026-03-22,referral
203213,2026-04-09,organic
203214,2026-04-19,organic
203215,2026-04-12,organic
203216,2026-03-08,referral
203217,2026-03-07,paid
203218,2026-03-11,organic
203219,2026-04-15,organic
203220,2026-03-17,referral
203221,2026-04-06,referral
203222,2026-04-04,organic
203223,2026-03-23,referral
203224,2026-04-14,paid
203225,2026-03-04,organic
203226,2026-03-21,referral
203227,2026-04-08,organic
203228,2026-04-15,organic
203229,2026-03-12,referral
203230,2026-04-11,referral
203231,2026-04-03,referral
203232,2026-04-03,organic
203233,2026-04-16,referral
203234,2026-03-20,organic
203235,2026-03-09,organic
203236,2026-04-04,organic
203237,2026-04-16,organic
203238,2026-03-14,referral
203239,2026-04-09,referral
203240,2026-03-26,referral
203241,2026-03-06,referral
203242,2026-03-20,referral
203243,2026-04-19,organic
203244,2026-03-14,paid
203245,2026-03-25,referral
203246,2026-04-01,referral
203247,2026-03-16,referral
203248,2026-04-12,organic
203249,2026-03-21,paid
203250,2026-04-03,organic
203251,2026-04-11,referral
203252,2026-04-04,referral
203253,2026-03-23,organic
203254,2026-03-07,organic
203255,2026-03-27,organic
203256,2026-03-09,organic
203257,2026-03-02,referral
203258,2026-03-18,referral
203259,2026-03-05,referral
203260,2026-04-11,referral
203261,2026-04-16,organic
203262,2026-03-30,referral
203263,2026-04-03,organic
203264,2026-04-25,referral
203265,2026-03-03,organic
203266,2026-03-01,organic
203267,2026-04-03,organic
203268,2026-04-06,referral
203269,2026-03-28,referral
203270,2026-04-20,referral
203271,2026-03-15,organic
203272,2026-04-03,referral
203273,2026-04-13,referral
203274,2026-04-22,paid
203275,2026-03-09,paid
203276,2026-03-04,organic
203277,2026-03-04,referral
203278,2026-03-03,organic
203279,2026-03-24,organic
203280,2026-03-30,referral
203281,2026-03-13,referral
203282,2026-03-14,referral
203283,2026-03-09,organic
203284,2026-03-13,organic
203285,2026-03-14,referral
203286,2026-03-20,referral
203287,2026-03-31,referral
203288,2026-03-12,referral
203289,2026-04-16,referral
203290,2026-03-07,paid
203291,2026-03-25,paid
203292,2026-04-23,paid
203293,2026-03-28,paid
203294,2026-03-28,referral
203295,2026-04-20,paid
203296,2026-03-16,referral
203297,2026-03-22,paid
203298,2026-04-02,paid
203299,2026-04-01,organic
203300,2026-04-07,organic
203301,2026-03-04,referral
203302,2026-03-09,organic
203303,2026-03-18,organic
203304,2026-04-12,referral
203305,2026-03-03,organic
203306,2026-04-03,organic
203307,2026-03-22,organic
203308,2026-03-25,paid
203309,2026-04-14,organic
203310,2026-03-03,referral
203311,2026-03-29,referral
203312,2026-03-13,organic
203313,2026-03-17,paid
203314,2026-03-26,referral
203315,2026-03-29,organic
203316,2026-04-22,referral
203317,2026-03-15,paid
203318,2026-03-25,organic
203319,2026-04-02,paid
203320,2026-03-04,referral
203321,2026-04-07,paid
203322,2026-04-05,paid
203323,2026-03-31,paid
203324,2026-03-19,organic
203325,2026-04-20,referral
203326,2026-03-06,referral
203327,2026-04-23,organic
203328,2026-03-01,organic
203329,2026-03-10,referral
203330,2026-04-09,organic
203331,2026-03-21,organic
203332,2026-04-20,paid
203333,2026-03-03,referral
203334,2026-04-04,organic
203335,2026-03-09,organic
203336,2026-04-07,organic
203337,2026-04-11,referral
203338,2026-04-20,organic
203339,2026-03-02,referral
203340,2026-03-04,paid
203341,2026-03-06,organic
203342,2026-03-23,paid
203343,2026-04-20,referral
203344,2026-04-23,paid
203345,2026-03-06,referral
203346,2026-04-24,paid
203347,2026-04-13,referral
203348,2026-03-04,referral
203349,2026-03-11,referral
203350,2026-04-19,organic
203351,2026-03-20,referral
203352,2026-03-05,referral
203353,2026-04-19,referral
203354,2026-03-01,paid
203355,2026-03-12,referral
203356,2026-04-12,organic
203357,2026-04-06,paid
203358,2026-03-15,referral
203359,2026-03-02,paid
203360,2026-03-11,organic
203361,2026-03-02,referral
203362,2026-03-07,referral
203363,2026-04-24,organic
203364,2026-04-25,paid
203365,2026-03-09,referral
203366,2026-04-25,paid
203367,2026-04-24,paid
203368,2026-04-10,organic
203369,2026-04-01,referral
203370,2026-03-08,referral
203371,2026-04-19,referral
203372,2026-03-24,referral
203373,2026-04-15,paid
203374,2026-03-30,organic
203375,2026-03-17,paid
203376,2026-04-08,referral
203377,2026-04-18,organic
203378,2026-04-22,paid
203379,2026-03-25,referral
203380,2026-04-23,organic
203381,2026-04-22,referral
203382,2026-04-21,referral
203383,2026-04-24,paid
203384,2026-03-31,referral
203385,2026-03-11,organic
203386,2026-04-25,referral
203387,2026-03-09,referral
203388,2026-04-09,referral
203389,2026-04-18,referral
203390,2026-03-17,referral
203391,2026-04-20,paid
203392,2026-03-03,paid
203393,2026-03-01,referral
203394,2026-04-18,paid
203395,2026-04-15,referral
203396,2026-03-27,referral
203397,2026-03-23,referral
203398,2026-04-21,organic
203399,2026-03-01,referral
203400,2026-03-02,referral
203401,2026-04-14,referral
203402,2026-04-12,organic
203403,2026-04-23,referral
203404,2026-03-29,organic
203405,2026-03-15,organic
203406,2026-04-13,referral
203407,2026-04-14,organic
203408,2026-03-17,referral
203409,2026-04-12,referral
203410,2026-04-21,referral
203411,2026-04-15,referral
203412,2026-04-20,organic
203413,2026-03-07,organic
203414,2026-04-17,paid
203415,2026-04-17,referral
203416,2026-03-10,paid
203417,2026-04-25,organic
203418,2026-03-31,referral
203419,2026-03-16,organic
203420,2026-04-09,organic
203421,2026-03-10,referral
203422,2026-03-02,referral
203423,2026-04-02,paid
203424,2026-03-12,referral
203425,2026-04-02,organic
203426,2026-03-02,referral
203427,2026-04-03,organic
203428,2026-03-11,organic
203429,2026-03-05,referral
203430,2026-03-09,referral
203431,2026-04-09,referral
203432,2026-03-30,referral
203433,2026-04-16,paid
203434,2026-04-12,referral
203435,2026-04-15,referral
203436,2026-04-19,organic
203437,2026-04-13,organic
203438,2026-04-16,organic
203439,2026-04-22,paid
203440,2026-03-11,organic
203441,2026-04-21,organic
203442,2026-03-21,organic
203443,2026-04-16,referral
203444,2026-03-26,referral
203445,2026-04-23,paid
203446,2026-04-08,referral
203447,2026-03-03,referral
203448,2026-04-03,organic
203449,2026-03-27,organic
203450,2026-04-01,organic
203451,2026-03-04,organic
203452,2026-04-23,paid
203453,2026-03-06,referral
203454,2026-04-13,referral
203455,2026-03-20,paid
203456,2026-03-10,organic
203457,2026-03-18,referral
203458,2026-03-05,referral
203459,2026-04-11,referral
203460,2026-03-12,organic
203461,2026-04-10,referral
203462,2026-03-20,referral
203463,2026-03-27,referral
203464,2026-04-03,referral
203465,2026-04-15,referral
203466,2026-03-31,paid
203467,2026-04-07,referral
203468,2026-03-01,organic
203469,2026-04-13,referral
203470,2026-03-28,paid
203471,2026-04-12,referral
203472,2026-04-03,organic
203473,2026-03-20,referral
203474,2026-03-08,referral
203475,2026-04-24,organic
203476,2026-03-05,paid
203477,2026-04-06,referral
203478,2026-03-30,organic
203479,2026-03-23,organic
203480,2026-03-06,organic
203481,2026-04-01,referral
203482,2026-03-12,organic
203483,2026-03-08,referral
203484,2026-03-28,referral
203485,2026-04-17,referral
203486,2026-03-31,organic
203487,2026-03-07,referral
203488,2026-03-21,referral
203489,2026-03-06,paid
203490,2026-04-23,referral
203491,2026-03-27,referral
203492,2026-04-01,referral
203493,2026-03-30,paid
203494,2026-04-14,organic
203495,2026-04-07,organic
203496,2026-03-15,referral
203497,2026-03-13,referral
203498,2026-03-16,organic
203499,2026-04-19,paid
203500,2026-03-06,referral
203501,2026-03-18,paid
203502,2026-04-11,organic
203503,2026-03-17,referral
203504,2026-03-06,referral
203505,2026-03-01,referral
203506,2026-03-21,referral
203507,2026-04-08,referral
203508,2026-04-08,referral
203509,2026-03-07,referral
203510,2026-03-14,paid
203511,2026-04-17,organic
203512,2026-04-09,organic
203513,2026-04-20,referral
203514,2026-03-16,referral
203515,2026-04-07,referral
203516,2026-04-04,referral
203517,2026-04-18,referral
203518,2026-03-29,referral
203519,2026-04-02,referral
203520,2026-04-07,paid
203521,2026-04-14,referral
203522,2026-03-10,paid
203523,2026-03-01,paid
203524,2026-03-16,referral
203525,2026-03-20,paid
203526,2026-04-06,organic
203527,2026-04-09,paid
203528,2026-03-29,organic
203529,2026-04-10,paid
203530,2026-03-16,paid
203531,2026-03-20,referral
203532,2026-04-13,referral
203533,2026-04-14,paid
203534,2026-03-28,organic
203535,2026-03-21,paid
203536,2026-04-04,organic
203537,2026-03-09,referral
203538,2026-04-20,organic
203539,2026-04-19,paid
203540,2026-03-05,referral
203541,2026-03-04,referral
203542,2026-04-15,referral
203543,2026-04-10,referral
203544,2026-03-30,referral
203545,2026-04-10,referral
203546,2026-03-16,paid
203547,2026-03-18,referral
203548,2026-04-10,referral
203549,2026-04-14,paid
203550,2026-04-01,organic
203551,2026-04-02,organic
203552,2026-03-21,organic
203553,2026-03-14,referral
203554,2026-04-06,referral
203555,2026-03-31,paid
203556,2026-03-22,referral
203557,2026-03-10,organic
203558,2026-04-15,paid
203559,2026-04-13,referral
203560,2026-03-08,paid
203561,2026-04-16,referral
203562,2026-03-26,referral
203563,2026-04-14,referral
203564,2026-03-31,referral
203565,2026-04-25,referral
203566,2026-03-17,referral
203567,2026-03-15,referral
203568,2026-03-01,referral
203569,2026-04-13,referral
203570,2026-03-30,referral
203571,2026-03-22,organic
203572,2026-03-08,organic
203573,2026-04-16,organic
203574,2026-04-05,referral
203575,2026-03-06,organic
203576,2026-04-01,referral
203577,2026-03-01,referral
203578,2026-03-10,referral
203579,2026-04-18,organic
203580,2026-03-21,referral
203581,2026-03-17,referral
203582,2026-03-09,paid
203583,2026-04-24,paid
203584,2026-03-16,organic
203585,2026-03-19,organic
203586,2026-03-25,organic
203587,2026-03-12,organic
203588,2026-04-13,organic
203589,2026-03-11,referral
203590,2026-03-06,referral
203591,2026-04-23,referral
203592,2026-03-02,organic
203593,2026-03-26,referral
203594,2026-03-11,organic
203595,2026-03-18,paid
203596,2026-03-06,referral
203597,2026-03-01,referral
203598,2026-04-17,organic
203599,2026-03-08,paid
203600,2026-03-26,organic
203601,2026-04-10,referral
203602,2026-04-08,referral
203603,2026-04-06,organic
203604,2026-03-20,referral
203605,2026-03-17,referral
203606,2026-04-11,referral
203607,2026-04-12,referral
203608,2026-03-02,paid
203609,2026-03-13,organic
203610,2026-03-17,referral
203611,2026-04-04,referral
203612,2026-03-16,organic
203613,2026-04-01,referral
203614,2026-03-21,organic
203615,2026-03-18,paid
203616,2026-04-21,paid
203617,2026-04-15,organic
203618,2026-04-13,referral
203619,2026-04-12,referral
203620,2026-04-14,referral
203621,2026-03-12,referral
203622,2026-04-24,organic
203623,2026-03-17,organic
203624,2026-04-18,referral
203625,2026-04-08,organic
203626,2026-04-10,paid
203627,2026-04-13,organic
203628,2026-03-30,referral
203629,2026-03-24,referral
203630,2026-03-24,paid
203631,2026-04-15,referral
203632,2026-04-06,referral
203633,2026-03-07,referral
203634,2026-03-29,referral
203635,2026-04-10,referral
203636,2026-04-05,paid
203637,2026-03-19,referral
203638,2026-04-19,referral
203639,2026-04-08,referral
203640,2026-03-29,referral
203641,2026-03-06,paid
203642,2026-04-19,organic
203643,2026-03-17,referral
203644,2026-03-09,referral
203645,2026-03-02,referral
203646,2026-04-17,referral
203647,2026-03-24,organic
203648,2026-03-23,referral
203649,2026-03-23,paid
203650,2026-04-23,organic
203651,2026-03-25,referral
203652,2026-03-06,referral
203653,2026-03-01,referral
203654,2026-03-10,referral
203655,2026-04-04,organic
203656,2026-03-01,organic
203657,2026-03-01,referral
203658,2026-04-10,referral
203659,2026-03-16,referral
203660,2026-04-08,referral
203661,2026-03-11,organic
203662,2026-03-07,organic
203663,2026-03-22,organic
203664,2026-04-07,organic
203665,2026-03-08,referral
203666,2026-03-23,referral
203667,2026-04-15,referral
203668,2026-03-08,paid
203669,2026-03-31,referral
203670,2026-04-05,organic
203671,2026-04-21,organic
203672,2026-03-04,organic
203673,2026-04-16,organic
203674,2026-04-12,referral
203675,2026-04-10,referral
203676,2026-03-31,organic
203677,2026-04-19,referral
203678,2026-04-13,referral
203679,2026-04-22,paid
203680,2026-04-23,referral
203681,2026-03-13,paid
203682,2026-04-07,organic
203683,2026-03-19,referral
203684,2026-03-14,organic
203685,2026-03-23,organic
203686,2026-03-06,referral
203687,2026-04-24,organic
203688,2026-03-06,referral
203689,2026-04-08,paid
203690,2026-04-15,organic
203691,2026-03-15,referral
203692,2026-04-14,referral
203693,2026-04-10,paid
203694,2026-04-16,referral
203695,2026-04-10,referral
203696,2026-04-10,organic
203697,2026-03-14,paid
203698,2026-03-10,referral
203699,2026-03-16,referral
203700,2026-03-25,organic
203701,2026-04-15,organic
203702,2026-03-29,organic
203703,2026-03-28,organic
203704,2026-03-26,paid
203705,2026-04-12,referral
203706,2026-04-05,paid
203707,2026-04-15,organic
203708,2026-04-17,referral
203709,2026-03-16,organic
203710,2026-04-09,referral
203711,2026-03-02,paid
203712,2026-03-15,paid
203713,2026-03-11,organic
203714,2026-03-09,organic
203715,2026-03-02,organic
203716,2026-03-03,paid
203717,2026-04-04,referral
203718,2026-03-18,organic
203719,2026-04-02,referral
203720,2026-04-19,organic
203721,2026-04-02,paid
203722,2026-03-15,paid
203723,2026-04-03,referral
203724,2026-03-15,referral
203725,2026-03-04,referral
203726,2026-04-10,organic
203727,2026-03-30,referral
203728,2026-03-10,referral
203729,2026-04-14,organic
203730,2026-03-11,referral
203731,2026-04-10,referral
203732,2026-03-25,referral
203733,2026-03-14,organic
203734,2026-04-20,referral
203735,2026-03-23,referral
203736,2026-03-14,referral
203737,2026-03-11,referral
203738,2026-03-30,referral
203739,2026-03-19,referral
203740,2026-04-05,organic
203741,2026-03-16,organic
203742,2026-04-17,referral
203743,2026-04-09,referral
203744,2026-04-20,referral
203745,2026-03-14,organic
203746,2026-03-08,referral
203747,2026-04-17,referral
203748,2026-04-01,referral
203749,2026-04-18,referral
203750,2026-03-11,paid
203751,2026-03-24,paid
203752,2026-03-18,referral
203753,2026-03-10,organic
203754,2026-03-19,referral
203755,2026-03-07,paid
203756,2026-03-26,referral
203757,2026-03-10,referral
203758,2026-03-30,referral
203759,2026-03-03,paid
203760,2026-04-16,referral
203761,2026-04-13,referral
203762,2026-03-25,paid
203763,2026-03-17,paid
203764,2026-03-31,referral
203765,2026-03-12,referral
203766,2026-04-03,paid
203767,2026-04-20,referral
203768,2026-03-14,organic
203769,2026-03-21,referral
203770,2026-04-11,organic
203771,2026-03-12,referral
203772,2026-04-15,organic
203773,2026-03-13,referral
203774,2026-04-01,referral
203775,2026-03-22,organic
203776,2026-03-01,referral
203777,2026-03-03,referral
203778,2026-03-26,organic
203779,2026-04-22,referral
203780,2026-04-22,referral
203781,2026-04-14,referral
203782,2026-03-16,referral
203783,2026-03-07,referral
203784,2026-03-12,paid
203785,2026-03-13,organic
203786,2026-03-05,organic
203787,2026-03-07,organic
203788,2026-04-19,organic
203789,2026-04-08,paid
203790,2026-03-09,referral
203791,2026-04-22,organic
203792,2026-04-10,referral
203793,2026-04-13,referral
203794,2026-04-08,referral
203795,2026-03-24,organic
203796,2026-03-15,referral
203797,2026-04-24,paid
203798,2026-04-20,organic
203799,2026-03-05,organic
203800,2026-03-29,paid
203801,2026-04-16,referral
203802,2026-04-11,referral
203803,2026-03-31,paid
203804,2026-03-16,referral
203805,2026-03-08,organic
203806,2026-04-02,referral
203807,2026-04-06,referral
203808,2026-03-09,referral
203809,2026-03-21,organic
203810,2026-04-01,referral
203811,2026-03-13,organic
203812,2026-03-28,referral
203813,2026-04-11,referral
203814,2026-03-05,organic
203815,2026-03-30,organic
203816,2026-03-30,referral
203817,2026-04-24,referral
203818,2026-03-14,referral
203819,2026-03-25,referral
203820,2026-03-25,referral
203821,2026-04-20,referral
203822,2026-04-03,paid
203823,2026-03-12,organic
203824,2026-03-15,paid
203825,2026-03-30,organic
203826,2026-03-28,organic
203827,2026-03-11,paid
203828,2026-04-01,organic
203829,2026-04-23,paid
203830,2026-04-23,organic
203831,2026-03-16,referral
203832,2026-03-20,referral
203833,2026-03-17,referral
203834,2026-04-07,referral
203835,2026-03-25,paid
203836,2026-03-20,organic
203837,2026-03-15,organic
203838,2026-04-18,paid
203839,2026-03-02,referral
203840,2026-04-19,organic
203841,2026-04-04,referral
203842,2026-03-06,referral
203843,2026-03-07,referral
203844,2026-04-20,referral
203845,2026-04-02,organic
203846,2026-03-10,referral
203847,2026-04-24,referral
203848,2026-03-27,paid
203849,2026-04-02,referral
203850,2026-03-11,referral
203851,2026-03-19,organic
203852,2026-04-03,referral
203853,2026-04-08,referral
203854,2026-04-02,organic
203855,2026-03-13,organic
203856,2026-04-11,referral
203857,2026-04-06,referral
203858,2026-04-14,referral
203859,2026-03-09,organic
203860,2026-04-05,paid
203861,2026-04-10,organic
203862,2026-04-03,referral
203863,2026-03-02,referral
203864,2026-04-05,referral
203865,2026-03-08,organic
203866,2026-04-24,paid
203867,2026-03-13,referral
203868,2026-03-31,paid
203869,2026-03-05,referral
203870,2026-04-25,referral
203871,2026-03-26,paid
203872,2026-04-20,organic
203873,2026-03-11,referral
203874,2026-04-15,referral
203875,2026-04-09,referral
203876,2026-03-30,paid
203877,2026-04-03,organic
203878,2026-04-20,organic
203879,2026-04-25,referral
203880,2026-03-10,referral
203881,2026-04-03,organic
203882,2026-04-16,organic
203883,2026-03-10,paid
203884,2026-03-29,paid
203885,2026-04-22,referral
203886,2026-03-28,referral
203887,2026-04-16,referral
203888,2026-04-08,organic
203889,2026-03-10,referral
203890,2026-03-26,referral
203891,2026-04-20,referral
203892,2026-04-07,referral
203893,2026-04-05,referral
203894,2026-04-19,referral
203895,2026-03-04,paid
203896,2026-03-02,paid
203897,2026-03-11,referral
203898,2026-03-08,paid
203899,2026-04-19,organic
203900,2026-04-03,referral
203901,2026-04-14,referral
203902,2026-03-05,referral
203903,2026-03-17,organic
203904,2026-03-15,organic
203905,2026-03-30,referral
203906,2026-03-10,referral
203907,2026-03-27,organic
203908,2026-03-21,organic
203909,2026-03-21,paid
203910,2026-03-11,paid
203911,2026-04-20,referral
203912,2026-03-23,organic
203913,2026-03-03,referral
203914,2026-03-19,referral
203915,2026-03-10,organic
203916,2026-04-21,referral
203917,2026-03-22,paid
203918,2026-03-17,referral
203919,2026-04-10,organic
203920,2026-03-29,paid
203921,2026-04-18,paid
203922,2026-04-08,organic
203923,2026-04-11,referral
203924,2026-04-23,paid
203925,2026-03-14,organic
203926,2026-03-13,referral
203927,2026-03-06,referral
203928,2026-03-08,organic
203929,2026-03-14,referral
203930,2026-04-02,organic
203931,2026-03-11,paid
203932,2026-03-25,organic
203933,2026-04-08,referral
203934,2026-04-14,paid
203935,2026-03-05,organic
203936,2026-03-01,paid
203937,2026-04-01,paid
203938,2026-03-18,referral
203939,2026-03-27,paid
203940,2026-03-12,referral
203941,2026-03-28,referral
203942,2026-03-19,organic
203943,2026-03-30,referral
203944,2026-04-11,organic
203945,2026-03-24,organic
203946,2026-04-15,referral
203947,2026-04-04,referral
203948,2026-03-01,organic
203949,2026-03-23,referral
203950,2026-03-07,referral
203951,2026-03-17,organic
203952,2026-04-01,organic
203953,2026-04-01,referral
203954,2026-03-08,referral
203955,2026-04-22,referral
203956,2026-03-18,organic
203957,2026-03-06,referral
203958,2026-03-03,paid
203959,2026-04-04,referral
203960,2026-04-02,paid
203961,2026-04-22,referral
203962,2026-03-07,referral
203963,2026-03-29,organic
203964,2026-03-31,organic
203965,2026-04-12,referral
203966,2026-04-20,referral
203967,2026-04-08,paid
203968,2026-03-14,organic
203969,2026-04-13,organic
203970,2026-04-03,paid
203971,2026-04-11,paid
203972,2026-04-02,organic
203973,2026-04-04,referral
203974,2026-03-18,referral
203975,2026-03-17,referral
203976,2026-04-05,referral
203977,2026-03-11,organic
203978,2026-04-04,paid
203979,2026-04-23,paid
203980,2026-03-17,paid
203981,2026-03-13,referral
203982,2026-04-08,paid
203983,2026-04-22,referral
203984,2026-03-21,referral
203985,2026-04-04,referral
203986,2026-04-19,organic
203987,2026-03-16,referral
203988,2026-03-10,organic
203989,2026-03-23,paid
203990,2026-03-24,referral
203991,2026-04-16,organic
203992,2026-03-20,organic
203993,2026-04-25,referral
203994,2026-03-14,paid
203995,2026-03-11,referral
203996,2026-04-13,referral
203997,2026-03-12,organic
203998,2026-04-04,referral
203999,2026-04-03,referral
204000,2026-03-09,organic
204001,2026-03-11,referral
204002,2026-03-21,organic
204003,2026-04-05,paid
204004,2026-03-19,referral
204005,2026-03-15,referral
204006,2026-03-06,organic
204007,2026-03-01,referral
204008,2026-04-03,referral
204009,2026-04-16,referral
204010,2026-03-18,organic
204011,2026-04-01,organic
204012,2026-03-11,referral
204013,2026-04-23,organic
204014,2026-04-09,organic
204015,2026-03-09,organic
204016,2026-03-03,referral
204017,2026-03-22,referral
204018,2026-03-06,organic
204019,2026-04-17,organic
204020,2026-04-06,paid
204021,2026-03-11,paid
204022,2026-03-15,paid
204023,2026-03-22,referral
204024,2026-04-15,organic
204025,2026-03-31,paid
204026,2026-04-17,organic
204027,2026-03-08,paid
204028,2026-03-08,organic
204029,2026-03-15,organic
204030,2026-03-19,paid
204031,2026-03-20,paid
204032,2026-03-04,organic
204033,2026-03-31,referral
204034,2026-04-09,organic
204035,2026-04-09,paid
204036,2026-04-17,paid
204037,2026-03-06,organic
204038,2026-03-11,organic
204039,2026-04-14,paid
204040,2026-03-13,referral
204041,2026-04-17,referral
204042,2026-03-19,organic
204043,2026-03-19,paid
204044,2026-03-01,referral
204045,2026-03-04,organic
204046,2026-03-24,paid
204047,2026-03-24,referral
204048,2026-04-19,paid
204049,2026-03-06,organic
204050,2026-03-20,organic
204051,2026-03-12,referral
204052,2026-03-02,paid
204053,2026-04-05,paid
204054,2026-03-10,organic
204055,2026-03-13,organic
204056,2026-04-14,referral
204057,2026-03-10,referral
204058,2026-04-01,referral
204059,2026-03-05,paid
204060,2026-03-18,organic
204061,2026-03-11,referral
204062,2026-03-25,organic
204063,2026-03-15,referral
204064,2026-03-04,paid
204065,2026-03-27,paid
204066,2026-04-02,referral
204067,2026-03-09,referral
204068,2026-03-07,referral
204069,2026-04-21,organic
204070,2026-04-19,referral
204071,2026-03-23,paid
204072,2026-03-17,referral
204073,2026-03-21,paid
204074,2026-03-11,paid
204075,2026-03-21,referral
204076,2026-03-30,paid
204077,2026-03-05,paid
204078,2026-04-15,referral
204079,2026-04-10,organic
204080,2026-03-30,paid
204081,2026-03-06,paid
204082,2026-04-20,organic
204083,2026-03-30,paid
204084,2026-03-28,organic
204085,2026-03-27,referral
204086,2026-03-09,referral
204087,2026-03-30,organic
204088,2026-03-11,referral
204089,2026-03-27,referral
204090,2026-04-13,referral
204091,2026-04-22,organic
204092,2026-03-28,paid
204093,2026-03-05,organic
204094,2026-04-25,paid
204095,2026-03-07,organic
204096,2026-03-04,referral
204097,2026-04-20,referral
204098,2026-04-14,referral
204099,2026-03-22,referral
204100,2026-03-24,referral
204101,2026-03-28,referral
204102,2026-03-19,referral
204103,2026-03-05,referral
204104,2026-03-12,referral
204105,2026-04-17,referral
204106,2026-04-24,paid
204107,2026-04-10,referral
204108,2026-03-31,organic
204109,2026-04-10,referral
204110,2026-03-27,referral
204111,2026-04-24,referral
204112,2026-03-08,referral
204113,2026-03-21,organic
204114,2026-04-23,organic
204115,2026-04-02,organic
204116,2026-04-02,referral
204117,2026-03-30,referral
204118,2026-03-28,referral
204119,2026-03-03,organic
204120,2026-04-16,referral
204121,2026-03-10,paid
204122,2026-04-14,organic
204123,2026-04-20,referral
204124,2026-03-01,organic
204125,2026-04-12,organic
204126,2026-04-08,referral
204127,2026-04-19,referral
204128,2026-04-15,referral
204129,2026-03-17,paid
204130,2026-03-22,referral
204131,2026-03-08,organic
204132,2026-04-01,organic
204133,2026-04-19,organic
204134,2026-04-09,referral
204135,2026-04-14,referral
204136,2026-03-06,paid
204137,2026-03-02,referral
204138,2026-04-25,referral
204139,2026-04-16,referral
204140,2026-04-21,referral
204141,2026-04-13,organic
204142,2026-04-08,referral
204143,2026-04-05,organic
204144,2026-04-16,organic
204145,2026-03-28,referral
204146,2026-04-12,paid
204147,2026-04-08,referral
204148,2026-03-24,referral
204149,2026-04-21,paid
204150,2026-04-11,organic
204151,2026-03-26,organic
204152,2026-04-12,organic
204153,2026-04-14,organic
204154,2026-03-21,referral
204155,2026-04-23,organic
204156,2026-04-23,referral
204157,2026-03-23,paid
204158,2026-04-22,organic
204159,2026-03-29,referral
204160,2026-03-13,referral
204161,2026-03-31,referral
204162,2026-04-24,paid
204163,2026-03-28,paid
204164,2026-03-11,paid
204165,2026-03-10,referral
204166,2026-03-13,paid
204167,2026-04-14,referral
204168,2026-04-01,organic
204169,2026-03-08,referral
204170,2026-04-21,paid
204171,2026-04-10,paid
204172,2026-03-22,referral
204173,2026-03-04,organic
204174,2026-03-06,paid
204175,2026-03-16,referral
204176,2026-03-11,paid
204177,2026-03-06,referral
204178,2026-03-01,organic
204179,2026-04-24,organic
204180,2026-04-02,organic
204181,2026-03-30,organic
204182,2026-04-03,paid
204183,2026-04-05,referral
204184,2026-04-14,referral
204185,2026-03-04,paid
204186,2026-04-02,referral
204187,2026-03-06,referral
204188,2026-03-12,referral
204189,2026-03-15,paid
204190,2026-03-15,referral
204191,2026-04-10,referral
204192,2026-03-03,referral
204193,2026-03-08,referral
204194,2026-04-06,paid
204195,2026-03-17,referral
204196,2026-04-14,referral
204197,2026-03-29,paid
204198,2026-03-29,referral
204199,2026-04-19,paid
204200,2026-03-02,organic
204201,2026-04-14,referral
204202,2026-03-11,paid
204203,2026-03-06,referral
204204,2026-04-17,referral
204205,2026-03-21,referral
204206,2026-03-19,referral
204207,2026-03-07,organic
204208,2026-03-26,organic
204209,2026-04-19,referral
204210,2026-03-18,referral
204211,2026-03-13,paid
204212,2026-04-08,organic
204213,2026-03-07,referral
204214,2026-04-25,referral
204215,2026-04-14,organic
204216,2026-03-09,referral
204217,2026-03-16,referral
204218,2026-04-11,referral
204219,2026-03-25,referral
204220,2026-03-08,paid
204221,2026-04-07,organic
204222,2026-03-13,organic
204223,2026-03-09,organic
204224,2026-03-23,organic
204225,2026-03-26,referral
204226,2026-03-15,referral
204227,2026-04-02,referral
204228,2026-04-17,referral
204229,2026-03-02,referral
204230,2026-03-19,organic
204231,2026-03-12,organic
204232,2026-03-23,paid
204233,2026-04-05,organic
204234,2026-03-20,organic
204235,2026-03-02,referral
204236,2026-04-12,referral
204237,2026-04-09,organic
204238,2026-04-03,paid
204239,2026-04-09,referral
204240,2026-04-01,organic
204241,2026-04-02,referral
204242,2026-04-09,referral
204243,2026-03-13,organic
204244,2026-04-22,organic
204245,2026-03-28,paid
204246,2026-03-24,referral
204247,2026-03-15,referral
204248,2026-03-25,referral
204249,2026-03-28,paid
204250,2026-04-19,organic
204251,2026-04-05,organic
204252,2026-03-24,paid
204253,2026-03-10,paid
204254,2026-03-13,referral
204255,2026-03-24,referral
204256,2026-03-02,referral
204257,2026-04-03,organic
204258,2026-03-04,referral
204259,2026-04-16,referral
204260,2026-03-08,referral
204261,2026-04-25,referral
204262,2026-03-30,organic
204263,2026-03-13,referral
204264,2026-04-05,referral
204265,2026-04-06,referral
204266,2026-03-20,referral
204267,2026-03-29,referral
204268,2026-04-13,paid
204269,2026-03-25,paid
204270,2026-04-04,organic
204271,2026-03-07,organic
204272,2026-04-02,referral
204273,2026-03-26,referral
204274,2026-03-24,organic
204275,2026-04-25,organic
204276,2026-04-15,referral
204277,2026-04-24,paid
204278,2026-04-20,referral
204279,2026-04-22,paid
204280,2026-03-26,referral
204281,2026-04-16,referral
204282,2026-03-14,referral
204283,2026-03-03,organic
204284,2026-04-06,paid
204285,2026-04-04,referral
204286,2026-04-16,referral
204287,2026-03-19,referral
204288,2026-04-18,paid
204289,2026-03-09,referral
204290,2026-03-14,organic
204291,2026-03-06,paid
204292,2026-03-19,referral
204293,2026-03-13,organic
204294,2026-04-16,organic
204295,2026-04-06,paid
204296,2026-04-22,organic
204297,2026-04-23,referral
204298,2026-03-26,organic
204299,2026-03-22,referral
204300,2026-03-24,referral
204301,2026-03-07,organic
204302,2026-03-03,organic
204303,2026-03-18,paid
204304,2026-04-04,organic
204305,2026-04-16,referral
204306,2026-03-03,paid
204307,2026-04-20,referral
204308,2026-04-25,referral
204309,2026-04-10,paid
204310,2026-03-01,organic
204311,2026-04-10,organic
204312,2026-03-14,organic
204313,2026-03-13,referral
204314,2026-03-10,referral
204315,2026-03-04,paid
204316,2026-03-22,paid
204317,2026-03-08,referral
204318,2026-03-15,paid
204319,2026-04-13,organic
204320,2026-04-17,referral
204321,2026-03-27,referral
204322,2026-03-08,referral
204323,2026-04-24,organic
204324,2026-04-04,organic
204325,2026-03-02,organic
204326,2026-03-14,referral
204327,2026-04-07,paid
204328,2026-04-19,referral
204329,2026-03-20,referral
204330,2026-04-02,referral
204331,2026-03-13,organic
204332,2026-04-10,referral
204333,2026-03-28,organic
204334,2026-03-07,referral
204335,2026-03-04,referral
204336,2026-03-09,organic
204337,2026-04-14,organic
204338,2026-04-08,organic
204339,2026-04-14,organic
204340,2026-04-24,organic
204341,2026-04-05,referral
204342,2026-03-14,referral
204343,2026-03-19,organic
204344,2026-03-08,organic
204345,2026-03-11,organic
204346,2026-03-28,organic
204347,2026-04-25,paid
204348,2026-03-24,organic
204349,2026-03-18,organic
204350,2026-04-04,referral
204351,2026-04-21,referral
204352,2026-03-23,paid
204353,2026-04-16,referral
204354,2026-04-23,organic
204355,2026-04-14,organic
204356,2026-03-04,organic
204357,2026-04-20,referral
204358,2026-04-17,referral
204359,2026-03-18,referral
204360,2026-04-09,referral
204361,2026-03-22,organic
204362,2026-03-27,referral
204363,2026-03-23,organic
204364,2026-04-04,referral
204365,2026-03-23,referral
204366,2026-04-09,organic
204367,2026-03-22,organic
204368,2026-04-16,referral
204369,2026-04-19,referral
204370,2026-03-21,referral
204371,2026-03-28,organic
204372,2026-04-04,referral
204373,2026-03-01,referral
204374,2026-04-02,organic
204375,2026-03-01,paid
204376,2026-03-23,organic
204377,2026-03-01,organic
204378,2026-03-31,paid
204379,2026-03-17,referral
204380,2026-04-17,referral
204381,2026-03-01,referral
204382,2026-04-14,referral
204383,2026-03-09,referral
204384,2026-03-29,referral
204385,2026-04-14,paid
204386,2026-04-22,paid
204387,2026-04-03,referral
204388,2026-03-28,paid
204389,2026-03-19,organic
204390,2026-04-02,paid
204391,2026-03-24,organic
204392,2026-04-20,referral
204393,2026-03-31,organic
204394,2026-03-13,referral
204395,2026-04-03,paid
204396,2026-03-01,referral
204397,2026-03-09,referral
204398,2026-04-11,referral
204399,2026-04-15,referral
204400,2026-04-12,organic
204401,2026-03-05,referral
204402,2026-03-19,referral
204403,2026-04-01,referral
204404,2026-03-21,paid
204405,2026-03-31,organic
204406,2026-03-22,referral
204407,2026-03-19,organic
204408,2026-04-20,paid
204409,2026-04-15,referral
204410,2026-03-19,referral
204411,2026-04-03,referral
204412,2026-03-27,referral
204413,2026-04-18,referral
204414,2026-03-10,organic
204415,2026-03-11,referral
204416,2026-04-25,referral
204417,2026-03-05,organic
204418,2026-04-10,paid
204419,2026-03-24,organic
204420,2026-03-02,organic
204421,2026-04-05,organic
204422,2026-04-20,referral
204423,2026-04-20,referral
204424,2026-03-17,organic
204425,2026-03-05,referral
204426,2026-04-19,organic
204427,2026-03-30,organic
204428,2026-03-05,referral
204429,2026-04-08,referral
204430,2026-04-06,organic
204431,2026-04-25,referral
204432,2026-04-13,organic
204433,2026-03-01,organic
204434,2026-04-06,organic
204435,2026-03-02,referral
204436,2026-04-17,organic
204437,2026-03-21,referral
204438,2026-04-17,referral
204439,2026-03-24,referral
204440,2026-03-08,referral
204441,2026-04-20,referral
204442,2026-04-17,organic
204443,2026-03-30,referral
204444,2026-04-06,paid
204445,2026-03-03,paid
204446,2026-03-04,referral
204447,2026-03-11,organic
204448,2026-03-25,paid
204449,2026-03-04,organic
204450,2026-04-01,referral
204451,2026-03-11,referral
204452,2026-04-17,paid
204453,2026-03-06,paid
204454,2026-03-08,organic
204455,2026-04-14,referral
204456,2026-04-05,organic
204457,2026-04-19,referral
204458,2026-04-03,paid
204459,2026-04-10,organic
204460,2026-04-03,referral
204461,2026-03-27,organic
204462,2026-04-12,organic
204463,2026-04-20,referral
204464,2026-04-22,referral
204465,2026-04-09,referral
204466,2026-04-11,organic
204467,2026-04-22,referral
204468,2026-04-22,organic
204469,2026-03-14,organic
204470,2026-04-07,referral
204471,2026-04-14,referral
204472,2026-04-18,organic
204473,2026-04-15,paid
204474,2026-03-31,paid
204475,2026-04-14,organic
204476,2026-04-18,paid
204477,2026-03-18,referral
204478,2026-03-25,organic
204479,2026-04-06,organic
204480,2026-03-05,paid
204481,2026-03-07,organic
204482,2026-04-20,organic
204483,2026-03-05,referral
204484,2026-04-13,referral
204485,2026-04-01,organic
204486,2026-04-07,referral
204487,2026-03-01,paid
204488,2026-03-23,referral
204489,2026-03-16,referral
204490,2026-04-12,referral
204491,2026-04-18,referral
204492,2026-04-03,organic
204493,2026-04-13,referral
204494,2026-03-20,organic
204495,2026-03-06,referral
204496,2026-04-16,organic
204497,2026-03-05,organic
204498,2026-04-16,organic
204499,2026-03-23,referral
204500,2026-03-20,paid
204501,2026-03-21,referral
204502,2026-03-07,paid
204503,2026-03-09,referral
204504,2026-04-18,referral
204505,2026-03-15,referral
204506,2026-04-19,referral
204507,2026-03-06,organic
204508,2026-03-28,referral
204509,2026-04-16,organic
204510,2026-03-30,organic
204511,2026-03-06,paid
204512,2026-04-13,referral
204513,2026-03-12,organic
204514,2026-03-14,organic
204515,2026-04-10,referral
204516,2026-03-09,paid
204517,2026-04-19,referral
204518,2026-04-01,organic
204519,2026-04-09,referral
204520,2026-03-30,referral
204521,2026-03-12,organic
204522,2026-03-16,paid
204523,2026-04-18,organic
204524,2026-04-16,paid
204525,2026-03-21,referral
204526,2026-04-12,referral
204527,2026-03-09,referral
204528,2026-04-11,organic
204529,2026-03-25,organic
204530,2026-04-15,organic
204531,2026-03-05,referral
204532,2026-03-28,referral
204533,2026-03-21,organic
204534,2026-03-06,referral
204535,2026-03-26,paid
204536,2026-03-03,referral
204537,2026-04-01,referral
204538,2026-03-02,paid
204539,2026-03-16,organic
204540,2026-04-02,organic
204541,2026-04-01,referral
204542,2026-04-03,paid
204543,2026-04-20,referral
204544,2026-04-14,referral
204545,2026-03-17,referral
204546,2026-03-17,referral
204547,2026-04-13,organic
204548,2026-03-28,paid
204549,2026-04-19,referral
204550,2026-04-16,referral
204551,2026-03-27,organic
204552,2026-03-12,referral
204553,2026-03-06,organic
204554,2026-04-06,paid
204555,2026-03-04,referral
204556,2026-03-19,paid
204557,2026-03-07,paid
204558,2026-04-12,paid
204559,2026-04-23,organic
204560,2026-04-10,paid
204561,2026-04-13,organic
204562,2026-03-29,referral
204563,2026-04-09,referral
204564,2026-03-05,paid
204565,2026-04-21,paid
204566,2026-04-22,paid
204567,2026-03-14,organic
204568,2026-03-15,referral
204569,2026-03-06,referral
204570,2026-04-24,referral
204571,2026-03-28,referral
204572,2026-04-18,referral
204573,2026-04-11,referral
204574,2026-04-14,referral
204575,2026-03-08,paid
204576,2026-04-06,paid
204577,2026-03-28,paid
204578,2026-04-17,organic
204579,2026-04-01,referral
204580,2026-03-01,referral
204581,2026-03-19,organic
204582,2026-03-29,referral
204583,2026-03-18,paid
204584,2026-04-20,referral
204585,2026-03-22,organic
204586,2026-03-29,referral
204587,2026-03-09,referral
204588,2026-03-03,referral
204589,2026-04-09,referral
204590,2026-04-21,referral
204591,2026-04-11,referral
204592,2026-04-22,referral
204593,2026-03-23,organic
204594,2026-03-21,organic
204595,2026-03-21,referral
204596,2026-03-28,paid
204597,2026-04-23,referral
204598,2026-03-29,paid
204599,2026-03-24,referral
204600,2026-03-16,referral
204601,2026-03-24,paid
204602,2026-03-26,referral
204603,2026-04-24,organic
204604,2026-03-13,referral
204605,2026-04-05,organic
204606,2026-04-03,referral
204607,2026-03-08,referral
204608,2026-03-02,organic
204609,2026-03-23,referral
204610,2026-03-19,referral
204611,2026-03-15,organic
204612,2026-03-20,referral
204613,2026-03-26,paid
204614,2026-04-25,referral
204615,2026-03-28,organic
204616,2026-03-01,referral
204617,2026-04-17,referral
204618,2026-03-24,referral
204619,2026-04-04,paid
204620,2026-03-14,referral
204621,2026-04-25,organic
204622,2026-03-27,organic
204623,2026-04-19,paid
204624,2026-04-25,referral
204625,2026-04-01,organic
204626,2026-03-04,referral
204627,2026-04-19,referral
204628,2026-04-01,referral
204629,2026-03-14,paid
204630,2026-03-01,referral
204631,2026-03-12,referral
204632,2026-04-09,referral
204633,2026-03-02,referral
204634,2026-03-22,referral
204635,2026-04-22,organic
204636,2026-03-14,organic
204637,2026-03-03,paid
204638,2026-04-16,referral
204639,2026-03-28,referral
204640,2026-03-25,organic
204641,2026-04-23,referral
204642,2026-04-17,referral
204643,2026-03-26,organic
204644,2026-04-19,referral
204645,2026-03-20,referral
204646,2026-03-24,organic
204647,2026-04-25,paid
204648,2026-03-21,referral
204649,2026-04-23,organic
204650,2026-03-29,referral
204651,2026-03-07,organic
204652,2026-03-13,organic
204653,2026-03-12,organic
204654,2026-04-15,referral
204655,2026-03-25,organic
204656,2026-04-12,referral
204657,2026-03-14,paid
204658,2026-04-14,organic
204659,2026-04-19,paid
204660,2026-03-04,referral
204661,2026-04-16,organic
204662,2026-03-03,paid
204663,2026-04-14,paid
204664,2026-03-10,paid
204665,2026-03-15,organic
204666,2026-03-13,referral
204667,2026-04-22,referral
204668,2026-04-15,paid
204669,2026-03-27,referral
204670,2026-04-18,referral
204671,2026-04-19,referral
204672,2026-03-11,paid
204673,2026-04-21,organic
204674,2026-03-18,organic
204675,2026-04-03,organic
204676,2026-03-29,organic
204677,2026-04-04,referral
204678,2026-03-26,paid
204679,2026-03-28,referral
204680,2026-03-24,referral
204681,2026-04-22,referral
204682,2026-04-16,organic
204683,2026-03-18,organic
204684,2026-03-13,paid
204685,2026-04-01,organic
204686,2026-03-15,organic
204687,2026-03-01,referral
204688,2026-04-25,referral
204689,2026-04-15,referral
204690,2026-04-07,organic
204691,2026-03-30,paid
204692,2026-03-26,paid
204693,2026-04-12,referral
204694,2026-03-17,paid
204695,2026-03-06,referral
204696,2026-03-25,referral
204697,2026-03-08,organic
204698,2026-03-16,organic
204699,2026-04-12,organic
204700,2026-04-23,referral
204701,2026-03-23,referral
204702,2026-03-10,paid
204703,2026-04-24,referral
204704,2026-03-24,referral
204705,2026-04-13,organic
204706,2026-04-15,referral
204707,2026-04-04,referral
204708,2026-04-15,referral
204709,2026-03-01,organic
204710,2026-04-04,referral
204711,2026-04-02,referral
204712,2026-04-23,referral
204713,2026-04-06,referral
204714,2026-03-17,organic
204715,2026-03-18,paid
204716,2026-04-25,organic
204717,2026-03-22,organic
204718,2026-04-25,organic
204719,2026-03-27,organic
204720,2026-03-18,paid
204721,2026-03-27,organic
204722,2026-04-07,referral
204723,2026-03-25,referral
204724,2026-03-25,paid
204725,2026-03-29,referral
204726,2026-04-13,referral
204727,2026-04-18,referral
204728,2026-04-13,referral
204729,2026-04-07,organic
204730,2026-03-09,referral
204731,2026-04-18,referral
204732,2026-04-16,referral
204733,2026-03-04,referral
204734,2026-03-17,referral
204735,2026-04-07,organic
204736,2026-03-05,referral
204737,2026-03-13,organic
204738,2026-04-20,organic
204739,2026-03-09,organic
204740,2026-04-04,paid
204741,2026-04-17,organic
204742,2026-04-18,referral
204743,2026-04-15,referral
204744,2026-04-25,organic
204745,2026-03-13,organic
204746,2026-03-12,organic
204747,2026-04-15,referral
204748,2026-04-24,referral
204749,2026-03-17,organic
204750,2026-03-19,organic
204751,2026-04-24,organic
204752,2026-03-15,referral
204753,2026-04-04,paid
204754,2026-04-12,referral
204755,2026-03-25,paid
204756,2026-04-14,referral
204757,2026-03-12,organic
204758,2026-04-12,organic
204759,2026-04-02,referral
204760,2026-03-17,paid
204761,2026-04-07,referral
204762,2026-04-01,organic
204763,2026-04-24,organic
204764,2026-03-31,referral
204765,2026-03-27,organic
204766,2026-04-12,referral
204767,2026-03-18,referral
204768,2026-04-22,organic
204769,2026-03-13,paid
204770,2026-03-16,referral
204771,2026-04-08,referral
204772,2026-03-21,referral
204773,2026-04-25,paid
204774,2026-03-05,referral
204775,2026-03-26,organic
204776,2026-04-23,referral
204777,2026-03-13,referral
204778,2026-04-17,referral
204779,2026-04-01,referral
204780,2026-04-20,paid
204781,2026-04-21,referral
204782,2026-04-06,referral
204783,2026-04-17,referral
204784,2026-03-29,referral
204785,2026-03-16,referral
204786,2026-03-29,paid
204787,2026-03-28,paid
204788,2026-04-08,referral
204789,2026-03-29,organic
204790,2026-04-24,referral
204791,2026-03-01,paid
204792,2026-04-08,organic
204793,2026-03-27,referral
204794,2026-03-17,organic
204795,2026-04-13,organic
204796,2026-03-13,referral
204797,2026-03-10,paid
204798,2026-04-04,paid
204799,2026-04-23,referral
204800,2026-03-14,referral
204801,2026-04-07,referral
204802,2026-03-01,organic
204803,2026-03-29,referral
204804,2026-03-18,paid
204805,2026-04-08,organic
204806,2026-04-16,referral
204807,2026-04-23,referral
204808,2026-04-21,organic
204809,2026-04-20,organic
204810,2026-04-18,referral
204811,2026-03-31,organic
204812,2026-04-06,referral
204813,2026-03-31,referral
204814,2026-03-20,organic
204815,2026-04-22,organic
204816,2026-03-23,referral
204817,2026-03-27,paid
204818,2026-04-25,referral
204819,2026-03-21,organic
204820,2026-04-17,organic
204821,2026-03-19,paid
204822,2026-03-12,referral
204823,2026-03-14,referral
204824,2026-04-24,referral
204825,2026-03-07,organic
204826,2026-03-04,referral
204827,2026-03-18,referral
204828,2026-03-26,referral
204829,2026-04-19,referral
204830,2026-03-18,organic
204831,2026-03-11,organic
204832,2026-03-23,paid
204833,2026-03-20,referral
204834,2026-04-11,referral
204835,2026-03-25,referral
204836,2026-03-21,organic
204837,2026-04-05,referral
204838,2026-04-01,referral
204839,2026-03-03,referral
204840,2026-03-26,referral
204841,2026-04-12,organic
204842,2026-04-10,organic
204843,2026-04-02,organic
204844,2026-03-22,organic
204845,2026-03-27,referral
204846,2026-04-17,paid
204847,2026-03-13,organic
204848,2026-04-07,referral
204849,2026-04-04,paid
204850,2026-03-07,paid
204851,2026-04-05,organic
204852,2026-03-12,referral
204853,2026-04-24,referral
204854,2026-04-17,paid
204855,2026-03-29,organic
204856,2026-03-18,paid
204857,2026-04-15,organic
204858,2026-03-19,paid
204859,2026-04-15,organic
204860,2026-04-15,organic
204861,2026-03-29,referral
204862,2026-04-23,referral
204863,2026-03-20,referral
204864,2026-03-27,referral
204865,2026-03-05,organic
204866,2026-03-18,referral
204867,2026-03-21,organic
204868,2026-03-19,referral
204869,2026-04-19,referral
204870,2026-04-17,referral
204871,2026-04-25,organic
204872,2026-04-15,organic
204873,2026-04-04,organic
204874,2026-04-10,referral
204875,2026-04-23,referral
204876,2026-04-07,referral
204877,2026-04-23,referral
204878,2026-04-13,organic
204879,2026-04-11,paid
204880,2026-03-15,paid
204881,2026-03-18,referral
204882,2026-03-01,organic
204883,2026-04-19,referral
204884,2026-03-17,referral
204885,2026-04-05,referral
204886,2026-03-28,referral
204887,2026-03-13,referral
204888,2026-03-18,referral
204889,2026-03-14,referral
204890,2026-04-14,paid
204891,2026-04-21,referral
204892,2026-04-20,referral
204893,2026-03-26,referral
204894,2026-03-01,organic
204895,2026-03-09,paid
204896,2026-03-22,referral
204897,2026-03-30,paid
204898,2026-03-22,paid
204899,2026-03-16,paid
204900,2026-04-18,organic
204901,2026-03-01,referral
204902,2026-03-17,organic
204903,2026-03-31,paid
204904,2026-04-07,organic
204905,2026-03-15,referral
204906,2026-04-16,referral
204907,2026-03-03,paid
204908,2026-03-29,referral
204909,2026-04-12,referral
204910,2026-03-08,organic
204911,2026-03-02,referral
204912,2026-03-19,paid
204913,2026-04-03,referral
204914,2026-04-17,referral
204915,2026-04-02,organic
204916,2026-04-03,paid
204917,2026-03-01,paid
204918,2026-03-17,organic
204919,2026-03-01,referral
204920,2026-03-23,referral
204921,2026-03-03,referral
204922,2026-03-17,organic
204923,2026-03-31,paid
204924,2026-03-29,paid
204925,2026-04-05,referral
204926,2026-03-03,organic
204927,2026-04-08,paid
204928,2026-04-21,paid
204929,2026-04-07,referral
204930,2026-03-28,paid
204931,2026-04-10,referral
204932,2026-03-26,organic
204933,2026-03-05,referral
204934,2026-04-18,paid
204935,2026-03-21,referral
204936,2026-03-04,referral
204937,2026-04-12,referral
204938,2026-03-23,paid
204939,2026-04-09,referral
204940,2026-04-24,paid
204941,2026-03-16,organic
204942,2026-03-11,organic
204943,2026-03-20,referral
204944,2026-04-22,referral
204945,2026-03-02,referral
204946,2026-04-03,organic
204947,2026-04-07,paid
204948,2026-03-27,paid
204949,2026-03-20,paid
204950,2026-03-12,referral
204951,2026-03-19,paid
204952,2026-03-28,referral
204953,2026-04-22,organic
204954,2026-03-10,referral
204955,2026-03-28,referral
204956,2026-03-08,referral
204957,2026-04-05,organic
204958,2026-03-28,referral
204959,2026-04-15,organic
204960,2026-04-07,paid
204961,2026-03-20,paid
204962,2026-03-15,organic
204963,2026-03-20,paid
204964,2026-04-03,paid
204965,2026-04-17,organic
204966,2026-04-12,referral
204967,2026-04-08,referral
204968,2026-03-02,paid
204969,2026-03-22,referral
204970,2026-04-11,referral
204971,2026-03-05,organic
204972,2026-04-19,referral
204973,2026-03-02,paid
204974,2026-04-01,referral
204975,2026-04-21,paid
204976,2026-03-29,referral
204977,2026-03-29,referral
204978,2026-03-09,organic
204979,2026-04-17,referral
204980,2026-04-04,referral
204981,2026-03-28,paid
204982,2026-04-10,referral
204983,2026-03-28,organic
204984,2026-03-14,organic
204985,2026-04-19,paid
204986,2026-03-01,referral
204987,2026-04-18,referral
204988,2026-04-14,paid
204989,2026-04-16,organic
204990,2026-03-23,organic
204991,2026-03-15,referral
204992,2026-03-25,organic
204993,2026-03-27,paid
204994,2026-03-26,paid
204995,2026-04-19,referral
204996,2026-04-04,referral
204997,2026-04-10,referral
204998,2026-03-24,referral
204999,2026-03-19,referral
205000,2026-04-22,paid
205001,2026-03-22,paid
205002,2026-04-20,referral
205003,2026-03-07,organic
205004,2026-03-13,referral
205005,2026-03-10,referral
205006,2026-03-04,referral
205007,2026-04-20,organic
205008,2026-04-18,paid
205009,2026-03-03,paid
205010,2026-04-05,referral
205011,2026-03-22,organic
205012,2026-04-22,referral
205013,2026-04-24,referral
205014,2026-03-31,paid
205015,2026-04-23,referral
205016,2026-03-17,referral
205017,2026-03-27,referral
205018,2026-04-16,referral
205019,2026-03-05,referral
205020,2026-03-16,referral
205021,2026-04-20,paid
205022,2026-03-29,referral
205023,2026-04-25,referral
205024,2026-03-06,organic
205025,2026-04-09,referral
205026,2026-03-07,referral
205027,2026-04-15,paid
205028,2026-03-17,referral
205029,2026-04-07,paid
205030,2026-03-09,referral
205031,2026-03-03,referral
205032,2026-03-03,paid
205033,2026-03-14,referral
205034,2026-04-14,referral
205035,2026-03-30,paid
205036,2026-03-20,referral
205037,2026-03-05,referral
205038,2026-03-18,organic
205039,2026-03-01,referral
205040,2026-04-15,paid
205041,2026-03-22,referral
205042,2026-03-12,paid
205043,2026-03-17,organic
205044,2026-03-30,paid
205045,2026-03-30,paid
205046,2026-03-13,referral
205047,2026-03-29,paid
205048,2026-03-29,referral
205049,2026-03-20,paid
205050,2026-04-16,referral
205051,2026-04-05,paid
205052,2026-04-06,paid
205053,2026-03-18,referral
205054,2026-03-02,organic
205055,2026-03-28,organic
205056,2026-04-06,paid
205057,2026-04-07,referral
205058,2026-04-25,referral
205059,2026-03-11,referral
205060,2026-04-08,referral
205061,2026-04-06,organic
205062,2026-04-03,referral
205063,2026-03-28,referral
205064,2026-04-25,referral
205065,2026-04-07,organic
205066,2026-03-27,referral
205067,2026-03-14,organic
205068,2026-03-15,organic
205069,2026-03-30,referral
205070,2026-03-24,organic
205071,2026-04-18,organic
205072,2026-03-04,referral
205073,2026-04-25,organic
205074,2026-03-01,paid
205075,2026-04-05,paid
205076,2026-04-01,referral
205077,2026-04-10,organic
205078,2026-04-18,referral
205079,2026-04-08,referral
205080,2026-03-16,organic
205081,2026-03-22,referral
205082,2026-03-20,paid
205083,2026-04-04,organic
205084,2026-03-22,referral
205085,2026-03-19,organic
205086,2026-03-28,paid
205087,2026-03-19,paid
205088,2026-04-05,referral
205089,2026-03-06,referral
205090,2026-04-22,referral
205091,2026-03-25,referral
205092,2026-03-19,organic
205093,2026-03-23,referral
205094,2026-03-02,referral
205095,2026-04-08,referral
205096,2026-04-23,organic
205097,2026-03-20,organic
205098,2026-04-08,paid
205099,2026-04-07,organic
205100,2026-03-12,referral
205101,2026-03-19,referral
205102,2026-03-04,referral
205103,2026-04-23,referral
205104,2026-04-17,referral
205105,2026-04-19,paid
205106,2026-03-16,organic
205107,2026-03-29,organic
205108,2026-04-10,organic
205109,2026-03-22,referral
205110,2026-03-26,referral
205111,2026-03-05,referral
205112,2026-03-21,referral
205113,2026-04-01,organic
205114,2026-04-19,referral
205115,2026-03-29,organic
205116,2026-04-05,paid
205117,2026-04-17,paid
205118,2026-03-19,paid
205119,2026-03-11,referral
205120,2026-03-18,referral
205121,2026-03-21,organic
205122,2026-03-31,paid
205123,2026-04-18,paid
205124,2026-04-22,referral
205125,2026-04-05,referral
205126,2026-03-08,referral
205127,2026-03-17,paid
205128,2026-04-23,organic
205129,2026-03-01,referral
205130,2026-03-13,referral
205131,2026-03-06,referral
205132,2026-04-06,referral
205133,2026-04-20,organic
205134,2026-03-19,referral
205135,2026-04-15,paid
205136,2026-03-24,referral
205137,2026-04-04,paid
205138,2026-03-21,paid
205139,2026-04-06,organic
205140,2026-04-21,referral
205141,2026-03-25,organic
205142,2026-04-02,referral
205143,2026-03-28,referral
205144,2026-03-08,referral
205145,2026-03-20,paid
205146,2026-03-07,paid
205147,2026-03-20,referral
205148,2026-04-10,referral
205149,2026-03-24,organic
205150,2026-04-04,organic
205151,2026-04-09,paid
205152,2026-03-26,referral
205153,2026-03-21,organic
205154,2026-03-04,referral
205155,2026-03-13,paid
205156,2026-03-26,organic
205157,2026-03-25,organic
205158,2026-03-29,referral
205159,2026-04-06,organic
205160,2026-03-05,organic
205161,2026-03-20,organic
205162,2026-03-13,organic
205163,2026-04-01,organic
205164,2026-03-05,referral
205165,2026-04-16,paid
205166,2026-03-17,paid
205167,2026-03-11,referral
205168,2026-04-07,organic
205169,2026-03-05,paid
205170,2026-04-06,paid
205171,2026-03-13,referral
205172,2026-03-15,referral
205173,2026-04-13,paid
205174,2026-04-02,organic
205175,2026-03-07,referral
205176,2026-03-04,referral
205177,2026-04-17,organic
205178,2026-03-07,paid
205179,2026-04-08,referral
205180,2026-04-20,referral
205181,2026-03-01,organic
205182,2026-04-06,referral
205183,2026-03-02,organic
205184,2026-03-17,paid
205185,2026-03-29,paid
205186,2026-03-31,organic
205187,2026-04-13,paid
205188,2026-03-06,organic
205189,2026-04-16,referral
205190,2026-03-31,organic
205191,2026-04-20,referral
205192,2026-03-02,paid
205193,2026-04-01,referral
205194,2026-03-27,referral
205195,2026-03-29,paid
205196,2026-04-03,organic
205197,2026-04-07,organic
205198,2026-04-10,paid
205199,2026-03-21,referral
205200,2026-03-21,organic
205201,2026-03-31,referral
205202,2026-04-17,referral
205203,2026-04-04,paid
205204,2026-03-26,paid
205205,2026-04-03,organic
205206,2026-04-16,organic
205207,2026-03-19,organic
205208,2026-03-16,referral
205209,2026-04-11,paid
205210,2026-04-12,referral
205211,2026-03-23,organic
205212,2026-04-01,referral
205213,2026-04-09,referral
205214,2026-03-05,paid
205215,2026-04-18,referral
205216,2026-04-18,referral
205217,2026-03-29,organic
205218,2026-03-17,paid
205219,2026-04-14,organic
205220,2026-03-29,paid
205221,2026-04-24,paid
205222,2026-03-25,referral
205223,2026-03-08,referral
205224,2026-03-02,referral
205225,2026-03-06,referral
205226,2026-04-21,organic
205227,2026-04-14,organic
205228,2026-04-13,paid
205229,2026-04-15,referral
205230,2026-03-07,paid
205231,2026-04-11,paid
205232,2026-03-15,referral
205233,2026-04-08,referral
205234,2026-03-05,paid
205235,2026-04-14,paid
205236,2026-03-02,paid
205237,2026-04-08,referral
205238,2026-04-11,organic
205239,2026-04-12,referral
205240,2026-04-03,referral
205241,2026-03-16,referral
205242,2026-03-21,referral
205243,2026-03-02,referral
205244,2026-03-07,referral
205245,2026-04-07,paid
205246,2026-03-21,organic
205247,2026-03-21,referral
205248,2026-03-09,organic
205249,2026-04-01,referral
205250,2026-04-02,organic
205251,2026-04-02,organic
205252,2026-03-27,referral
205253,2026-04-17,referral
205254,2026-03-20,organic
205255,2026-03-11,referral
205256,2026-03-10,referral
205257,2026-04-13,paid
205258,2026-03-23,referral
205259,2026-04-13,organic
205260,2026-04-20,referral
205261,2026-03-25,referral
205262,2026-03-05,referral
205263,2026-03-14,referral
205264,2026-03-20,paid
205265,2026-03-07,referral
205266,2026-03-30,organic
205267,2026-04-12,referral
205268,2026-04-01,organic
205269,2026-04-05,referral
205270,2026-03-25,organic
205271,2026-04-14,referral
205272,2026-03-02,referral
205273,2026-04-20,organic
205274,2026-03-26,organic
205275,2026-03-17,paid
205276,2026-03-12,referral
205277,2026-03-20,referral
205278,2026-03-14,referral
205279,2026-03-13,paid
205280,2026-03-02,organic
205281,2026-04-20,organic
205282,2026-04-20,paid
205283,2026-04-19,referral
205284,2026-03-21,organic
205285,2026-04-19,referral
205286,2026-03-13,organic
205287,2026-04-07,referral
205288,2026-04-12,paid
205289,2026-04-01,referral
205290,2026-03-25,organic
205291,2026-03-26,organic
205292,2026-04-12,referral
205293,2026-04-12,referral
205294,2026-03-26,paid
205295,2026-03-12,referral
205296,2026-04-23,referral
205297,2026-03-22,paid
205298,2026-04-13,referral
205299,2026-04-06,organic
205300,2026-03-15,referral
205301,2026-03-17,referral
205302,2026-03-22,organic
205303,2026-04-06,referral
205304,2026-03-02,referral
205305,2026-03-17,paid
205306,2026-03-06,organic
205307,2026-03-21,referral
205308,2026-03-03,paid
205309,2026-03-30,referral
205310,2026-03-31,organic
205311,2026-03-13,referral
205312,2026-03-31,referral
205313,2026-04-10,organic
205314,2026-04-12,referral
205315,2026-04-08,referral
205316,2026-04-09,paid
205317,2026-03-09,organic
205318,2026-04-07,organic
205319,2026-04-01,referral
205320,2026-04-24,referral
205321,2026-03-11,organic
205322,2026-03-28,referral
205323,2026-04-04,paid
205324,2026-04-02,paid
205325,2026-03-30,organic
205326,2026-03-27,paid
205327,2026-04-04,paid
205328,2026-04-19,paid
205329,2026-03-08,referral
205330,2026-03-27,organic
205331,2026-04-02,organic
205332,2026-04-14,organic
205333,2026-03-18,organic
205334,2026-04-16,paid
205335,2026-04-07,organic
205336,2026-04-06,organic
205337,2026-03-26,organic
205338,2026-04-06,referral
205339,2026-03-16,referral
205340,2026-04-06,organic
205341,2026-04-14,paid
205342,2026-03-13,paid
205343,2026-03-29,referral
205344,2026-04-10,referral
205345,2026-03-25,referral
205346,2026-03-15,referral
205347,2026-04-03,organic
205348,2026-03-12,referral
205349,2026-03-10,referral
205350,2026-03-27,referral
205351,2026-03-30,organic
205352,2026-04-18,referral
205353,2026-04-25,organic
205354,2026-04-09,organic
205355,2026-03-15,organic
205356,2026-04-01,referral
205357,2026-04-07,paid
205358,2026-03-28,organic
205359,2026-03-11,referral
205360,2026-04-11,referral
205361,2026-03-25,organic
205362,2026-03-01,referral
205363,2026-04-13,referral
205364,2026-04-13,organic
205365,2026-04-23,organic
205366,2026-04-09,organic
205367,2026-04-14,organic
205368,2026-03-10,referral
205369,2026-03-20,referral
205370,2026-04-21,paid
205371,2026-03-31,organic
205372,2026-03-08,paid
205373,2026-04-02,organic
205374,2026-04-02,referral
205375,2026-04-03,paid
205376,2026-04-21,referral
205377,2026-04-09,organic
205378,2026-04-14,paid
205379,2026-04-04,referral
205380,2026-04-01,organic
205381,2026-03-24,organic
205382,2026-03-09,referral
205383,2026-03-07,referral
205384,2026-03-16,paid
205385,2026-03-30,referral
205386,2026-04-01,organic
205387,2026-03-08,organic
205388,2026-03-17,organic
205389,2026-03-23,organic
205390,2026-03-14,referral
205391,2026-03-02,paid
205392,2026-03-20,paid
205393,2026-03-20,paid
205394,2026-03-02,paid
205395,2026-04-08,referral
205396,2026-03-31,referral
205397,2026-03-18,organic
205398,2026-03-20,organic
205399,2026-03-05,referral
205400,2026-04-02,organic
205401,2026-03-08,paid
205402,2026-03-12,paid
205403,2026-03-29,paid
205404,2026-03-24,organic
205405,2026-03-03,referral
205406,2026-03-20,paid
205407,2026-03-28,paid
205408,2026-03-16,paid
205409,2026-03-23,referral
205410,2026-04-10,organic
205411,2026-04-14,paid
205412,2026-03-27,referral
205413,2026-04-06,paid
205414,2026-03-09,referral
205415,2026-03-13,organic
205416,2026-04-19,organic
205417,2026-04-16,referral
205418,2026-03-08,referral
205419,2026-03-05,referral
205420,2026-03-09,paid
205421,2026-03-20,paid
205422,2026-03-02,organic
205423,2026-03-17,referral
205424,2026-04-07,referral
205425,2026-03-09,referral
205426,2026-04-12,paid
205427,2026-03-02,organic
205428,2026-04-02,referral
205429,2026-04-08,referral
205430,2026-03-21,referral
205431,2026-04-11,paid
205432,2026-04-03,referral
205433,2026-03-06,referral
205434,2026-04-04,referral
205435,2026-03-17,referral
205436,2026-03-10,referral
205437,2026-04-01,referral
205438,2026-03-05,paid
205439,2026-04-22,referral
205440,2026-03-26,organic
205441,2026-03-26,organic
205442,2026-04-11,paid
205443,2026-04-18,paid
205444,2026-04-09,referral
205445,2026-04-13,referral
205446,2026-03-09,referral
205447,2026-03-02,referral
205448,2026-03-06,referral
205449,2026-04-17,paid
205450,2026-04-17,organic
205451,2026-04-17,referral
205452,2026-03-19,organic
205453,2026-03-13,referral
205454,2026-04-10,referral
205455,2026-03-28,paid
205456,2026-03-28,referral
205457,2026-04-03,referral
205458,2026-04-13,referral
205459,2026-03-06,referral
205460,2026-03-02,paid
205461,2026-03-29,paid
205462,2026-03-26,paid
205463,2026-03-01,organic
205464,2026-03-05,organic
205465,2026-04-08,paid
205466,2026-04-17,paid
205467,2026-03-12,organic
205468,2026-04-17,organic
205469,2026-03-22,paid
205470,2026-03-08,referral
205471,2026-04-09,paid
205472,2026-03-14,referral
205473,2026-04-14,referral
205474,2026-03-18,organic
205475,2026-03-29,referral
205476,2026-04-11,referral
205477,2026-03-30,referral
205478,2026-03-24,referral
205479,2026-03-21,organic
205480,2026-04-10,paid
205481,2026-03-30,organic
205482,2026-03-21,organic
205483,2026-03-03,referral
205484,2026-04-11,organic
205485,2026-03-15,referral
205486,2026-03-28,referral
205487,2026-03-30,organic
205488,2026-03-23,referral
205489,2026-04-12,referral
205490,2026-04-21,referral
205491,2026-03-22,organic
205492,2026-03-02,referral
205493,2026-03-11,referral
205494,2026-03-04,referral
205495,2026-04-18,referral
205496,2026-04-09,organic
205497,2026-04-10,referral
205498,2026-03-03,paid
205499,2026-04-19,referral
205500,2026-04-18,organic
205501,2026-04-06,organic
205502,2026-03-25,organic
205503,2026-03-28,referral
205504,2026-03-25,paid
205505,2026-04-22,referral
205506,2026-03-01,organic
205507,2026-03-31,referral
205508,2026-04-23,organic
205509,2026-04-21,organic
205510,2026-04-02,organic
205511,2026-03-07,referral
205512,2026-03-07,paid
205513,2026-04-24,paid
205514,2026-04-23,referral
205515,2026-04-04,paid
205516,2026-04-08,referral
205517,2026-03-11,organic
205518,2026-04-18,referral
205519,2026-03-22,paid
205520,2026-03-07,referral
205521,2026-04-23,paid
205522,2026-03-03,paid
205523,2026-03-27,referral
205524,2026-04-20,referral
205525,2026-03-02,referral
205526,2026-04-06,organic
205527,2026-03-22,referral
205528,2026-03-21,organic
205529,2026-03-10,paid
205530,2026-03-23,referral
205531,2026-04-17,paid
205532,2026-03-21,referral
205533,2026-04-07,referral
205534,2026-03-19,paid
205535,2026-03-16,organic
205536,2026-03-22,referral
205537,2026-04-06,referral
205538,2026-03-29,organic
205539,2026-03-13,organic
205540,2026-03-20,paid
205541,2026-03-01,referral
205542,2026-04-21,referral
205543,2026-03-16,organic
205544,2026-04-17,organic
205545,2026-03-19,referral
205546,2026-03-29,organic
205547,2026-03-08,referral
205548,2026-03-10,paid
205549,2026-03-11,paid
205550,2026-03-13,referral
205551,2026-03-03,organic
205552,2026-03-27,referral
205553,2026-03-07,organic
205554,2026-03-24,organic
205555,2026-04-05,referral
205556,2026-03-31,organic
205557,2026-04-08,referral
205558,2026-03-11,paid
205559,2026-03-16,paid
205560,2026-03-23,organic
205561,2026-04-02,paid
205562,2026-04-06,organic
205563,2026-03-30,paid
205564,2026-04-04,organic
205565,2026-04-21,referral
205566,2026-04-20,organic
205567,2026-04-05,paid
205568,2026-04-21,referral
205569,2026-03-13,referral
205570,2026-04-19,organic
205571,2026-03-19,referral
205572,2026-03-20,paid
205573,2026-03-03,paid
205574,2026-03-05,organic
205575,2026-03-30,referral
205576,2026-04-04,organic
205577,2026-04-06,paid
205578,2026-03-23,referral
205579,2026-04-03,referral
205580,2026-03-07,referral
205581,2026-04-02,organic
205582,2026-03-29,organic
205583,2026-03-31,organic
205584,2026-03-08,organic
205585,2026-04-09,organic
205586,2026-04-22,organic
205587,2026-03-27,referral
205588,2026-03-02,referral
205589,2026-03-02,referral
205590,2026-03-25,organic
205591,2026-04-14,referral
205592,2026-03-02,paid
205593,2026-04-10,organic
205594,2026-04-25,organic
205595,2026-04-01,paid
205596,2026-04-25,organic
205597,2026-03-13,paid
205598,2026-04-25,referral
205599,2026-03-29,referral
205600,2026-03-20,organic
205601,2026-03-18,referral
205602,2026-04-03,referral
205603,2026-04-07,paid
205604,2026-04-23,paid
205605,2026-04-22,organic
205606,2026-04-03,organic
205607,2026-03-27,organic
205608,2026-04-18,paid
205609,2026-03-17,referral
205610,2026-04-12,paid
205611,2026-03-23,paid
205612,2026-04-21,referral
205613,2026-03-05,referral
205614,2026-03-12,organic
205615,2026-04-08,organic
205616,2026-04-18,referral
205617,2026-04-22,referral
205618,2026-03-10,referral
205619,2026-03-28,referral
205620,2026-04-21,referral
205621,2026-03-26,paid
205622,2026-03-07,organic
205623,2026-03-30,referral
205624,2026-04-04,organic
205625,2026-04-19,referral
205626,2026-03-27,organic
205627,2026-04-20,organic
205628,2026-04-25,referral
205629,2026-04-13,paid
205630,2026-04-06,referral
205631,2026-03-11,organic
205632,2026-03-05,referral
205633,2026-04-17,organic
205634,2026-04-07,organic
205635,2026-03-22,referral
205636,2026-03-16,referral
205637,2026-03-10,organic
205638,2026-03-17,paid
205639,2026-03-17,organic
205640,2026-04-20,referral
205641,2026-04-25,organic
205642,2026-03-15,organic
205643,2026-03-12,referral
205644,2026-03-20,referral
205645,2026-03-15,referral
205646,2026-03-14,paid
205647,2026-03-06,referral
205648,2026-04-04,paid
205649,2026-04-13,organic
205650,2026-04-06,organic
205651,2026-03-03,organic
205652,2026-03-05,referral
205653,2026-04-09,organic
205654,2026-04-08,referral
205655,2026-03-08,paid
205656,2026-04-23,organic
205657,2026-04-19,referral
205658,2026-03-22,referral
205659,2026-03-04,referral
205660,2026-04-09,referral
205661,2026-03-03,referral
205662,2026-04-03,referral
205663,2026-04-13,paid
205664,2026-04-13,referral
205665,2026-03-16,organic
205666,2026-03-05,organic
205667,2026-03-21,referral
205668,2026-04-15,referral
205669,2026-04-08,paid
205670,2026-04-22,organic
205671,2026-03-17,organic
205672,2026-04-04,paid
205673,2026-03-16,referral
205674,2026-04-07,organic
205675,2026-04-09,referral
205676,2026-03-28,referral
205677,2026-03-23,paid
205678,2026-03-16,referral
205679,2026-03-21,organic
205680,2026-03-06,referral
205681,2026-04-18,referral
205682,2026-03-07,referral
205683,2026-03-10,paid
205684,2026-04-16,referral
205685,2026-04-01,organic
205686,2026-03-07,paid
205687,2026-03-01,paid
205688,2026-04-15,referral
205689,2026-03-13,referral
205690,2026-03-04,referral
205691,2026-03-24,referral
205692,2026-04-20,referral
205693,2026-04-21,referral
205694,2026-03-23,referral
205695,2026-03-21,organic
205696,2026-03-22,referral
205697,2026-03-10,referral
205698,2026-04-24,organic
205699,2026-03-23,referral
205700,2026-04-18,paid
205701,2026-04-17,referral
205702,2026-04-18,organic
205703,2026-03-04,referral
205704,2026-03-22,referral
205705,2026-03-19,paid
205706,2026-04-11,paid
205707,2026-04-10,referral
205708,2026-03-14,referral
205709,2026-03-25,organic
205710,2026-03-18,referral
205711,2026-03-07,organic
205712,2026-03-05,organic
205713,2026-03-05,organic
205714,2026-03-13,organic
205715,2026-03-29,organic
205716,2026-03-28,referral
205717,2026-03-16,referral
205718,2026-04-08,paid
205719,2026-04-04,referral
205720,2026-04-13,referral
205721,2026-03-22,paid
205722,2026-03-31,organic
205723,2026-03-19,organic
205724,2026-04-18,organic
205725,2026-03-10,organic
205726,2026-03-02,organic
205727,2026-03-30,organic
205728,2026-03-05,organic
205729,2026-04-08,referral
205730,2026-03-21,paid
205731,2026-03-29,paid
205732,2026-03-06,referral
205733,2026-03-17,referral
205734,2026-03-12,organic
205735,2026-03-26,referral
205736,2026-03-08,organic
205737,2026-04-16,organic
205738,2026-03-19,referral
205739,2026-04-09,referral
205740,2026-04-17,organic
205741,2026-03-12,organic
205742,2026-03-02,paid
205743,2026-04-18,referral
205744,2026-03-19,paid
205745,2026-03-08,referral
205746,2026-03-12,organic
205747,2026-04-14,referral
205748,2026-04-02,referral
205749,2026-04-22,referral
205750,2026-03-17,paid
205751,2026-04-07,organic
205752,2026-03-17,referral
205753,2026-04-10,organic
205754,2026-04-09,paid
205755,2026-04-22,referral
205756,2026-03-13,referral
205757,2026-03-27,organic
205758,2026-03-14,organic
205759,2026-03-03,referral
205760,2026-03-26,paid
205761,2026-04-05,referral
205762,2026-04-10,paid
205763,2026-04-18,paid
205764,2026-03-25,referral
205765,2026-03-15,referral
205766,2026-03-17,organic
205767,2026-04-01,referral
205768,2026-04-15,organic
205769,2026-04-10,referral
205770,2026-04-11,referral
205771,2026-03-30,referral
205772,2026-04-03,referral
205773,2026-04-10,referral
205774,2026-03-28,organic
205775,2026-03-08,referral
205776,2026-04-15,organic
205777,2026-04-23,referral
205778,2026-04-07,referral
205779,2026-04-12,referral
205780,2026-03-02,organic
205781,2026-04-10,paid
205782,2026-04-12,paid
205783,2026-03-31,paid
205784,2026-04-24,organic
205785,2026-03-24,referral
205786,2026-04-14,organic
205787,2026-03-28,referral
205788,2026-03-28,organic
205789,2026-03-28,referral
205790,2026-04-15,referral
205791,2026-04-06,organic
205792,2026-03-21,organic
205793,2026-04-24,referral
205794,2026-03-16,organic
205795,2026-03-15,referral
205796,2026-04-16,organic
205797,2026-04-20,referral
205798,2026-03-21,referral
205799,2026-03-12,organic
205800,2026-03-03,organic
205801,2026-04-12,referral
205802,2026-03-06,referral
205803,2026-04-05,referral
205804,2026-03-02,referral
205805,2026-03-23,referral
205806,2026-04-21,organic
205807,2026-03-22,referral
205808,2026-04-15,paid
205809,2026-03-14,organic
205810,2026-03-06,referral
205811,2026-04-23,referral
205812,2026-03-14,referral
205813,2026-04-05,paid
205814,2026-03-24,organic
205815,2026-03-03,organic
205816,2026-03-05,paid
205817,2026-04-23,organic
205818,2026-04-09,referral
205819,2026-04-16,organic
205820,2026-04-03,referral
205821,2026-03-09,referral
205822,2026-04-19,referral
205823,2026-04-24,paid
205824,2026-03-12,referral
205825,2026-04-18,referral
205826,2026-03-03,referral
205827,2026-03-14,referral
205828,2026-04-05,organic
205829,2026-04-03,referral
205830,2026-03-25,referral
205831,2026-03-24,referral
205832,2026-04-24,referral
205833,2026-03-31,referral
205834,2026-03-13,referral
205835,2026-03-28,referral
205836,2026-03-30,paid
205837,2026-04-19,referral
205838,2026-04-13,referral
205839,2026-04-14,organic
205840,2026-04-09,organic
205841,2026-03-04,paid
205842,2026-03-23,referral
205843,2026-03-27,paid
205844,2026-03-21,organic
205845,2026-03-15,referral
205846,2026-03-25,organic
205847,2026-03-07,referral
205848,2026-03-22,organic
205849,2026-03-01,referral
205850,2026-04-05,referral
205851,2026-03-23,referral
205852,2026-03-20,organic
205853,2026-03-14,paid
205854,2026-03-06,paid
205855,2026-04-08,referral
205856,2026-03-04,paid
205857,2026-03-30,organic
205858,2026-04-08,referral
205859,2026-03-18,referral
205860,2026-03-27,referral
205861,2026-04-11,referral
205862,2026-03-09,referral
205863,2026-04-05,organic
205864,2026-04-05,referral
205865,2026-03-19,paid
205866,2026-04-06,paid
205867,2026-04-14,paid
205868,2026-04-04,referral
205869,2026-03-10,referral
205870,2026-03-03,paid
205871,2026-04-21,referral
205872,2026-04-23,referral
205873,2026-03-16,paid
205874,2026-03-07,paid
205875,2026-03-18,referral
205876,2026-04-25,paid
205877,2026-04-02,paid
205878,2026-04-12,referral
205879,2026-04-23,paid
205880,2026-04-08,referral
205881,2026-04-14,referral
205882,2026-04-22,organic
205883,2026-04-25,referral
205884,2026-03-10,organic
205885,2026-03-26,organic
205886,2026-04-12,organic
205887,2026-04-20,paid
205888,2026-04-09,referral
205889,2026-03-27,organic
205890,2026-03-27,referral
205891,2026-03-15,paid
205892,2026-04-22,referral
205893,2026-03-03,organic
205894,2026-04-25,referral
205895,2026-03-17,referral
205896,2026-04-22,organic
205897,2026-04-05,referral
205898,2026-03-16,organic
205899,2026-03-15,organic
205900,2026-03-04,organic
205901,2026-03-21,referral
205902,2026-03-07,referral
205903,2026-03-02,referral
205904,2026-04-08,paid
205905,2026-04-02,referral
205906,2026-03-24,paid
205907,2026-04-17,referral
205908,2026-03-09,organic
205909,2026-03-28,referral
205910,2026-03-14,referral
205911,2026-03-07,referral
205912,2026-04-10,referral
205913,2026-04-18,referral
205914,2026-03-01,referral
205915,2026-04-25,paid
205916,2026-04-04,paid
205917,2026-03-28,referral
205918,2026-03-16,referral
205919,2026-04-05,referral
205920,2026-03-02,referral
205921,2026-03-10,referral
205922,2026-04-06,paid
205923,2026-03-09,organic
205924,2026-04-14,referral
205925,2026-04-21,referral
205926,2026-03-11,organic
205927,2026-03-13,referral
205928,2026-03-29,referral
205929,2026-03-20,referral
205930,2026-04-21,organic
205931,2026-03-29,organic
205932,2026-03-12,referral
205933,2026-03-15,organic
205934,2026-03-13,referral
205935,2026-04-03,referral
205936,2026-04-25,referral
205937,2026-03-30,paid
205938,2026-04-14,paid
205939,2026-04-25,referral
205940,2026-04-17,organic
205941,2026-04-10,organic
205942,2026-03-27,paid
205943,2026-03-01,referral
205944,2026-03-19,paid
205945,2026-04-11,paid
205946,2026-03-25,referral
205947,2026-03-29,paid
205948,2026-03-11,paid
205949,2026-04-06,referral
205950,2026-04-25,referral
205951,2026-03-27,referral
205952,2026-04-06,referral
205953,2026-04-05,referral
205954,2026-03-04,organic
205955,2026-04-18,organic
205956,2026-04-05,referral
205957,2026-04-08,referral
205958,2026-03-28,organic
205959,2026-03-04,organic
205960,2026-03-10,referral
205961,2026-04-23,organic
205962,2026-03-26,paid
205963,2026-04-24,referral
205964,2026-04-12,referral
205965,2026-03-15,referral
205966,2026-03-30,organic
205967,2026-03-15,paid
205968,2026-03-27,organic
205969,2026-04-22,referral
205970,2026-04-20,paid
205971,2026-03-31,organic
205972,2026-03-07,referral
205973,2026-04-11,paid
205974,2026-03-10,referral
205975,2026-04-03,organic
205976,2026-04-10,referral
205977,2026-03-17,paid
205978,2026-04-01,organic
205979,2026-04-12,referral
205980,2026-04-13,referral
205981,2026-04-08,referral
205982,2026-03-08,referral
205983,2026-04-20,referral
205984,2026-04-10,referral
205985,2026-04-07,paid
205986,2026-03-29,paid
205987,2026-04-14,organic
205988,2026-03-17,organic
205989,2026-03-21,paid
205990,2026-03-03,referral
205991,2026-03-06,referral
205992,2026-03-08,referral
205993,2026-04-07,organic
205994,2026-04-16,paid
205995,2026-03-14,referral
205996,2026-03-09,referral
205997,2026-04-09,organic
205998,2026-03-13,paid
205999,2026-04-17,referral
206000,2026-03-07,referral
206001,2026-03-07,referral
206002,2026-04-14,paid
206003,2026-04-19,paid
206004,2026-03-21,organic
206005,2026-03-27,referral
206006,2026-03-07,referral
206007,2026-04-25,paid
206008,2026-04-02,referral
206009,2026-03-12,referral
206010,2026-03-16,organic
206011,2026-04-09,organic
206012,2026-04-17,referral
206013,2026-03-05,paid
206014,2026-03-22,referral
206015,2026-03-10,organic
206016,2026-03-22,paid
206017,2026-04-19,referral
206018,2026-03-07,paid
206019,2026-04-21,paid
206020,2026-03-23,referral
206021,2026-03-17,referral
206022,2026-04-23,referral
206023,2026-03-24,paid
206024,2026-04-22,organic
206025,2026-03-11,paid
206026,2026-04-05,paid
206027,2026-03-02,organic
206028,2026-03-28,organic
206029,2026-03-07,referral
206030,2026-03-02,paid
206031,2026-03-07,referral
206032,2026-03-15,referral
206033,2026-03-05,organic
206034,2026-03-24,paid
206035,2026-03-29,referral
206036,2026-04-21,referral
206037,2026-04-22,referral
206038,2026-04-09,referral
206039,2026-03-05,paid
206040,2026-03-19,referral
206041,2026-04-10,referral
206042,2026-04-17,referral
206043,2026-03-20,referral
206044,2026-03-29,referral
206045,2026-04-03,referral
206046,2026-04-07,referral
206047,2026-04-24,referral
206048,2026-03-18,referral
206049,2026-03-07,referral
206050,2026-03-27,referral
206051,2026-04-19,referral
206052,2026-04-12,referral
206053,2026-03-27,organic
206054,2026-03-21,referral
206055,2026-03-31,referral
206056,2026-03-22,referral
206057,2026-03-23,organic
206058,2026-03-24,organic
206059,2026-03-11,organic
206060,2026-04-12,referral
206061,2026-04-11,referral
206062,2026-04-16,referral
206063,2026-04-22,referral
206064,2026-04-16,organic
206065,2026-03-05,organic
206066,2026-03-18,referral
206067,2026-04-12,paid
206068,2026-03-22,referral
206069,2026-04-06,organic
206070,2026-03-01,organic
206071,2026-04-20,organic
206072,2026-03-22,paid
206073,2026-03-13,referral
206074,2026-04-08,referral
206075,2026-03-26,referral
206076,2026-04-09,referral
206077,2026-04-11,referral
206078,2026-04-23,organic
206079,2026-03-14,paid
206080,2026-04-22,organic
206081,2026-03-28,referral
206082,2026-04-07,referral
206083,2026-04-24,paid
206084,2026-03-05,referral
206085,2026-03-23,organic
206086,2026-03-06,organic
206087,2026-04-06,organic
206088,2026-03-16,organic
206089,2026-04-17,paid
206090,2026-03-15,referral
206091,2026-03-07,organic
206092,2026-04-23,organic
206093,2026-03-06,paid
206094,2026-04-22,referral
206095,2026-03-25,referral
206096,2026-04-05,paid
206097,2026-03-02,organic
206098,2026-03-07,referral
206099,2026-03-12,referral
206100,2026-04-23,organic
206101,2026-03-21,organic
206102,2026-03-28,organic
206103,2026-04-08,paid
206104,2026-03-08,referral
206105,2026-03-11,paid
206106,2026-03-26,referral
206107,2026-03-07,organic
206108,2026-04-09,referral
206109,2026-03-10,referral
206110,2026-03-09,referral
206111,2026-03-30,organic
206112,2026-03-24,referral
206113,2026-04-24,organic
206114,2026-04-15,paid
206115,2026-03-13,referral
206116,2026-03-28,paid
206117,2026-04-05,paid
206118,2026-03-08,referral
206119,2026-04-20,paid
206120,2026-04-03,referral
206121,2026-04-03,organic
206122,2026-04-25,paid
206123,2026-03-11,organic
206124,2026-03-23,referral
206125,2026-04-13,organic
206126,2026-04-25,organic
206127,2026-03-20,referral
206128,2026-04-25,referral
206129,2026-04-21,paid
206130,2026-04-11,organic
206131,2026-04-02,referral
206132,2026-03-22,paid
206133,2026-03-27,paid
206134,2026-04-10,organic
206135,2026-03-27,organic
206136,2026-04-12,organic
206137,2026-03-10,referral
206138,2026-03-23,referral
206139,2026-04-14,referral
206140,2026-04-18,referral
206141,2026-03-18,organic
206142,2026-03-18,organic
206143,2026-04-11,organic
206144,2026-03-25,referral
206145,2026-03-04,organic
206146,2026-03-25,referral
206147,2026-03-10,referral
206148,2026-03-05,organic
206149,2026-03-01,paid
206150,2026-04-05,paid
206151,2026-03-31,referral
206152,2026-04-10,paid
206153,2026-03-26,referral
206154,2026-03-20,paid
206155,2026-04-13,referral
206156,2026-04-21,organic
206157,2026-04-17,paid
206158,2026-04-01,referral
206159,2026-03-29,referral
206160,2026-03-21,organic
206161,2026-04-25,referral
206162,2026-03-05,paid
206163,2026-03-12,referral
206164,2026-03-22,referral
206165,2026-03-24,organic
206166,2026-04-11,organic
206167,2026-04-10,organic
206168,2026-04-09,organic
206169,2026-03-11,organic
206170,2026-03-18,referral
206171,2026-03-16,paid
206172,2026-03-08,referral
206173,2026-03-12,referral
206174,2026-03-21,organic
206175,2026-03-09,referral
206176,2026-04-25,paid
206177,2026-04-22,organic
206178,2026-04-04,referral
206179,2026-03-05,referral
206180,2026-04-14,organic
206181,2026-04-17,referral
206182,2026-04-07,referral
206183,2026-03-27,referral
206184,2026-04-17,organic
206185,2026-04-06,referral
206186,2026-04-24,referral
206187,2026-03-04,referral
206188,2026-04-06,organic
206189,2026-03-13,organic
206190,2026-04-11,organic
206191,2026-03-26,paid
206192,2026-04-14,referral
206193,2026-03-26,referral
206194,2026-03-04,paid
206195,2026-03-01,organic
206196,2026-04-08,organic
206197,2026-03-28,organic
206198,2026-04-08,organic
206199,2026-04-04,referral
206200,2026-04-21,referral
206201,2026-03-12,organic
206202,2026-03-04,referral
206203,2026-03-02,organic
206204,2026-03-12,referral
206205,2026-03-01,referral
206206,2026-03-24,referral
206207,2026-03-15,referral
206208,2026-03-28,referral
206209,2026-03-09,organic
206210,2026-04-08,referral
206211,2026-04-15,referral
206212,2026-04-17,organic
206213,2026-03-19,paid
206214,2026-03-06,referral
206215,2026-04-23,paid
206216,2026-04-07,paid
206217,2026-03-13,referral
206218,2026-03-13,referral
206219,2026-03-31,paid
206220,2026-03-27,paid
206221,2026-03-14,referral
206222,2026-04-23,paid
206223,2026-04-23,referral
206224,2026-04-11,referral
206225,2026-03-28,referral
206226,2026-04-13,organic
206227,2026-03-02,paid
206228,2026-03-18,referral
206229,2026-03-14,organic
206230,2026-03-21,paid
206231,2026-03-06,referral
206232,2026-03-07,paid
206233,2026-03-26,referral
206234,2026-03-19,referral
206235,2026-03-22,referral
206236,2026-04-02,organic
206237,2026-03-27,organic
206238,2026-03-27,organic
206239,2026-04-22,organic
206240,2026-04-10,paid
206241,2026-03-25,referral
206242,2026-04-14,paid
206243,2026-04-17,paid
206244,2026-04-25,organic
206245,2026-04-09,referral
206246,2026-03-09,referral
206247,2026-04-18,organic
206248,2026-04-12,paid
206249,2026-04-08,organic
206250,2026-04-07,referral
206251,2026-03-09,referral
206252,2026-04-22,referral
206253,2026-04-25,organic
206254,2026-04-04,organic
206255,2026-03-11,paid
206256,2026-04-25,organic
206257,2026-03-20,referral
206258,2026-03-03,organic
206259,2026-04-20,referral
206260,2026-04-12,organic
206261,2026-03-05,organic
206262,2026-03-15,organic
206263,2026-03-09,organic
206264,2026-04-11,organic
206265,2026-03-07,referral
206266,2026-03-11,paid
206267,2026-03-25,paid
206268,2026-03-19,paid
206269,2026-03-12,paid
206270,2026-04-02,organic
206271,2026-03-06,referral
206272,2026-03-24,paid
206273,2026-04-15,referral
206274,2026-04-06,organic
206275,2026-04-21,organic
206276,2026-04-06,referral
206277,2026-03-08,organic
206278,2026-03-13,organic
206279,2026-03-08,organic
206280,2026-03-09,referral
206281,2026-03-15,organic
206282,2026-04-16,referral
206283,2026-04-10,organic
206284,2026-03-09,referral
206285,2026-03-18,referral
206286,2026-03-29,paid
206287,2026-04-03,paid
206288,2026-04-08,organic
206289,2026-03-24,organic
206290,2026-03-06,referral
206291,2026-03-11,referral
206292,2026-04-18,organic
206293,2026-03-15,referral
206294,2026-03-17,referral
206295,2026-03-05,referral
206296,2026-04-01,referral
206297,2026-04-04,referral
206298,2026-04-11,referral
206299,2026-03-10,organic
206300,2026-03-17,paid
206301,2026-04-22,referral
206302,2026-03-28,referral
206303,2026-04-15,referral
206304,2026-04-04,paid
206305,2026-03-26,organic
206306,2026-03-09,referral
206307,2026-04-20,paid
206308,2026-04-19,paid
206309,2026-04-10,referral
206310,2026-03-15,referral
206311,2026-04-01,organic
206312,2026-03-25,referral
206313,2026-04-03,organic
206314,2026-04-07,paid
206315,2026-03-04,referral
206316,2026-03-25,paid
206317,2026-04-22,organic
206318,2026-04-19,referral
206319,2026-03-29,organic
206320,2026-03-03,organic
206321,2026-03-04,organic
206322,2026-03-24,organic
206323,2026-03-01,paid
206324,2026-03-26,referral
206325,2026-03-22,organic
206326,2026-03-03,organic
206327,2026-03-09,referral
206328,2026-04-03,organic
206329,2026-04-24,referral
206330,2026-03-18,paid
206331,2026-03-25,referral
206332,2026-03-12,organic
206333,2026-04-20,organic
206334,2026-04-15,paid
206335,2026-03-18,organic
206336,2026-03-14,referral
206337,2026-04-23,referral
206338,2026-04-22,referral
206339,2026-04-25,organic
206340,2026-04-07,referral
206341,2026-04-02,referral
206342,2026-03-26,referral
206343,2026-03-04,organic
206344,2026-04-20,organic
206345,2026-03-21,paid
206346,2026-04-07,referral
206347,2026-03-28,organic
206348,2026-03-08,organic
206349,2026-03-05,referral
206350,2026-03-17,organic
206351,2026-04-14,referral
206352,2026-04-22,referral
206353,2026-04-18,organic
206354,2026-04-23,referral
206355,2026-04-09,referral
206356,2026-04-10,referral
206357,2026-04-04,organic
206358,2026-03-01,organic
206359,2026-04-15,referral
206360,2026-03-25,referral
206361,2026-03-07,referral
206362,2026-04-02,referral
206363,2026-03-07,referral
206364,2026-04-05,organic
206365,2026-04-24,paid
206366,2026-03-10,referral
206367,2026-04-21,referral
206368,2026-03-24,paid
206369,2026-04-01,referral
206370,2026-03-23,referral
206371,2026-03-28,organic
206372,2026-04-04,organic
206373,2026-03-29,referral
206374,2026-03-30,organic
206375,2026-04-20,organic
206376,2026-04-15,paid
206377,2026-04-22,referral
206378,2026-03-30,referral
206379,2026-04-11,referral
206380,2026-03-02,referral
206381,2026-03-08,paid
206382,2026-03-19,referral
206383,2026-04-25,referral
206384,2026-03-14,organic
206385,2026-03-16,referral
206386,2026-03-14,organic
206387,2026-04-19,referral
206388,2026-04-07,paid
206389,2026-04-14,referral
206390,2026-03-14,paid
206391,2026-03-02,organic
206392,2026-04-08,referral
206393,2026-04-14,organic
206394,2026-03-17,paid
206395,2026-04-06,referral
206396,2026-03-10,organic
206397,2026-04-16,referral
206398,2026-03-29,referral
206399,2026-03-23,paid
206400,2026-03-10,referral
206401,2026-03-08,organic
206402,2026-03-25,referral
206403,2026-04-19,organic
206404,2026-03-13,organic
206405,2026-04-18,organic
206406,2026-04-18,paid
206407,2026-03-17,organic
206408,2026-04-11,organic
206409,2026-04-23,referral
206410,2026-03-23,organic
206411,2026-04-14,referral
206412,2026-04-12,referral
206413,2026-04-04,organic
206414,2026-04-11,referral
206415,2026-03-31,organic
206416,2026-04-01,referral
206417,2026-03-31,paid
206418,2026-03-27,referral
206419,2026-03-27,organic
206420,2026-03-01,referral
206421,2026-04-25,referral
206422,2026-03-30,organic
206423,2026-03-04,referral
206424,2026-03-13,organic
206425,2026-04-19,organic
206426,2026-03-20,paid
206427,2026-03-20,referral
206428,2026-03-29,organic
206429,2026-04-11,organic
206430,2026-03-06,referral
206431,2026-03-09,referral
206432,2026-04-22,paid
206433,2026-03-31,referral
206434,2026-03-24,paid
206435,2026-04-04,paid
206436,2026-03-03,referral
206437,2026-03-19,organic
206438,2026-03-03,paid
206439,2026-04-05,organic
206440,2026-04-09,paid
206441,2026-03-23,paid
206442,2026-03-29,referral
206443,2026-04-17,referral
206444,2026-03-21,organic
206445,2026-03-04,referral
206446,2026-03-15,organic
206447,2026-03-05,organic
206448,2026-03-01,referral
206449,2026-03-11,paid
206450,2026-03-24,referral
206451,2026-04-24,referral
206452,2026-03-28,organic
206453,2026-04-18,organic
206454,2026-03-08,referral
206455,2026-03-05,referral
206456,2026-04-15,organic
206457,2026-03-04,referral
206458,2026-04-11,organic
206459,2026-03-18,organic
206460,2026-03-18,referral
206461,2026-04-07,referral
206462,2026-03-01,organic
206463,2026-04-09,referral
206464,2026-04-07,organic
206465,2026-03-09,referral
206466,2026-04-17,organic
206467,2026-03-16,organic
206468,2026-03-03,referral
206469,2026-04-04,organic
206470,2026-04-05,organic
206471,2026-03-31,organic
206472,2026-03-19,referral
206473,2026-03-08,organic
206474,2026-04-01,organic
206475,2026-04-12,organic
206476,2026-03-07,referral
206477,2026-04-07,referral
206478,2026-04-09,organic
206479,2026-03-22,referral
206480,2026-03-20,referral
206481,2026-04-09,organic
206482,2026-04-24,referral
206483,2026-03-30,referral
206484,2026-04-19,referral
206485,2026-03-08,referral
206486,2026-03-23,referral
206487,2026-03-27,referral
206488,2026-04-10,organic
206489,2026-03-13,referral
206490,2026-04-06,referral
206491,2026-04-15,referral
206492,2026-04-21,organic
206493,2026-03-22,paid
206494,2026-03-21,referral
206495,2026-03-20,organic
206496,2026-03-02,referral
206497,2026-03-29,referral
206498,2026-03-21,referral
206499,2026-04-08,referral
206500,2026-03-26,referral
206501,2026-03-07,organic
206502,2026-03-21,paid
206503,2026-03-25,referral
206504,2026-03-12,referral
206505,2026-03-22,referral
206506,2026-03-18,referral
206507,2026-03-31,organic
206508,2026-03-25,paid
206509,2026-03-11,organic
206510,2026-04-13,referral
206511,2026-04-09,paid
206512,2026-03-13,referral
206513,2026-04-16,referral
206514,2026-03-03,referral
206515,2026-03-11,referral
206516,2026-04-08,organic
206517,2026-04-09,organic
206518,2026-03-31,organic
206519,2026-03-02,organic
206520,2026-04-22,referral
206521,2026-03-18,paid
206522,2026-03-18,paid
206523,2026-04-20,referral
206524,2026-04-03,organic
206525,2026-04-05,paid
206526,2026-04-18,organic
206527,2026-04-09,referral
206528,2026-04-07,organic
206529,2026-03-16,organic
206530,2026-03-03,paid
206531,2026-04-01,referral
206532,2026-04-12,referral
206533,2026-04-10,organic
206534,2026-04-04,paid
206535,2026-03-18,organic
206536,2026-03-26,organic
206537,2026-03-26,organic
206538,2026-04-13,referral
206539,2026-04-05,referral
206540,2026-03-03,organic
206541,2026-03-21,paid
206542,2026-04-09,referral
206543,2026-04-05,referral
206544,2026-04-09,referral
206545,2026-04-20,referral
206546,2026-03-09,referral
206547,2026-04-12,organic
206548,2026-03-05,organic
206549,2026-04-24,paid
206550,2026-03-05,referral
206551,2026-03-04,organic
206552,2026-03-09,organic
206553,2026-03-25,referral
206554,2026-04-17,referral
206555,2026-04-25,paid
206556,2026-04-25,referral
206557,2026-03-30,referral
206558,2026-03-15,organic
206559,2026-04-13,organic
206560,2026-03-17,referral
206561,2026-03-26,referral
206562,2026-04-15,referral
206563,2026-03-08,referral
206564,2026-04-08,organic
206565,2026-03-17,organic
206566,2026-03-29,referral
206567,2026-03-25,referral
206568,2026-03-16,paid
206569,2026-03-18,referral
206570,2026-04-06,referral
206571,2026-04-03,organic
206572,2026-03-23,referral
206573,2026-04-16,referral
206574,2026-03-29,referral
206575,2026-04-01,organic
206576,2026-03-30,referral
206577,2026-04-01,organic
206578,2026-04-03,paid
206579,2026-03-17,paid
206580,2026-04-18,organic
206581,2026-03-30,organic
206582,2026-04-09,referral
206583,2026-04-15,organic
206584,2026-04-11,referral
206585,2026-04-05,referral
206586,2026-03-10,referral
206587,2026-04-21,organic
206588,2026-03-26,referral
206589,2026-04-05,referral
206590,2026-03-29,paid
206591,2026-03-19,paid
206592,2026-04-14,paid
206593,2026-03-10,organic
206594,2026-03-12,paid
206595,2026-03-06,organic
206596,2026-03-19,organic
206597,2026-03-13,organic
206598,2026-03-07,organic
206599,2026-04-05,referral
206600,2026-04-05,referral
206601,2026-04-21,referral
206602,2026-04-03,referral
206603,2026-04-22,organic
206604,2026-04-06,referral
206605,2026-04-12,organic
206606,2026-04-11,paid
206607,2026-03-19,organic
206608,2026-04-10,organic
206609,2026-04-14,referral
206610,2026-03-26,organic
206611,2026-03-10,referral
206612,2026-03-14,referral
206613,2026-04-15,organic
206614,2026-04-19,referral
206615,2026-04-01,organic
206616,2026-03-23,organic
206617,2026-04-17,organic
206618,2026-03-19,organic
206619,2026-04-08,organic
206620,2026-03-17,referral
206621,2026-04-11,organic
206622,2026-03-12,organic
206623,2026-03-22,organic
206624,2026-04-04,referral
206625,2026-04-07,referral
206626,2026-03-23,referral
206627,2026-03-09,organic
206628,2026-03-23,referral
206629,2026-03-04,paid
206630,2026-03-05,referral
206631,2026-03-02,referral
206632,2026-04-08,referral
206633,2026-03-02,organic
206634,2026-04-10,referral
206635,2026-04-01,organic
206636,2026-03-10,organic
206637,2026-03-17,organic
206638,2026-03-20,paid
206639,2026-03-08,organic
206640,2026-04-12,referral
206641,2026-03-12,referral
206642,2026-03-14,referral
206643,2026-03-12,paid
206644,2026-03-03,referral
206645,2026-03-23,organic
206646,2026-04-11,referral
206647,2026-04-13,organic
206648,2026-03-05,organic
206649,2026-04-14,organic
206650,2026-04-02,paid
206651,2026-04-25,organic
206652,2026-04-08,referral
206653,2026-04-25,organic
206654,2026-04-13,referral
206655,2026-03-25,referral
206656,2026-03-24,organic
206657,2026-03-04,referral
206658,2026-03-07,organic
206659,2026-03-18,organic
206660,2026-04-06,referral
206661,2026-03-27,referral
206662,2026-04-05,organic
206663,2026-04-02,referral
206664,2026-03-12,referral
206665,2026-03-11,organic
206666,2026-04-11,organic
206667,2026-04-03,referral
206668,2026-04-23,referral
206669,2026-04-07,organic
206670,2026-04-11,organic
206671,2026-04-08,organic
206672,2026-03-28,organic
206673,2026-04-18,paid
206674,2026-03-08,paid
206675,2026-03-11,organic
206676,2026-03-11,referral
206677,2026-04-08,organic
206678,2026-04-24,organic
206679,2026-03-26,referral
206680,2026-04-04,organic
206681,2026-03-10,referral
206682,2026-03-09,organic
206683,2026-03-21,paid
206684,2026-03-23,organic
206685,2026-04-23,organic
206686,2026-03-26,referral
206687,2026-03-22,referral
206688,2026-04-04,paid
206689,2026-03-31,referral
206690,2026-03-30,organic
206691,2026-03-05,referral
206692,2026-04-22,organic
206693,2026-03-26,paid
206694,2026-04-05,paid
206695,2026-03-27,referral
206696,2026-03-07,referral
206697,2026-03-05,referral
206698,2026-04-05,referral
206699,2026-03-25,referral
206700,2026-04-15,organic
206701,2026-03-16,referral
206702,2026-04-04,paid
206703,2026-03-04,referral
206704,2026-04-12,organic
206705,2026-04-02,paid
206706,2026-03-11,referral
206707,2026-04-02,paid
206708,2026-03-02,referral
206709,2026-03-26,organic
206710,2026-04-16,paid
206711,2026-03-04,organic
206712,2026-04-19,paid
206713,2026-03-07,organic
206714,2026-04-11,referral
206715,2026-03-11,referral
206716,2026-04-21,paid
206717,2026-03-26,referral
206718,2026-04-05,organic
206719,2026-03-24,organic
206720,2026-03-02,organic
206721,2026-03-29,paid
206722,2026-04-06,organic
206723,2026-04-15,referral
206724,2026-04-19,organic
206725,2026-04-20,paid
206726,2026-04-18,referral
206727,2026-04-22,referral
206728,2026-04-22,referral
206729,2026-04-09,referral
206730,2026-03-17,referral
206731,2026-03-30,referral
206732,2026-04-12,referral
206733,2026-03-25,organic
206734,2026-03-31,referral
206735,2026-03-28,referral
206736,2026-04-11,referral
206737,2026-03-21,paid
206738,2026-03-21,referral
206739,2026-03-03,organic
206740,2026-03-02,organic
206741,2026-04-01,paid
206742,2026-04-13,organic
206743,2026-04-13,paid
206744,2026-03-18,referral
206745,2026-03-05,organic
206746,2026-03-08,referral
206747,2026-04-12,organic
206748,2026-03-08,referral
206749,2026-03-17,referral
206750,2026-04-04,referral
206751,2026-03-20,paid
206752,2026-04-03,referral
206753,2026-03-22,referral
206754,2026-03-31,referral
206755,2026-03-03,paid
206756,2026-04-13,organic
206757,2026-03-09,referral
206758,2026-04-20,organic
206759,2026-03-10,paid
206760,2026-04-15,referral
206761,2026-04-15,organic
206762,2026-04-18,organic
206763,2026-04-01,organic
206764,2026-04-07,referral
206765,2026-03-17,referral
206766,2026-03-29,referral
206767,2026-04-05,referral
206768,2026-04-05,referral
206769,2026-04-12,organic
206770,2026-04-08,referral
206771,2026-03-22,organic
206772,2026-03-12,referral
206773,2026-03-01,referral
206774,2026-04-12,organic
206775,2026-03-11,referral
206776,2026-03-07,organic
206777,2026-03-18,referral
206778,2026-04-02,referral
206779,2026-04-23,organic
206780,2026-03-12,paid
206781,2026-03-02,referral
206782,2026-03-30,organic
206783,2026-04-15,organic
206784,2026-04-17,referral
206785,2026-03-22,referral
206786,2026-04-13,referral
206787,2026-03-25,organic
206788,2026-03-08,referral
206789,2026-03-12,referral
206790,2026-03-22,referral
206791,2026-04-20,referral
206792,2026-04-16,paid
206793,2026-03-29,organic
206794,2026-03-27,organic
206795,2026-03-22,organic
206796,2026-03-05,organic
206797,2026-04-15,referral
206798,2026-04-24,referral
206799,2026-04-22,referral
206800,2026-04-23,referral
206801,2026-04-14,referral
206802,2026-04-23,paid
206803,2026-03-30,paid
206804,2026-03-27,organic
206805,2026-03-30,organic
206806,2026-03-30,referral
206807,2026-03-29,organic
206808,2026-04-08,referral
206809,2026-03-13,referral
206810,2026-03-29,referral
206811,2026-03-16,referral
206812,2026-03-28,organic
206813,2026-04-18,organic
206814,2026-04-16,paid
206815,2026-04-15,referral
206816,2026-04-08,paid
206817,2026-03-19,organic
206818,2026-03-13,referral
206819,2026-03-06,paid
206820,2026-03-24,organic
206821,2026-04-21,paid
206822,2026-03-07,organic
206823,2026-03-13,referral
206824,2026-03-13,organic
206825,2026-03-03,referral
206826,2026-04-04,organic
206827,2026-04-24,referral
206828,2026-03-16,referral
206829,2026-04-02,referral
206830,2026-03-09,referral
206831,2026-03-21,organic
206832,2026-03-24,referral
206833,2026-04-09,referral
206834,2026-03-10,referral
206835,2026-03-16,referral
206836,2026-03-16,organic
206837,2026-04-03,referral
206838,2026-04-12,referral
206839,2026-04-01,referral
206840,2026-04-04,referral
206841,2026-04-05,paid
206842,2026-03-20,referral
206843,2026-03-04,paid
206844,2026-03-09,referral
206845,2026-03-03,referral
206846,2026-03-02,referral
206847,2026-03-08,referral
206848,2026-04-06,organic
206849,2026-03-10,referral
206850,2026-04-06,referral
206851,2026-03-09,organic
206852,2026-03-12,organic
206853,2026-03-02,organic
206854,2026-04-24,organic
206855,2026-04-10,paid
206856,2026-04-24,referral
206857,2026-03-23,organic
206858,2026-03-05,referral
206859,2026-03-21,organic
206860,2026-03-22,paid
206861,2026-04-07,paid
206862,2026-03-02,referral
206863,2026-03-03,referral
206864,2026-04-24,paid
206865,2026-03-17,organic
206866,2026-03-27,organic
206867,2026-04-09,organic
206868,2026-03-29,referral
206869,2026-03-02,organic
206870,2026-03-31,paid
206871,2026-03-05,referral
206872,2026-04-07,paid
206873,2026-04-21,organic
206874,2026-03-14,organic
206875,2026-03-06,referral
206876,2026-04-21,referral
206877,2026-04-03,referral
206878,2026-03-26,paid
206879,2026-03-10,organic
206880,2026-04-15,organic
206881,2026-03-10,referral
206882,2026-04-15,referral
206883,2026-03-05,paid
206884,2026-04-02,paid
206885,2026-03-23,paid
206886,2026-03-22,referral
206887,2026-04-22,organic
206888,2026-03-03,paid
206889,2026-03-09,referral
206890,2026-03-12,referral
206891,2026-03-18,referral
206892,2026-04-25,referral
206893,2026-03-04,organic
206894,2026-04-04,organic
206895,2026-04-05,organic
206896,2026-03-10,referral
206897,2026-04-18,organic
206898,2026-03-11,organic
206899,2026-03-08,referral
206900,2026-04-16,paid
206901,2026-04-14,organic
206902,2026-03-09,referral
206903,2026-04-23,referral
206904,2026-04-01,referral
206905,2026-03-18,organic
206906,2026-04-06,referral
206907,2026-03-04,organic
206908,2026-04-20,organic
206909,2026-03-31,organic
206910,2026-04-19,referral
206911,2026-03-17,organic
206912,2026-04-16,referral
206913,2026-03-22,referral
206914,2026-04-20,organic
206915,2026-04-15,organic
206916,2026-04-05,organic
206917,2026-03-12,organic
206918,2026-03-25,referral
206919,2026-04-13,referral
206920,2026-03-15,organic
206921,2026-03-09,organic
206922,2026-03-12,referral
206923,2026-04-11,referral
206924,2026-04-15,organic
206925,2026-04-08,referral
206926,2026-04-18,organic
206927,2026-03-07,organic
206928,2026-04-09,referral
206929,2026-04-20,referral
206930,2026-03-13,organic
206931,2026-03-18,referral
206932,2026-03-04,referral
206933,2026-04-03,organic
206934,2026-04-04,referral
206935,2026-03-25,paid
206936,2026-03-09,referral
206937,2026-03-17,referral
206938,2026-04-02,organic
206939,2026-04-10,referral
206940,2026-04-02,organic
206941,2026-03-20,paid
206942,2026-03-20,paid
206943,2026-03-24,referral
206944,2026-03-11,organic
206945,2026-03-18,organic
206946,2026-03-22,organic
206947,2026-03-05,organic
206948,2026-03-11,referral
206949,2026-03-10,referral
206950,2026-03-25,referral
206951,2026-04-21,organic
206952,2026-03-05,organic
206953,2026-04-02,referral
206954,2026-03-16,referral
206955,2026-03-23,paid
206956,2026-04-10,referral
206957,2026-03-19,organic
206958,2026-03-01,organic
206959,2026-03-25,referral
206960,2026-03-10,referral
206961,2026-03-11,referral
206962,2026-03-18,organic
206963,2026-03-20,organic
206964,2026-03-29,referral
206965,2026-04-24,organic
206966,2026-03-06,paid
206967,2026-04-16,referral
206968,2026-04-24,referral
206969,2026-04-20,paid
206970,2026-04-17,referral
206971,2026-04-11,referral
206972,2026-03-23,paid
206973,2026-03-20,organic
206974,2026-04-23,organic
206975,2026-03-30,organic
206976,2026-03-12,referral
206977,2026-04-22,organic
206978,2026-03-03,organic
206979,2026-03-06,organic
206980,2026-03-10,organic
206981,2026-04-12,referral
206982,2026-03-21,referral
206983,2026-03-31,referral
206984,2026-03-22,organic
206985,2026-03-16,referral
206986,2026-03-28,referral
206987,2026-04-11,referral
206988,2026-03-03,referral
206989,2026-04-04,referral
206990,2026-04-15,referral
206991,2026-04-05,referral
206992,2026-04-14,referral
206993,2026-03-31,organic
206994,2026-03-31,referral
206995,2026-04-19,referral
206996,2026-03-03,referral
206997,2026-04-11,organic
206998,2026-04-08,organic
206999,2026-03-09,organic
207000,2026-04-01,referral
207001,2026-03-24,paid
207002,2026-03-19,paid
207003,2026-03-27,organic
207004,2026-04-08,organic
207005,2026-04-25,organic
207006,2026-04-21,paid
207007,2026-03-20,paid
207008,2026-04-04,referral
207009,2026-04-11,referral
207010,2026-04-15,referral
207011,2026-04-09,paid
207012,2026-03-30,referral
207013,2026-03-28,referral
207014,2026-03-25,paid
207015,2026-03-19,organic
207016,2026-03-07,referral
207017,2026-04-02,referral
207018,2026-03-20,organic
207019,2026-04-02,paid
207020,2026-03-06,referral
207021,2026-03-28,referral
207022,2026-04-24,referral
207023,2026-04-23,referral
207024,2026-03-08,paid
207025,2026-03-11,referral
207026,2026-04-12,paid
207027,2026-03-27,organic
207028,2026-03-21,referral
207029,2026-04-04,organic
207030,2026-03-22,paid
207031,2026-03-25,organic
207032,2026-04-02,organic
207033,2026-03-21,organic
207034,2026-04-10,referral
207035,2026-03-13,referral
207036,2026-03-06,referral
207037,2026-03-23,referral
207038,2026-04-25,referral
207039,2026-03-17,referral
207040,2026-03-17,organic
207041,2026-04-22,referral
207042,2026-04-25,organic
207043,2026-04-18,referral
207044,2026-04-24,referral
207045,2026-03-05,organic
207046,2026-03-21,organic
207047,2026-04-04,referral
207048,2026-03-04,organic
207049,2026-03-05,referral
207050,2026-03-04,paid
207051,2026-04-03,referral
207052,2026-03-18,organic
207053,2026-03-17,referral
207054,2026-04-14,organic
207055,2026-03-18,organic
207056,2026-04-15,referral
207057,2026-03-07,referral
207058,2026-03-17,referral
207059,2026-03-13,organic
207060,2026-03-12,referral
207061,2026-04-25,referral
207062,2026-04-02,referral
207063,2026-03-04,referral
207064,2026-04-13,referral
207065,2026-04-24,paid
207066,2026-03-28,referral
207067,2026-04-02,referral
207068,2026-04-05,paid
207069,2026-04-03,referral
207070,2026-03-07,referral
207071,2026-03-11,paid
207072,2026-03-27,organic
207073,2026-03-30,organic
207074,2026-03-01,referral
207075,2026-03-24,referral
207076,2026-03-23,referral
207077,2026-04-12,paid
207078,2026-03-26,referral
207079,2026-04-19,organic
207080,2026-03-20,organic
207081,2026-04-04,organic
207082,2026-03-19,organic
207083,2026-03-27,organic
207084,2026-03-17,organic
207085,2026-04-25,organic
207086,2026-03-16,organic
207087,2026-04-11,referral
207088,2026-04-05,referral
207089,2026-03-26,organic
207090,2026-03-04,referral
207091,2026-03-29,referral
207092,2026-04-16,organic
207093,2026-04-12,referral
207094,2026-04-01,organic
207095,2026-04-24,organic
207096,2026-04-12,organic
207097,2026-03-18,paid
207098,2026-03-28,organic
207099,2026-03-31,referral
207100,2026-04-17,organic
207101,2026-04-08,referral
207102,2026-03-19,referral
207103,2026-03-05,organic
207104,2026-03-01,organic
207105,2026-03-17,paid
207106,2026-03-03,paid
207107,2026-04-21,paid
207108,2026-04-21,referral
207109,2026-03-09,referral
207110,2026-03-16,organic
207111,2026-04-16,referral
207112,2026-03-29,referral
207113,2026-04-02,referral
207114,2026-03-14,referral
207115,2026-03-19,referral
207116,2026-03-11,referral
207117,2026-03-29,organic
207118,2026-03-13,referral
207119,2026-03-12,organic
207120,2026-04-03,organic
207121,2026-04-16,referral
207122,2026-03-31,paid
207123,2026-03-29,referral
207124,2026-04-11,referral
207125,2026-04-12,organic
207126,2026-04-24,referral
207127,2026-04-10,organic
207128,2026-04-24,paid
207129,2026-03-15,referral
207130,2026-04-16,organic
207131,2026-03-04,referral
207132,2026-04-02,referral
207133,2026-03-11,referral
207134,2026-04-13,organic
207135,2026-04-25,paid
207136,2026-03-31,referral
207137,2026-03-09,organic
207138,2026-04-21,paid
207139,2026-03-27,referral
207140,2026-04-10,referral
207141,2026-03-06,referral
207142,2026-04-12,referral
207143,2026-04-06,referral
207144,2026-04-05,paid
207145,2026-03-17,referral
207146,2026-03-13,organic
207147,2026-04-17,referral
207148,2026-03-20,referral
207149,2026-03-11,paid
207150,2026-03-16,organic
207151,2026-04-25,organic
207152,2026-03-18,organic
207153,2026-03-03,organic
207154,2026-03-11,organic
207155,2026-03-15,referral
207156,2026-04-16,referral
207157,2026-03-12,referral
207158,2026-03-22,referral
207159,2026-03-12,referral
207160,2026-04-09,paid
207161,2026-03-01,organic
207162,2026-04-19,referral
207163,2026-04-08,paid
207164,2026-04-15,referral
207165,2026-03-03,paid
207166,2026-03-09,paid
207167,2026-04-21,organic
207168,2026-03-18,organic
207169,2026-03-15,referral
207170,2026-04-09,referral
207171,2026-03-20,referral
207172,2026-04-22,referral
207173,2026-03-25,referral
207174,2026-04-22,organic
207175,2026-03-19,referral
207176,2026-04-16,organic
207177,2026-03-08,paid
207178,2026-03-21,paid
207179,2026-03-09,organic
207180,2026-04-18,organic
207181,2026-03-31,referral
207182,2026-03-13,referral
207183,2026-04-10,organic
207184,2026-03-16,referral
207185,2026-04-07,referral
207186,2026-03-16,paid
207187,2026-04-18,referral
207188,2026-04-15,organic
207189,2026-03-04,referral
207190,2026-03-15,organic
207191,2026-03-07,organic
207192,2026-03-11,organic
207193,2026-04-25,paid
207194,2026-03-30,organic
207195,2026-04-23,referral
207196,2026-03-17,organic
207197,2026-03-12,referral
207198,2026-04-25,referral
207199,2026-04-01,organic
207200,2026-04-20,organic
207201,2026-04-06,referral
207202,2026-03-13,referral
207203,2026-03-29,referral
207204,2026-03-17,referral
207205,2026-04-02,referral
207206,2026-04-08,organic
207207,2026-04-14,referral
207208,2026-04-09,organic
207209,2026-03-30,referral
207210,2026-04-24,referral
207211,2026-04-07,organic
207212,2026-04-20,organic
207213,2026-04-05,referral
207214,2026-03-17,paid
207215,2026-03-06,paid
207216,2026-04-02,organic
207217,2026-03-31,referral
207218,2026-03-03,referral
207219,2026-03-31,referral
207220,2026-04-08,organic
207221,2026-03-11,referral
207222,2026-03-10,referral
207223,2026-03-24,referral
207224,2026-04-20,referral
207225,2026-03-03,paid
207226,2026-04-12,referral
207227,2026-03-15,referral
207228,2026-03-01,referral
207229,2026-04-13,organic
207230,2026-04-10,referral
207231,2026-04-11,organic
207232,2026-03-21,referral
207233,2026-03-31,organic
207234,2026-03-21,paid
207235,2026-03-24,referral
207236,2026-03-26,organic
207237,2026-03-15,referral
207238,2026-04-11,organic
207239,2026-03-16,referral
207240,2026-03-28,referral
207241,2026-04-11,referral
207242,2026-04-17,paid
207243,2026-04-05,organic
207244,2026-04-03,organic
207245,2026-04-03,referral
207246,2026-03-22,paid
207247,2026-04-15,paid
207248,2026-04-14,organic
207249,2026-03-31,paid
207250,2026-03-29,referral
207251,2026-04-03,referral
207252,2026-04-22,organic
207253,2026-04-07,referral
207254,2026-04-15,paid
207255,2026-03-03,referral
207256,2026-04-16,referral
207257,2026-03-13,referral
207258,2026-03-07,organic
207259,2026-03-07,paid
207260,2026-04-01,organic
207261,2026-03-26,organic
207262,2026-03-09,referral
207263,2026-04-20,organic
207264,2026-03-30,referral
207265,2026-03-25,referral
207266,2026-03-20,referral
207267,2026-04-07,paid
207268,2026-04-25,organic
207269,2026-03-25,referral
207270,2026-03-17,organic
207271,2026-03-11,referral
207272,2026-03-13,referral
207273,2026-04-23,referral
207274,2026-03-31,organic
207275,2026-03-13,paid
207276,2026-03-29,referral
207277,2026-04-19,referral
207278,2026-04-07,referral
207279,2026-04-06,referral
207280,2026-03-12,referral
207281,2026-04-19,referral
207282,2026-04-23,referral
207283,2026-03-09,referral
207284,2026-04-20,referral
207285,2026-03-13,organic
207286,2026-03-02,referral
207287,2026-04-15,referral
207288,2026-03-06,paid
207289,2026-04-21,paid
207290,2026-04-16,referral
207291,2026-04-05,organic
207292,2026-03-09,organic
207293,2026-03-30,referral
207294,2026-04-03,organic
207295,2026-03-31,referral
207296,2026-04-21,referral
207297,2026-03-11,referral
207298,2026-03-09,paid
207299,2026-03-21,referral
207300,2026-03-06,organic
207301,2026-04-23,referral
207302,2026-03-30,referral
207303,2026-03-08,referral
207304,2026-04-11,referral
207305,2026-03-07,referral
207306,2026-04-22,referral
207307,2026-04-18,paid
207308,2026-04-03,referral
207309,2026-04-19,organic
207310,2026-03-15,referral
207311,2026-03-15,organic
207312,2026-04-04,organic
207313,2026-03-23,paid
207314,2026-03-24,referral
207315,2026-04-14,organic
207316,2026-03-01,organic
207317,2026-03-31,organic
207318,2026-04-05,organic
207319,2026-03-04,referral
207320,2026-03-16,referral
207321,2026-03-03,organic
207322,2026-03-18,referral
207323,2026-03-06,referral
207324,2026-04-13,referral
207325,2026-03-21,referral
207326,2026-03-24,referral
207327,2026-04-21,paid
207328,2026-04-21,referral
207329,2026-04-20,referral
207330,2026-04-11,referral
207331,2026-04-02,referral
207332,2026-03-31,organic
207333,2026-03-25,organic
207334,2026-03-26,paid
207335,2026-03-04,referral
207336,2026-03-03,organic
207337,2026-03-23,referral
207338,2026-03-10,paid
207339,2026-03-27,referral
207340,2026-04-25,referral
207341,2026-03-08,organic
207342,2026-04-13,referral
207343,2026-04-21,organic
207344,2026-03-05,referral
207345,2026-03-18,referral
207346,2026-03-17,organic
207347,2026-03-29,referral
207348,2026-04-17,organic
207349,2026-03-23,organic
207350,2026-03-22,organic
207351,2026-03-21,referral
207352,2026-03-11,organic
207353,2026-03-06,referral
207354,2026-04-09,referral
207355,2026-04-15,organic
207356,2026-04-03,referral
207357,2026-03-10,organic
207358,2026-03-21,referral
207359,2026-04-17,paid
207360,2026-03-29,referral
207361,2026-04-25,organic
207362,2026-04-01,referral
207363,2026-04-10,organic
207364,2026-03-29,paid
207365,2026-03-16,referral
207366,2026-04-15,referral
207367,2026-04-22,referral
207368,2026-03-10,paid
207369,2026-03-21,referral
207370,2026-04-03,organic
207371,2026-03-25,paid
207372,2026-03-16,organic
207373,2026-04-16,organic
207374,2026-04-20,referral
207375,2026-03-19,organic
207376,2026-03-20,referral
207377,2026-04-18,paid
207378,2026-03-10,paid
207379,2026-03-01,paid
207380,2026-03-03,referral
207381,2026-03-04,referral
207382,2026-04-24,referral
207383,2026-04-21,organic
207384,2026-03-27,referral
207385,2026-04-12,referral
207386,2026-04-06,referral
207387,2026-03-10,organic
207388,2026-04-05,referral
207389,2026-03-31,referral
207390,2026-04-17,referral
207391,2026-04-12,referral
207392,2026-04-03,referral
207393,2026-04-11,referral
207394,2026-03-20,organic
207395,2026-04-20,referral
207396,2026-04-22,referral
207397,2026-03-09,referral
207398,2026-04-20,organic
207399,2026-03-22,organic
207400,2026-04-03,referral
207401,2026-04-01,organic
207402,2026-04-02,paid
207403,2026-04-08,organic
207404,2026-03-17,organic
207405,2026-04-02,referral
207406,2026-03-14,referral
207407,2026-04-20,organic
207408,2026-03-28,paid
207409,2026-04-25,organic
207410,2026-03-29,paid
207411,2026-03-23,organic
207412,2026-03-11,paid
207413,2026-03-27,referral
207414,2026-04-08,organic
207415,2026-03-09,referral
207416,2026-03-25,paid
207417,2026-04-06,organic
207418,2026-03-19,referral
207419,2026-04-08,organic
207420,2026-04-16,referral
207421,2026-04-11,referral
207422,2026-03-15,organic
207423,2026-03-21,referral
207424,2026-03-19,organic
207425,2026-04-21,paid
207426,2026-04-06,paid
207427,2026-04-25,referral
207428,2026-03-08,organic
207429,2026-04-23,paid
207430,2026-03-20,paid
207431,2026-03-19,organic
207432,2026-04-21,paid
207433,2026-03-06,paid
207434,2026-03-15,referral
207435,2026-03-30,referral
207436,2026-04-25,organic
207437,2026-04-21,referral
207438,2026-03-24,organic
207439,2026-03-15,referral
207440,2026-04-12,paid
207441,2026-03-24,referral
207442,2026-04-11,organic
207443,2026-03-07,organic
207444,2026-03-30,referral
207445,2026-04-13,referral
207446,2026-03-25,referral
207447,2026-04-02,referral
207448,2026-04-22,referral
207449,2026-04-20,organic
207450,2026-04-11,paid
207451,2026-04-24,referral
207452,2026-03-24,referral
207453,2026-03-30,referral
207454,2026-04-24,referral
207455,2026-03-21,referral
207456,2026-04-13,referral
207457,2026-03-23,organic
207458,2026-03-29,referral
207459,2026-04-02,paid
207460,2026-04-03,referral
207461,2026-03-14,referral
207462,2026-04-04,paid
207463,2026-03-05,paid
207464,2026-04-04,referral
207465,2026-03-02,referral
207466,2026-03-20,referral
207467,2026-04-07,referral
207468,2026-03-29,referral
207469,2026-03-31,paid
207470,2026-03-21,paid
207471,2026-03-06,organic
207472,2026-04-06,referral
207473,2026-03-31,paid
207474,2026-03-21,organic
207475,2026-03-03,referral
207476,2026-04-24,paid
207477,2026-04-23,organic
207478,2026-03-19,referral
207479,2026-03-07,referral
207480,2026-03-30,organic
207481,2026-04-25,organic
207482,2026-04-02,organic
207483,2026-03-10,paid
207484,2026-04-05,paid
207485,2026-04-23,referral
207486,2026-03-21,referral
207487,2026-03-12,referral
207488,2026-03-20,paid
207489,2026-04-19,referral
207490,2026-03-21,referral
207491,2026-04-19,referral
207492,2026-03-27,organic
207493,2026-03-13,organic
207494,2026-04-11,referral
207495,2026-03-12,organic
207496,2026-04-03,organic
207497,2026-03-10,paid
207498,2026-04-06,organic
207499,2026-04-23,referral
207500,2026-04-16,referral
207501,2026-04-02,organic
207502,2026-04-04,referral
207503,2026-04-02,organic
207504,2026-04-23,referral
207505,2026-04-23,paid
207506,2026-03-28,referral
207507,2026-04-10,organic
207508,2026-03-17,referral
207509,2026-04-15,paid
207510,2026-04-25,paid
207511,2026-03-05,paid
207512,2026-04-11,paid
207513,2026-04-24,referral
207514,2026-03-10,referral
207515,2026-03-19,referral
207516,2026-04-17,paid
207517,2026-04-21,referral
207518,2026-04-11,referral
207519,2026-04-07,paid
207520,2026-03-23,referral
207521,2026-04-06,referral
207522,2026-03-14,paid
207523,2026-04-13,organic
207524,2026-04-25,referral
207525,2026-04-10,organic
207526,2026-03-05,referral
207527,2026-03-05,referral
207528,2026-04-17,referral
207529,2026-04-17,referral
207530,2026-04-14,paid
207531,2026-03-01,referral
207532,2026-04-15,referral
207533,2026-03-26,referral
207534,2026-04-06,organic
207535,2026-04-01,organic
207536,2026-04-24,referral
207537,2026-03-29,organic
207538,2026-03-17,organic
207539,2026-03-16,paid
207540,2026-04-13,paid
207541,2026-04-01,organic
207542,2026-04-14,paid
207543,2026-04-09,referral
207544,2026-04-13,organic
207545,2026-03-20,referral
207546,2026-04-12,organic
207547,2026-03-08,referral
207548,2026-03-19,referral
207549,2026-03-07,referral
207550,2026-03-05,referral
207551,2026-03-19,referral
207552,2026-04-07,referral
207553,2026-04-15,referral
207554,2026-03-11,referral
207555,2026-03-18,referral
207556,2026-04-24,paid
207557,2026-03-09,organic
207558,2026-03-22,organic
207559,2026-04-14,referral
207560,2026-03-29,referral
207561,2026-04-11,organic
207562,2026-04-12,organic
207563,2026-03-24,paid
207564,2026-03-07,referral
207565,2026-04-21,referral
207566,2026-03-21,referral
207567,2026-03-07,referral
207568,2026-03-17,organic
207569,2026-04-08,referral
207570,2026-04-20,referral
207571,2026-03-31,referral
207572,2026-03-15,referral
207573,2026-03-22,referral
207574,2026-04-10,referral
207575,2026-03-28,referral
207576,2026-03-18,organic
207577,2026-03-15,paid
207578,2026-03-15,organic
207579,2026-03-12,paid
207580,2026-04-24,referral
207581,2026-04-16,paid
207582,2026-04-14,referral
207583,2026-03-22,organic
207584,2026-04-05,referral
207585,2026-03-05,organic
207586,2026-03-02,referral
207587,2026-03-15,paid
207588,2026-03-11,organic
207589,2026-03-31,organic
207590,2026-04-23,referral
207591,2026-04-15,referral
207592,2026-04-20,paid
207593,2026-04-13,paid
207594,2026-04-20,paid
207595,2026-03-02,referral
207596,2026-03-28,referral
207597,2026-03-20,referral
207598,2026-03-09,referral
207599,2026-04-25,organic
207600,2026-03-16,referral
207601,2026-04-20,paid
207602,2026-03-13,referral
207603,2026-03-29,organic
207604,2026-03-11,referral
207605,2026-03-13,organic
207606,2026-04-04,referral
207607,2026-03-29,referral
207608,2026-04-21,referral
207609,2026-03-15,organic
207610,2026-03-10,organic
207611,2026-03-13,referral
207612,2026-03-08,referral
207613,2026-03-15,referral
207614,2026-04-22,organic
207615,2026-04-06,organic
207616,2026-03-27,referral
207617,2026-03-23,paid
207618,2026-03-24,referral
207619,2026-04-21,referral
207620,2026-03-30,organic
207621,2026-03-19,paid
207622,2026-04-15,organic
207623,2026-03-22,organic
207624,2026-03-09,referral
207625,2026-04-11,organic
207626,2026-04-02,paid
207627,2026-03-31,referral
207628,2026-04-19,referral
207629,2026-03-26,referral
207630,2026-03-03,referral
207631,2026-04-12,referral
207632,2026-03-08,paid
207633,2026-03-10,referral
207634,2026-03-12,referral
207635,2026-03-24,referral
207636,2026-04-07,referral
207637,2026-03-18,organic
207638,2026-03-16,paid
207639,2026-03-23,referral
207640,2026-04-07,organic
207641,2026-03-17,referral
207642,2026-03-10,referral
207643,2026-03-22,referral
207644,2026-03-25,organic
207645,2026-04-02,organic
207646,2026-04-04,organic
207647,2026-04-18,referral
207648,2026-03-16,referral
207649,2026-04-14,referral
207650,2026-04-07,referral
207651,2026-04-05,referral
207652,2026-03-18,referral
207653,2026-03-18,referral
207654,2026-04-08,organic
207655,2026-03-16,organic
207656,2026-03-11,referral
207657,2026-04-20,paid
207658,2026-03-28,referral
207659,2026-03-18,referral
207660,2026-04-12,referral
207661,2026-03-19,referral
207662,2026-03-19,referral
207663,2026-04-06,paid
207664,2026-04-03,organic
207665,2026-04-12,organic
207666,2026-03-20,referral
207667,2026-03-14,referral
207668,2026-04-19,paid
207669,2026-03-19,paid
207670,2026-04-08,paid
207671,2026-04-22,referral
207672,2026-04-14,paid
207673,2026-03-16,organic
207674,2026-03-19,referral
207675,2026-03-16,organic
207676,2026-03-31,paid
207677,2026-03-20,organic
207678,2026-03-30,organic
207679,2026-03-03,organic
207680,2026-04-19,paid
207681,2026-03-26,organic
207682,2026-03-12,referral
207683,2026-03-20,organic
207684,2026-03-01,referral
207685,2026-03-03,referral
207686,2026-03-27,paid
207687,2026-04-24,referral
207688,2026-04-10,organic
207689,2026-04-21,organic
207690,2026-03-01,paid
207691,2026-04-23,referral
207692,2026-03-07,referral
207693,2026-03-30,referral
207694,2026-03-19,organic
207695,2026-04-22,organic
207696,2026-03-01,organic
207697,2026-04-23,referral
207698,2026-03-20,organic
207699,2026-04-11,paid
207700,2026-03-18,referral
207701,2026-04-25,paid
207702,2026-03-06,organic
207703,2026-04-07,referral
207704,2026-03-27,referral
207705,2026-04-03,paid
207706,2026-04-09,referral
207707,2026-03-26,referral
207708,2026-03-24,referral
207709,2026-04-02,referral
207710,2026-03-22,referral
207711,2026-04-05,paid
207712,2026-03-08,paid
207713,2026-03-02,referral
207714,2026-04-05,paid
207715,2026-04-16,organic
207716,2026-04-09,paid
207717,2026-03-09,organic
207718,2026-04-12,referral
207719,2026-03-08,referral
207720,2026-04-05,organic
207721,2026-04-01,referral
207722,2026-03-27,referral
207723,2026-03-21,referral
207724,2026-03-11,referral
207725,2026-04-19,referral
207726,2026-03-31,referral
207727,2026-03-28,referral
207728,2026-04-11,organic
207729,2026-03-17,paid
207730,2026-03-21,referral
207731,2026-03-06,referral
207732,2026-03-31,referral
207733,2026-03-26,referral
207734,2026-03-07,referral
207735,2026-04-17,organic
207736,2026-03-05,referral
207737,2026-04-18,referral
207738,2026-04-14,referral
207739,2026-04-06,referral
207740,2026-04-12,paid
207741,2026-03-05,organic
207742,2026-03-04,paid
207743,2026-03-21,paid
207744,2026-03-12,referral
207745,2026-04-20,organic
207746,2026-03-29,paid
207747,2026-03-22,referral
207748,2026-04-25,paid
207749,2026-03-30,referral
207750,2026-03-01,organic
207751,2026-03-03,organic
207752,2026-04-24,paid
207753,2026-04-03,paid
207754,2026-04-01,referral
207755,2026-03-03,paid
207756,2026-03-27,referral
207757,2026-03-02,organic
207758,2026-04-10,paid
207759,2026-04-09,referral
207760,2026-04-23,referral
207761,2026-03-13,paid
207762,2026-03-09,organic
207763,2026-03-10,organic
207764,2026-03-28,referral
207765,2026-03-30,organic
207766,2026-03-12,referral
207767,2026-03-02,referral
207768,2026-04-15,organic
207769,2026-04-14,organic
207770,2026-03-01,referral
207771,2026-04-09,referral
207772,2026-04-16,organic
207773,2026-03-13,organic
207774,2026-04-15,organic
207775,2026-04-04,referral
207776,2026-03-30,referral
207777,2026-04-07,referral
207778,2026-04-07,paid
207779,2026-04-06,paid
207780,2026-04-16,organic
207781,2026-03-02,referral
207782,2026-03-06,referral
207783,2026-04-08,referral
207784,2026-04-16,referral
207785,2026-03-16,organic
207786,2026-03-09,referral
207787,2026-04-20,organic
207788,2026-04-23,organic
207789,2026-04-13,referral
207790,2026-04-16,organic
207791,2026-03-21,referral
207792,2026-04-11,organic
207793,2026-04-05,referral
207794,2026-04-15,paid
207795,2026-03-18,referral
207796,2026-03-24,paid
207797,2026-03-07,referral
207798,2026-03-23,organic
207799,2026-03-09,referral
207800,2026-04-18,referral
207801,2026-04-02,organic
207802,2026-03-01,referral
207803,2026-04-17,organic
207804,2026-03-06,referral
207805,2026-03-21,referral
207806,2026-03-10,referral
207807,2026-04-20,referral
207808,2026-03-25,referral
207809,2026-03-21,organic
207810,2026-04-21,organic
207811,2026-03-06,paid
207812,2026-03-12,organic
207813,2026-03-26,organic
207814,2026-03-28,organic
207815,2026-04-06,organic
207816,2026-04-04,referral
207817,2026-04-23,referral
207818,2026-03-22,referral
207819,2026-04-17,referral
207820,2026-03-26,organic
207821,2026-03-11,organic
207822,2026-03-06,referral
207823,2026-04-08,paid
207824,2026-04-20,referral
207825,2026-03-29,organic
207826,2026-03-23,organic
207827,2026-03-17,paid
207828,2026-03-16,paid
207829,2026-04-13,referral
207830,2026-04-07,paid
207831,2026-03-14,organic
207832,2026-04-13,referral
207833,2026-04-21,referral
207834,2026-03-30,referral
207835,2026-03-14,paid
207836,2026-04-11,referral
207837,2026-03-19,referral
207838,2026-04-11,organic
207839,2026-04-20,referral
207840,2026-04-20,referral
207841,2026-04-17,paid
207842,2026-04-18,referral
207843,2026-04-20,referral
207844,2026-03-25,referral
207845,2026-04-17,referral
207846,2026-04-06,referral
207847,2026-04-17,paid
207848,2026-04-13,referral
207849,2026-03-18,paid
207850,2026-04-04,referral
207851,2026-03-17,paid
207852,2026-03-20,referral
207853,2026-04-09,referral
207854,2026-04-23,referral
207855,2026-03-05,referral
207856,2026-03-15,paid
207857,2026-04-23,referral
207858,2026-03-29,referral
207859,2026-03-06,referral
207860,2026-04-11,referral
207861,2026-04-14,referral
207862,2026-04-14,referral
207863,2026-03-24,referral
207864,2026-03-13,referral
207865,2026-04-14,referral
207866,2026-03-19,referral
207867,2026-03-14,organic
207868,2026-03-17,organic
207869,2026-03-14,paid
207870,2026-03-09,paid
207871,2026-04-20,referral
207872,2026-04-01,organic
207873,2026-03-13,referral
207874,2026-04-01,paid
207875,2026-04-05,paid
207876,2026-04-23,referral
207877,2026-03-04,referral
207878,2026-03-20,organic
207879,2026-03-17,paid
207880,2026-03-31,organic
207881,2026-04-12,paid
207882,2026-04-14,paid
207883,2026-03-03,organic
207884,2026-03-09,referral
207885,2026-03-05,referral
207886,2026-04-17,paid
207887,2026-03-31,referral
207888,2026-03-11,referral
207889,2026-03-16,referral
207890,2026-03-28,referral
207891,2026-04-24,referral
207892,2026-04-15,referral
207893,2026-03-24,referral
207894,2026-04-05,organic
207895,2026-03-22,organic
207896,2026-03-30,organic
207897,2026-03-17,organic
207898,2026-04-18,paid
207899,2026-03-11,organic
207900,2026-03-27,referral
207901,2026-04-05,referral
207902,2026-03-12,referral
207903,2026-03-21,referral
207904,2026-04-14,referral
207905,2026-04-04,referral
207906,2026-03-16,organic
207907,2026-03-10,referral
207908,2026-03-31,organic
207909,2026-04-09,referral
207910,2026-03-07,referral
207911,2026-04-23,organic
207912,2026-04-23,referral
207913,2026-03-22,organic
207914,2026-04-23,organic
207915,2026-03-13,referral
207916,2026-03-01,referral
207917,2026-04-10,referral
207918,2026-03-24,paid
207919,2026-04-18,organic
207920,2026-03-09,referral
207921,2026-03-30,paid
207922,2026-03-19,paid
207923,2026-03-08,paid
207924,2026-03-08,paid
207925,2026-04-05,organic
207926,2026-03-13,referral
207927,2026-04-22,referral
207928,2026-03-30,organic
207929,2026-03-08,referral
207930,2026-03-31,referral
207931,2026-03-09,organic
207932,2026-03-15,organic
207933,2026-03-25,paid
207934,2026-04-02,referral
207935,2026-03-10,organic
207936,2026-04-23,referral
207937,2026-03-01,referral
207938,2026-04-14,referral
207939,2026-04-20,referral
207940,2026-03-03,organic
207941,2026-04-03,referral
207942,2026-03-25,referral
207943,2026-04-14,paid
207944,2026-03-30,paid
207945,2026-03-16,referral
207946,2026-03-28,referral
207947,2026-03-03,organic
207948,2026-03-23,referral
207949,2026-04-24,organic
207950,2026-04-22,referral
207951,2026-03-24,paid
207952,2026-03-27,referral
207953,2026-03-05,referral
207954,2026-04-05,referral
207955,2026-04-24,referral
207956,2026-04-17,referral
207957,2026-03-26,referral
207958,2026-04-11,paid
207959,2026-03-10,referral
207960,2026-03-05,referral
207961,2026-04-03,organic
207962,2026-03-28,organic
207963,2026-03-28,referral
207964,2026-03-05,organic
207965,2026-03-27,paid
207966,2026-03-31,referral
207967,2026-04-10,organic
207968,2026-04-09,referral
207969,2026-04-18,paid
207970,2026-03-24,organic
207971,2026-03-16,organic
207972,2026-03-06,referral
207973,2026-04-07,referral
207974,2026-03-21,referral
207975,2026-04-18,paid
207976,2026-03-13,organic
207977,2026-03-23,referral
207978,2026-04-03,organic
207979,2026-03-27,paid
207980,2026-03-14,paid
207981,2026-03-01,organic
207982,2026-04-03,referral
207983,2026-04-17,organic
207984,2026-03-19,referral
207985,2026-04-15,organic
207986,2026-03-30,organic
207987,2026-04-15,organic
207988,2026-03-31,referral
207989,2026-04-05,referral
207990,2026-04-21,organic
207991,2026-03-17,organic
207992,2026-03-09,organic
207993,2026-04-14,referral
207994,2026-04-08,paid
207995,2026-03-09,referral
207996,2026-03-25,paid
207997,2026-04-20,organic
207998,2026-04-19,organic
207999,2026-04-20,referral
208000,2026-04-15,paid
208001,2026-03-30,paid
208002,2026-04-07,paid
208003,2026-03-02,referral
208004,2026-04-16,organic
208005,2026-04-01,referral
208006,2026-03-16,organic
208007,2026-03-09,referral
208008,2026-03-06,organic
208009,2026-03-22,referral
208010,2026-03-01,organic
208011,2026-03-09,organic
208012,2026-03-15,organic
208013,2026-04-25,referral
208014,2026-03-07,organic
208015,2026-03-30,organic
208016,2026-04-19,organic
208017,2026-03-06,referral
208018,2026-04-04,organic
208019,2026-04-21,referral
208020,2026-04-21,organic
208021,2026-03-11,referral
208022,2026-04-06,referral
208023,2026-03-07,organic
208024,2026-04-07,referral
208025,2026-03-21,paid
208026,2026-03-17,paid
208027,2026-03-01,referral
208028,2026-04-03,referral
208029,2026-04-03,organic
208030,2026-03-25,organic
208031,2026-03-06,referral
208032,2026-04-19,referral
208033,2026-03-04,referral
208034,2026-04-20,organic
208035,2026-03-12,referral
208036,2026-03-29,organic
208037,2026-03-12,referral
208038,2026-04-15,paid
208039,2026-03-26,referral
208040,2026-03-01,referral
208041,2026-03-11,organic
208042,2026-03-27,paid
208043,2026-04-13,organic
208044,2026-04-14,paid
208045,2026-03-03,referral
208046,2026-04-08,referral
208047,2026-04-04,referral
208048,2026-03-01,paid
208049,2026-03-07,paid
208050,2026-03-05,referral
208051,2026-03-20,organic
208052,2026-03-09,paid
208053,2026-03-30,referral
208054,2026-03-27,referral
208055,2026-04-03,organic
208056,2026-03-10,organic
208057,2026-04-06,organic
208058,2026-03-10,referral
208059,2026-04-03,referral
208060,2026-03-23,referral
208061,2026-03-06,organic
208062,2026-04-03,referral
208063,2026-03-24,referral
208064,2026-04-13,referral
208065,2026-03-26,referral
208066,2026-03-22,paid
208067,2026-03-02,referral
208068,2026-03-21,organic
208069,2026-03-25,organic
208070,2026-03-29,organic
208071,2026-03-18,referral
208072,2026-03-03,referral
208073,2026-04-08,referral
208074,2026-03-25,referral
208075,2026-04-19,referral
208076,2026-04-10,referral
208077,2026-04-21,referral
208078,2026-04-18,referral
208079,2026-04-08,organic
208080,2026-03-03,paid
208081,2026-03-18,organic
208082,2026-03-21,referral
208083,2026-03-21,referral
208084,2026-04-01,paid
208085,2026-03-16,referral
208086,2026-04-13,organic
208087,2026-03-28,organic
208088,2026-03-02,paid
208089,2026-04-21,paid
208090,2026-04-14,organic
208091,2026-03-20,referral
208092,2026-04-15,organic
208093,2026-03-02,paid
208094,2026-04-11,referral
208095,2026-04-02,referral
208096,2026-03-12,referral
208097,2026-03-10,paid
208098,2026-03-29,referral
208099,2026-03-27,organic
208100,2026-03-06,paid
208101,2026-03-10,referral
208102,2026-03-04,referral
208103,2026-03-17,referral
208104,2026-03-12,paid
208105,2026-03-02,referral
208106,2026-04-13,organic
208107,2026-04-06,organic
208108,2026-03-28,referral
208109,2026-03-29,referral
208110,2026-03-20,paid
208111,2026-04-02,organic
208112,2026-03-27,organic
208113,2026-04-15,referral
208114,2026-03-30,organic
208115,2026-04-16,paid
208116,2026-04-23,referral
208117,2026-04-04,referral
208118,2026-04-11,referral
208119,2026-04-23,organic
208120,2026-03-27,referral
208121,2026-04-20,referral
208122,2026-03-21,referral
208123,2026-04-15,referral
208124,2026-03-11,organic
208125,2026-04-15,referral
208126,2026-04-10,organic
208127,2026-04-17,referral
208128,2026-03-04,paid
208129,2026-03-19,referral
208130,2026-03-27,referral
208131,2026-03-23,referral
208132,2026-03-07,referral
208133,2026-03-17,referral
208134,2026-03-17,referral
208135,2026-04-07,referral
208136,2026-03-05,referral
208137,2026-03-22,organic
208138,2026-03-08,referral
208139,2026-04-09,referral
208140,2026-03-18,organic
208141,2026-04-05,organic
208142,2026-04-13,referral
208143,2026-03-27,referral
208144,2026-04-10,organic
208145,2026-03-02,referral
208146,2026-04-16,organic
208147,2026-03-13,paid
208148,2026-03-28,referral
208149,2026-03-11,referral
208150,2026-03-11,referral
208151,2026-03-05,referral
208152,2026-04-22,paid
208153,2026-03-27,organic
208154,2026-03-04,paid
208155,2026-03-17,paid
208156,2026-04-25,paid
208157,2026-03-07,referral
208158,2026-03-20,organic
208159,2026-03-24,referral
208160,2026-04-18,referral
208161,2026-03-04,referral
208162,2026-04-08,referral
208163,2026-03-08,referral
208164,2026-03-08,referral
208165,2026-03-23,referral
208166,2026-04-08,paid
208167,2026-03-04,organic
208168,2026-03-13,referral
208169,2026-03-20,organic
208170,2026-03-16,organic
208171,2026-04-17,paid
208172,2026-03-16,referral
208173,2026-04-22,organic
208174,2026-03-30,referral
208175,2026-03-06,referral
208176,2026-04-22,organic
208177,2026-03-01,organic
208178,2026-04-13,organic
208179,2026-04-23,referral
208180,2026-03-03,referral
208181,2026-03-07,organic
208182,2026-03-09,referral
208183,2026-03-26,referral
208184,2026-04-13,referral
208185,2026-03-31,referral
208186,2026-03-30,referral
208187,2026-04-24,referral
208188,2026-03-01,referral
208189,2026-04-08,paid
208190,2026-04-21,organic
208191,2026-03-20,referral
208192,2026-04-13,paid
208193,2026-03-29,organic
208194,2026-03-01,referral
208195,2026-04-22,referral
208196,2026-04-20,referral
208197,2026-03-18,referral
208198,2026-04-02,referral
208199,2026-03-11,paid
208200,2026-03-28,organic
208201,2026-03-28,referral
208202,2026-04-02,organic
208203,2026-03-06,organic
208204,2026-03-31,organic
208205,2026-03-20,referral
208206,2026-04-15,paid
208207,2026-04-14,referral
208208,2026-04-21,referral
208209,2026-03-07,paid
208210,2026-03-29,paid
208211,2026-04-03,paid
208212,2026-03-14,organic
208213,2026-04-14,organic
208214,2026-04-11,referral
208215,2026-04-15,referral
208216,2026-04-01,organic
208217,2026-03-02,referral
208218,2026-03-10,referral
208219,2026-03-15,organic
208220,2026-03-23,organic
208221,2026-03-30,organic
208222,2026-03-17,organic
208223,2026-03-11,paid
208224,2026-03-07,referral
208225,2026-03-25,referral
208226,2026-03-07,organic
208227,2026-04-04,paid
208228,2026-03-19,organic
208229,2026-03-17,organic
208230,2026-03-03,referral
208231,2026-03-26,referral
208232,2026-04-16,organic
208233,2026-03-11,referral
208234,2026-04-25,paid
208235,2026-04-18,referral
208236,2026-04-16,paid
208237,2026-03-16,organic
208238,2026-03-14,organic
208239,2026-03-07,referral
208240,2026-03-18,referral
208241,2026-03-07,referral
208242,2026-04-25,referral
208243,2026-03-25,organic
208244,2026-03-04,organic
208245,2026-04-21,referral
208246,2026-04-05,paid
208247,2026-04-12,referral
208248,2026-03-17,referral
208249,2026-03-21,referral
208250,2026-04-22,referral
208251,2026-04-11,organic
208252,2026-03-11,referral
208253,2026-03-05,referral
208254,2026-03-13,organic
208255,2026-04-17,organic
208256,2026-04-20,paid
208257,2026-04-02,referral
208258,2026-04-17,organic
208259,2026-03-06,referral
208260,2026-04-19,referral
208261,2026-04-19,organic
208262,2026-04-18,referral
208263,2026-03-08,paid
208264,2026-03-01,referral
208265,2026-03-09,organic
208266,2026-03-20,referral
208267,2026-04-22,organic
208268,2026-04-06,referral
208269,2026-03-22,paid
208270,2026-03-06,referral
208271,2026-04-01,referral
208272,2026-03-25,referral
208273,2026-03-13,referral
208274,2026-04-07,paid
208275,2026-03-20,referral
208276,2026-03-01,paid
208277,2026-04-09,organic
208278,2026-03-29,organic
208279,2026-03-26,paid
208280,2026-04-16,referral
208281,2026-04-11,referral
208282,2026-04-03,paid
208283,2026-03-01,organic
208284,2026-04-23,paid
208285,2026-04-20,referral
208286,2026-03-21,referral
208287,2026-04-25,referral
208288,2026-04-17,organic
208289,2026-04-06,referral
208290,2026-04-09,referral
208291,2026-03-17,referral
208292,2026-03-30,paid
208293,2026-03-25,referral
208294,2026-03-15,referral
208295,2026-04-11,organic
208296,2026-03-28,referral
208297,2026-03-04,referral
208298,2026-03-11,organic
208299,2026-03-29,referral
208300,2026-04-05,referral
208301,2026-03-26,organic
208302,2026-03-17,referral
208303,2026-03-22,paid
208304,2026-03-24,referral
208305,2026-03-31,organic
208306,2026-03-16,referral
208307,2026-03-07,paid
208308,2026-03-14,organic
208309,2026-03-11,organic
208310,2026-03-11,referral
208311,2026-03-26,organic
208312,2026-03-15,paid
208313,2026-03-01,paid
208314,2026-04-11,referral
208315,2026-04-17,organic
208316,2026-03-17,referral
208317,2026-04-25,referral
208318,2026-04-10,paid
208319,2026-04-09,referral
208320,2026-04-12,organic
208321,2026-04-08,referral
208322,2026-03-14,organic
208323,2026-04-16,referral
208324,2026-03-11,referral
208325,2026-03-30,paid
208326,2026-03-29,referral
208327,2026-04-16,referral
208328,2026-04-10,paid
208329,2026-04-12,referral
208330,2026-04-04,organic
208331,2026-04-13,referral
208332,2026-03-21,referral
208333,2026-04-18,organic
208334,2026-03-15,organic
208335,2026-04-22,referral
208336,2026-03-27,paid
208337,2026-03-13,organic
208338,2026-04-12,paid
208339,2026-03-05,referral
208340,2026-03-01,paid
208341,2026-03-04,paid
208342,2026-04-12,referral
208343,2026-03-30,paid
208344,2026-04-02,paid
208345,2026-03-06,paid
208346,2026-04-22,referral
208347,2026-04-16,referral
208348,2026-04-24,referral
208349,2026-03-01,organic
208350,2026-04-21,paid
208351,2026-04-04,organic
208352,2026-03-17,organic
208353,2026-03-07,referral
208354,2026-03-09,referral
208355,2026-04-04,paid
208356,2026-04-01,paid
208357,2026-03-13,paid
208358,2026-04-17,referral
208359,2026-03-19,referral
208360,2026-04-04,referral
208361,2026-04-05,referral
208362,2026-03-23,organic
208363,2026-03-28,referral
208364,2026-04-25,paid
208365,2026-04-10,referral
208366,2026-03-02,referral
208367,2026-03-20,referral
208368,2026-03-30,organic
208369,2026-04-11,paid
208370,2026-04-18,referral
208371,2026-03-11,organic
208372,2026-04-06,paid
208373,2026-04-01,organic
208374,2026-03-15,referral
208375,2026-04-17,referral
208376,2026-03-15,referral
208377,2026-03-28,paid
208378,2026-03-24,organic
208379,2026-04-10,referral
208380,2026-04-13,organic
208381,2026-03-04,referral
208382,2026-04-09,referral
208383,2026-03-12,referral
208384,2026-04-05,referral
208385,2026-03-09,paid
208386,2026-04-11,referral
208387,2026-03-11,referral
208388,2026-04-10,referral
208389,2026-04-11,referral
208390,2026-03-29,paid
208391,2026-04-03,referral
208392,2026-03-26,organic
208393,2026-04-24,referral
208394,2026-04-05,referral
208395,2026-03-24,organic
208396,2026-04-04,organic
208397,2026-03-15,referral
208398,2026-03-06,referral
208399,2026-03-23,referral
208400,2026-04-07,paid
208401,2026-03-28,referral
208402,2026-03-28,organic
208403,2026-04-09,referral
208404,2026-03-25,organic
208405,2026-03-09,referral
208406,2026-03-19,referral
208407,2026-04-05,referral
208408,2026-03-02,referral
208409,2026-03-31,referral
208410,2026-03-23,referral
208411,2026-03-25,referral
208412,2026-04-05,organic
208413,2026-03-15,organic
208414,2026-04-12,referral
208415,2026-03-15,referral
208416,2026-04-07,referral
208417,2026-04-09,paid
208418,2026-03-06,organic
208419,2026-03-22,organic
208420,2026-03-08,organic
208421,2026-03-31,referral
208422,2026-04-13,organic
208423,2026-04-02,paid
208424,2026-03-05,organic
208425,2026-03-27,referral
208426,2026-03-11,paid
208427,2026-03-08,paid
208428,2026-04-06,referral
208429,2026-04-07,organic
208430,2026-03-08,referral
208431,2026-03-28,organic
208432,2026-03-09,referral
208433,2026-04-21,referral
208434,2026-03-13,referral
208435,2026-04-10,organic
208436,2026-03-17,paid
208437,2026-04-24,referral
208438,2026-04-11,referral
208439,2026-04-04,referral
208440,2026-04-05,organic
208441,2026-03-05,referral
208442,2026-03-08,paid
208443,2026-03-17,referral
208444,2026-04-10,organic
208445,2026-03-05,referral
208446,2026-04-03,referral
208447,2026-03-03,organic
208448,2026-04-20,referral
208449,2026-03-01,organic
208450,2026-03-11,referral
208451,2026-03-10,referral
208452,2026-03-07,referral
208453,2026-04-11,referral
208454,2026-03-25,organic
208455,2026-04-09,referral
208456,2026-04-14,paid
208457,2026-04-24,referral
208458,2026-03-28,paid
208459,2026-03-30,referral
208460,2026-03-23,organic
208461,2026-03-03,organic
208462,2026-04-10,referral
208463,2026-04-13,organic
208464,2026-04-11,referral
208465,2026-03-01,referral
208466,2026-03-07,paid
208467,2026-03-27,referral
208468,2026-04-10,organic
208469,2026-04-06,referral
208470,2026-03-23,organic
208471,2026-04-08,referral
208472,2026-03-31,organic
208473,2026-04-11,organic
208474,2026-04-25,organic
208475,2026-03-24,organic
208476,2026-03-22,paid
208477,2026-03-14,organic
208478,2026-03-30,paid
208479,2026-04-15,referral
208480,2026-03-12,organic
208481,2026-03-28,paid
208482,2026-03-23,referral
208483,2026-04-08,referral
208484,2026-04-02,organic
208485,2026-04-14,referral
208486,2026-03-09,referral
208487,2026-03-01,paid
208488,2026-03-11,organic
208489,2026-04-07,organic
208490,2026-03-07,referral
208491,2026-04-01,referral
208492,2026-04-20,organic
208493,2026-04-09,referral
208494,2026-03-24,organic
208495,2026-03-26,referral
208496,2026-04-20,organic
208497,2026-03-24,paid
208498,2026-03-07,referral
208499,2026-03-25,organic
208500,2026-03-24,organic
208501,2026-04-14,referral
208502,2026-03-12,referral
208503,2026-03-01,referral
208504,2026-03-01,organic
208505,2026-03-25,organic
208506,2026-04-10,referral
208507,2026-03-17,organic
208508,2026-03-22,referral
208509,2026-03-01,organic
208510,2026-03-26,referral
208511,2026-03-27,paid
208512,2026-04-04,organic
208513,2026-03-30,referral
208514,2026-03-04,organic
208515,2026-04-11,organic
208516,2026-04-07,referral
208517,2026-03-10,organic
208518,2026-03-27,organic
208519,2026-03-23,organic
208520,2026-04-17,referral
208521,2026-03-11,referral
208522,2026-03-22,referral
208523,2026-04-20,referral
208524,2026-04-16,referral
208525,2026-04-12,referral
208526,2026-03-14,referral
208527,2026-04-20,paid
208528,2026-03-05,organic
208529,2026-03-02,referral
208530,2026-04-03,organic
208531,2026-04-11,referral
208532,2026-04-15,organic
208533,2026-03-11,organic
208534,2026-03-10,paid
208535,2026-04-22,paid
208536,2026-03-14,organic
208537,2026-04-09,referral
208538,2026-03-05,referral
208539,2026-04-21,organic
208540,2026-03-27,organic
208541,2026-04-13,organic
208542,2026-04-02,referral
208543,2026-04-15,referral
208544,2026-03-18,paid
208545,2026-04-04,referral
208546,2026-04-08,paid
208547,2026-03-26,referral
208548,2026-04-18,organic
208549,2026-03-18,referral
208550,2026-04-07,organic
208551,2026-04-07,referral
208552,2026-04-08,referral
208553,2026-04-10,referral
208554,2026-03-07,paid
208555,2026-04-01,referral
208556,2026-04-02,referral
208557,2026-04-07,organic
208558,2026-03-12,organic
208559,2026-04-06,referral
208560,2026-03-22,referral
208561,2026-03-29,referral
208562,2026-03-02,referral
208563,2026-04-14,referral
208564,2026-04-09,referral
208565,2026-03-29,referral
208566,2026-04-02,referral
208567,2026-04-18,referral
208568,2026-03-14,referral
208569,2026-03-14,referral
208570,2026-03-28,referral
208571,2026-03-05,organic
208572,2026-04-25,organic
208573,2026-04-01,referral
208574,2026-03-05,organic
208575,2026-03-21,organic
208576,2026-04-24,organic
208577,2026-03-02,organic
208578,2026-04-11,organic
208579,2026-03-02,paid
208580,2026-03-21,paid
208581,2026-03-27,referral
208582,2026-04-10,organic
208583,2026-04-01,organic
208584,2026-03-06,organic
208585,2026-03-07,referral
208586,2026-03-12,paid
208587,2026-03-26,paid
208588,2026-03-24,paid
208589,2026-03-02,organic
208590,2026-03-02,referral
208591,2026-04-13,referral
208592,2026-03-22,paid
208593,2026-03-15,referral
208594,2026-03-05,organic
208595,2026-03-27,organic
208596,2026-04-05,referral
208597,2026-03-12,referral
208598,2026-04-19,referral
208599,2026-04-04,referral
208600,2026-04-12,referral
208601,2026-03-27,referral
208602,2026-03-16,paid
208603,2026-04-20,organic
208604,2026-03-19,referral
208605,2026-03-02,referral
208606,2026-03-17,referral
208607,2026-04-14,referral
208608,2026-03-04,referral
208609,2026-03-09,organic
208610,2026-03-20,referral
208611,2026-04-21,referral
208612,2026-03-13,referral
208613,2026-03-20,organic
208614,2026-04-05,organic
208615,2026-04-20,paid
208616,2026-03-20,organic
208617,2026-03-30,referral
208618,2026-03-13,organic
208619,2026-03-10,organic
208620,2026-03-08,referral
208621,2026-04-07,organic
208622,2026-03-25,organic
208623,2026-03-25,referral
208624,2026-03-26,referral
208625,2026-04-17,organic
208626,2026-03-09,referral
208627,2026-03-31,organic
208628,2026-03-18,referral
208629,2026-03-10,organic
208630,2026-03-26,referral
208631,2026-03-27,paid
208632,2026-03-22,paid
208633,2026-03-13,organic
208634,2026-04-21,referral
208635,2026-03-07,referral
208636,2026-03-01,organic
208637,2026-03-19,referral
208638,2026-04-02,referral
208639,2026-04-04,referral
208640,2026-04-15,referral
208641,2026-04-12,organic
208642,2026-03-11,referral
208643,2026-03-01,organic
208644,2026-03-24,referral
208645,2026-04-23,paid
208646,2026-04-06,referral
208647,2026-04-15,referral
208648,2026-04-23,organic
208649,2026-04-06,referral
208650,2026-03-26,organic
208651,2026-03-23,referral
208652,2026-04-15,referral
208653,2026-03-10,organic
208654,2026-04-13,paid
208655,2026-04-17,referral
208656,2026-03-20,paid
208657,2026-03-11,organic
208658,2026-04-08,referral
208659,2026-03-18,referral
208660,2026-04-14,referral
208661,2026-03-27,referral
208662,2026-03-17,referral
208663,2026-04-24,paid
208664,2026-04-02,referral
208665,2026-03-03,referral
208666,2026-03-10,organic
208667,2026-03-11,organic
208668,2026-04-07,referral
208669,2026-03-27,organic
208670,2026-03-05,referral
208671,2026-04-08,paid
208672,2026-04-12,referral
208673,2026-04-05,paid
208674,2026-04-16,organic
208675,2026-04-06,referral
208676,2026-03-22,referral
208677,2026-04-01,paid
208678,2026-04-11,paid
208679,2026-04-11,referral
208680,2026-03-14,referral
208681,2026-03-02,organic
208682,2026-04-03,organic
208683,2026-03-21,organic
208684,2026-03-08,organic
208685,2026-03-17,organic
208686,2026-03-05,referral
208687,2026-04-15,referral
208688,2026-03-23,referral
208689,2026-03-25,referral
208690,2026-04-05,referral
208691,2026-04-14,organic
208692,2026-04-14,referral
208693,2026-03-28,referral
208694,2026-03-23,paid
208695,2026-04-04,paid
208696,2026-03-15,organic
208697,2026-04-06,paid
208698,2026-03-13,referral
208699,2026-03-21,referral
208700,2026-03-28,organic
208701,2026-03-05,organic
208702,2026-04-25,referral
208703,2026-03-15,referral
208704,2026-04-17,referral
208705,2026-03-06,paid
208706,2026-04-10,paid
208707,2026-04-19,referral
208708,2026-03-18,organic
208709,2026-04-19,paid
208710,2026-04-23,referral
208711,2026-03-05,referral
208712,2026-03-05,paid
208713,2026-04-14,organic
208714,2026-03-31,referral
208715,2026-04-24,organic
208716,2026-04-01,referral
208717,2026-03-22,paid
208718,2026-03-25,paid
208719,2026-03-07,referral
208720,2026-03-11,organic
208721,2026-03-22,paid
208722,2026-03-26,organic
208723,2026-04-04,organic
208724,2026-03-08,paid
208725,2026-03-31,referral
208726,2026-03-13,organic
208727,2026-04-17,referral
208728,2026-03-12,organic
208729,2026-03-10,referral
208730,2026-04-10,organic
208731,2026-04-07,organic
208732,2026-04-12,paid
208733,2026-03-18,referral
208734,2026-04-23,organic
208735,2026-03-31,paid
208736,2026-04-05,referral
208737,2026-03-23,referral
208738,2026-03-29,referral
208739,2026-03-04,referral
208740,2026-03-21,referral
208741,2026-04-23,referral
208742,2026-03-10,referral
208743,2026-04-14,organic
208744,2026-03-06,referral
208745,2026-04-12,paid
208746,2026-04-05,referral
208747,2026-04-07,referral
208748,2026-03-17,referral
208749,2026-03-29,referral
208750,2026-03-07,referral
208751,2026-03-23,paid
208752,2026-04-13,organic
208753,2026-03-10,referral
208754,2026-03-24,referral
208755,2026-04-22,organic
208756,2026-03-11,referral
208757,2026-03-29,referral
208758,2026-03-26,organic
208759,2026-04-22,paid
208760,2026-03-30,organic
208761,2026-03-29,organic
208762,2026-03-01,organic
208763,2026-03-05,organic
208764,2026-03-10,organic
208765,2026-03-28,organic
208766,2026-03-23,organic
208767,2026-03-06,organic
208768,2026-04-06,referral
208769,2026-04-25,organic
208770,2026-03-18,paid
208771,2026-03-28,organic
208772,2026-03-14,referral
208773,2026-03-27,referral
208774,2026-04-02,referral
208775,2026-04-21,organic
208776,2026-04-19,organic
208777,2026-04-03,paid
208778,2026-04-14,organic
208779,2026-03-10,organic
208780,2026-03-04,paid
208781,2026-03-07,organic
208782,2026-04-15,referral
208783,2026-04-14,paid
208784,2026-03-10,referral
208785,2026-03-13,paid
208786,2026-03-25,referral
208787,2026-03-14,referral
208788,2026-04-02,paid
208789,2026-04-12,organic
208790,2026-04-13,referral
208791,2026-04-24,organic
208792,2026-03-13,referral
208793,2026-04-17,referral
208794,2026-04-12,referral
208795,2026-03-09,referral
208796,2026-04-02,referral
208797,2026-03-12,organic
208798,2026-03-11,organic
208799,2026-03-27,paid
208800,2026-03-22,referral
208801,2026-03-05,organic
208802,2026-03-19,referral
208803,2026-04-04,organic
208804,2026-04-06,organic
208805,2026-04-22,organic
208806,2026-04-01,referral
208807,2026-03-19,referral
208808,2026-04-25,referral
208809,2026-03-04,paid
208810,2026-04-07,referral
208811,2026-03-29,paid
208812,2026-03-05,paid
208813,2026-04-18,referral
208814,2026-03-15,referral
208815,2026-03-21,referral
208816,2026-04-02,referral
208817,2026-04-04,referral
208818,2026-04-18,paid
208819,2026-03-09,paid
208820,2026-03-19,paid
208821,2026-04-01,organic
208822,2026-04-20,organic
208823,2026-04-16,referral
208824,2026-03-04,referral
208825,2026-03-12,organic
208826,2026-03-01,referral
208827,2026-04-17,organic
208828,2026-04-19,organic
208829,2026-04-13,referral
208830,2026-04-25,referral
208831,2026-03-06,referral
208832,2026-03-17,organic
208833,2026-04-23,referral
208834,2026-03-02,organic
208835,2026-04-25,organic
208836,2026-03-01,paid
208837,2026-04-25,referral
208838,2026-04-02,organic
208839,2026-04-23,referral
208840,2026-04-11,organic
208841,2026-03-05,referral
208842,2026-03-14,organic
208843,2026-03-27,referral
208844,2026-03-04,organic
208845,2026-04-25,organic
208846,2026-04-19,referral
208847,2026-04-04,referral
208848,2026-03-03,paid
208849,2026-04-23,referral
208850,2026-04-24,referral
208851,2026-03-31,referral
208852,2026-03-22,referral
208853,2026-03-31,referral
208854,2026-04-20,organic
208855,2026-03-28,organic
208856,2026-04-05,referral
208857,2026-04-25,organic
208858,2026-03-04,referral
208859,2026-03-01,organic
208860,2026-03-31,referral
208861,2026-04-03,referral
208862,2026-03-21,organic
208863,2026-03-14,paid
208864,2026-03-25,organic
208865,2026-04-06,referral
208866,2026-03-19,referral
208867,2026-03-28,referral
208868,2026-03-30,organic
208869,2026-03-07,referral
208870,2026-04-17,referral
208871,2026-04-16,referral
208872,2026-03-26,organic
208873,2026-03-06,organic
208874,2026-03-29,organic
208875,2026-03-15,referral
208876,2026-03-11,paid
208877,2026-04-06,referral
208878,2026-03-22,referral
208879,2026-03-23,organic
208880,2026-03-24,referral
208881,2026-04-18,referral
208882,2026-03-09,paid
208883,2026-03-03,paid
208884,2026-04-18,paid
208885,2026-04-18,referral
208886,2026-03-20,organic
208887,2026-03-04,referral
208888,2026-03-09,organic
208889,2026-03-14,referral
208890,2026-04-07,paid
208891,2026-03-19,paid
208892,2026-04-08,organic
208893,2026-04-06,paid
208894,2026-03-03,organic
208895,2026-03-30,organic
208896,2026-03-30,paid
208897,2026-03-25,paid
208898,2026-03-07,organic
208899,2026-04-19,referral
208900,2026-03-01,paid
208901,2026-03-12,paid
208902,2026-03-02,organic
208903,2026-03-22,paid
208904,2026-04-06,organic
208905,2026-04-07,referral
208906,2026-04-02,referral
208907,2026-03-13,referral
208908,2026-03-19,organic
208909,2026-03-24,referral
208910,2026-03-08,organic
208911,2026-04-16,paid
208912,2026-03-24,organic
208913,2026-03-31,referral
208914,2026-04-14,organic
208915,2026-04-11,organic
208916,2026-03-23,referral
208917,2026-03-13,organic
208918,2026-04-12,referral
208919,2026-04-25,paid
208920,2026-04-09,organic
208921,2026-03-29,referral
208922,2026-03-24,paid
208923,2026-03-28,organic
208924,2026-03-05,organic
208925,2026-04-12,paid
208926,2026-04-03,organic
208927,2026-04-15,referral
208928,2026-03-17,referral
208929,2026-04-02,organic
208930,2026-04-10,paid
208931,2026-03-27,paid
208932,2026-04-15,referral
208933,2026-04-07,paid
208934,2026-04-21,referral
208935,2026-03-10,referral
208936,2026-04-20,referral
208937,2026-04-07,referral
208938,2026-03-02,organic
208939,2026-03-13,referral
208940,2026-04-15,referral
208941,2026-04-15,referral
208942,2026-03-22,referral
208943,2026-04-10,paid
208944,2026-03-20,referral
208945,2026-03-12,referral
208946,2026-04-01,paid
208947,2026-04-24,organic
208948,2026-04-05,organic
208949,2026-04-11,referral
208950,2026-03-14,paid
208951,2026-03-26,referral
208952,2026-04-08,referral
208953,2026-03-05,organic
208954,2026-03-12,paid
208955,2026-04-10,referral
208956,2026-04-24,organic
208957,2026-04-08,referral
208958,2026-04-14,organic
208959,2026-04-09,referral
208960,2026-03-15,referral
208961,2026-03-11,referral
208962,2026-04-03,referral
208963,2026-04-11,organic
208964,2026-03-27,organic
208965,2026-03-27,paid
208966,2026-04-08,organic
208967,2026-03-29,referral
208968,2026-04-01,organic
208969,2026-03-03,paid
208970,2026-03-01,paid
208971,2026-04-01,organic
208972,2026-04-16,referral
208973,2026-03-26,referral
208974,2026-03-15,referral
208975,2026-03-06,organic
208976,2026-03-31,referral
208977,2026-03-22,organic
208978,2026-04-03,referral
208979,2026-03-30,referral
208980,2026-04-05,referral
208981,2026-03-07,referral
208982,2026-03-03,referral
208983,2026-03-16,referral
208984,2026-03-18,referral
208985,2026-03-28,referral
208986,2026-03-21,referral
208987,2026-03-07,organic
208988,2026-04-11,paid
208989,2026-04-16,paid
208990,2026-03-14,organic
208991,2026-04-12,organic
208992,2026-03-15,organic
208993,2026-04-16,referral
208994,2026-03-09,organic
208995,2026-03-13,referral
208996,2026-03-20,referral
208997,2026-04-02,referral
208998,2026-04-07,paid
208999,2026-04-01,referral
